device_id,ts,mode,temperature,humidity,co_ppm,no2_ppm
dc:b4:d9:13:ed:8c,2026-05-25 11:35:48+00,on,31.76394271850586,71.3038864135742,,
dc:b4:d9:13:ed:8c,2026-05-25 11:35:53+00,on,31.790645599365234,71.27794647216797,,
dc:b4:d9:13:ed:8c,2026-05-25 11:35:58+00,on,31.777294158935547,71.30541229248047,,
dc:b4:d9:13:ed:8c,2026-05-25 11:36:03+00,on,31.790645599365234,71.28710174560547,,
dc:b4:d9:13:ed:8c,2026-05-25 11:36:08+00,on,31.803997039794922,71.19554138183594,,
dc:b4:d9:13:ed:8c,2026-05-25 11:36:13+00,on,31.803997039794922,71.26879119873047,,
dc:b4:d9:13:ed:8c,2026-05-25 11:36:18+00,on,31.82002067565918,71.3557662963867,,
dc:b4:d9:13:ed:8c,2026-05-25 11:36:23+00,on,31.82002067565918,71.34508514404297,,
dc:b4:d9:13:ed:8c,2026-05-25 11:36:28+00,on,31.833372116088867,71.4137496948242,,
dc:b4:d9:13:ed:8c,2026-05-25 11:36:33+00,on,31.860074996948242,71.3862838745117,,
dc:b4:d9:13:ed:8c,2026-05-25 11:36:38+00,on,31.860074996948242,71.5022506713867,,
dc:b4:d9:13:ed:8c,2026-05-25 11:36:43+00,on,31.889448165893555,71.6151657104492,,
dc:b4:d9:13:ed:8c,2026-05-25 11:36:48+00,on,31.889448165893555,71.64720916748047,,
dc:b4:d9:13:ed:8c,2026-05-25 11:36:53+00,on,31.902799606323242,71.6578903198242,,
dc:b4:d9:13:ed:8c,2026-05-25 11:36:58+00,on,31.889448165893555,71.69908905029297,,
dc:b4:d9:13:ed:8c,2026-05-25 11:37:04+00,on,31.876096725463867,71.67467498779297,,
dc:b4:d9:13:ed:8c,2026-05-25 11:37:09+00,on,31.902799606323242,71.775390625,,
dc:b4:d9:13:ed:8c,2026-05-25 11:37:14+00,on,31.846723556518555,71.81658935546875,,
dc:b4:d9:13:ed:8c,2026-05-25 11:37:19+00,on,31.876096725463867,71.6853561401367,,
dc:b4:d9:13:ed:8c,2026-05-25 11:37:24+00,on,31.902799606323242,71.61669158935547,,
dc:b4:d9:13:ed:8c,2026-05-25 11:37:29+00,on,31.91615104675293,71.5053024291992,,
dc:b4:d9:13:ed:8c,2026-05-25 11:37:34+00,on,31.91615104675293,71.4930953979492,,
dc:b4:d9:13:ed:8c,2026-05-25 11:37:39+00,on,31.91615104675293,71.45189666748047,,
dc:b4:d9:13:ed:8c,2026-05-25 11:37:44+00,on,31.902799606323242,71.42748260498047,,
dc:b4:d9:13:ed:8c,2026-05-25 11:37:49+00,on,31.889448165893555,71.6884078979492,,
dc:b4:d9:13:ed:8c,2026-05-25 11:37:54+00,on,31.889448165893555,71.64720916748047,,
dc:b4:d9:13:ed:8c,2026-05-25 11:37:59+00,on,31.860074996948242,71.53429412841797,,
dc:b4:d9:13:ed:8c,2026-05-25 11:38:04+00,on,31.889448165893555,71.6243209838867,,
dc:b4:d9:13:ed:8c,2026-05-25 11:38:09+00,on,31.902799606323242,71.56481170654297,,
dc:b4:d9:13:ed:8c,2026-05-25 11:38:14+00,on,31.860074996948242,71.5114059448242,,
dc:b4:d9:13:ed:8c,2026-05-25 11:38:19+00,on,31.902799606323242,71.5327682495117,,
dc:b4:d9:13:ed:8c,2026-05-25 11:38:24+00,on,31.902799606323242,71.5327682495117,,
dc:b4:d9:13:ed:8c,2026-05-25 11:38:30+00,on,31.91615104675293,71.4930953979492,,
dc:b4:d9:13:ed:8c,2026-05-25 11:38:35+00,on,31.945526123046875,71.4778366088867,,
dc:b4:d9:13:ed:8c,2026-05-25 11:38:40+00,on,31.958877563476562,71.39696502685547,,
dc:b4:d9:13:ed:8c,2026-05-25 11:38:45+00,on,31.945526123046875,71.4686813354492,,
dc:b4:d9:13:ed:8c,2026-05-25 11:38:50+00,on,31.945526123046875,71.4778366088867,,
dc:b4:d9:13:ed:8c,2026-05-25 11:38:55+00,on,32.00160217285156,71.4290084838867,,
dc:b4:d9:13:ed:8c,2026-05-25 11:39:00+00,on,31.988250732421875,71.37255096435547,,
dc:b4:d9:13:ed:8c,2026-05-25 11:39:05+00,on,32.00160217285156,71.33287811279297,,
dc:b4:d9:13:ed:8c,2026-05-25 11:39:10+00,on,31.988250732421875,71.3191452026367,,
dc:b4:d9:13:ed:8c,2026-05-25 11:39:15+00,on,32.01762390136719,71.2733688354492,,
dc:b4:d9:13:ed:8c,2026-05-25 11:39:20+00,on,31.988250732421875,71.2458953857422,,
dc:b4:d9:13:ed:8c,2026-05-25 11:39:25+00,on,32.01762390136719,71.2825241088867,,
dc:b4:d9:13:ed:8c,2026-05-25 11:39:30+00,on,32.0469970703125,71.29015350341797,,
dc:b4:d9:13:ed:8c,2026-05-25 11:39:35+00,on,32.0469970703125,71.26879119873047,,
dc:b4:d9:13:ed:8c,2026-05-25 11:39:40+00,on,32.0469970703125,71.26879119873047,,
dc:b4:d9:13:ed:8c,2026-05-25 11:39:45+00,on,32.030975341796875,71.24436950683594,,
dc:b4:d9:13:ed:8c,2026-05-25 11:39:50+00,on,32.0469970703125,71.29015350341797,,
dc:b4:d9:13:ed:8c,2026-05-25 11:39:56+00,on,32.06034851074219,71.25963592529297,,
dc:b4:d9:13:ed:8c,2026-05-25 11:40:01+00,on,32.06034851074219,71.2306365966797,,
dc:b4:d9:13:ed:8c,2026-05-25 11:40:06+00,on,32.06034851074219,71.2184295654297,,
dc:b4:d9:13:ed:8c,2026-05-25 11:40:11+00,on,32.0469970703125,71.21385192871094,,
dc:b4:d9:13:ed:8c,2026-05-25 11:40:16+00,on,32.06034851074219,71.2397918701172,,
dc:b4:d9:13:ed:8c,2026-05-25 11:40:21+00,on,32.06034851074219,71.2825241088867,,
dc:b4:d9:13:ed:8c,2026-05-25 11:40:26+00,on,32.073699951171875,71.2855758666992,,
dc:b4:d9:13:ed:8c,2026-05-25 11:40:31+00,on,32.08705139160156,71.3191452026367,,
dc:b4:d9:13:ed:8c,2026-05-25 11:40:36+00,on,32.08705139160156,71.3283004760742,,
dc:b4:d9:13:ed:8c,2026-05-25 11:40:41+00,on,32.073699951171875,71.2733688354492,,
dc:b4:d9:13:ed:8c,2026-05-25 11:40:46+00,on,32.10307312011719,71.28099822998047,,
dc:b4:d9:13:ed:8c,2026-05-25 11:40:51+00,on,32.10307312011719,71.2397918701172,,
dc:b4:d9:13:ed:8c,2026-05-25 11:40:56+00,on,32.10307312011719,71.25963592529297,,
dc:b4:d9:13:ed:8c,2026-05-25 11:41:01+00,on,32.116424560546875,71.26268768310547,,
dc:b4:d9:13:ed:8c,2026-05-25 11:41:06+00,on,32.116424560546875,71.2306365966797,,
dc:b4:d9:13:ed:8c,2026-05-25 11:41:11+00,on,32.116424560546875,71.30541229248047,,
dc:b4:d9:13:ed:8c,2026-05-25 11:41:17+00,on,32.10307312011719,71.3008346557617,,
dc:b4:d9:13:ed:8c,2026-05-25 11:41:22+00,on,32.116424560546875,71.24131774902344,,
dc:b4:d9:13:ed:8c,2026-05-25 11:41:27+00,on,32.10307312011719,71.28099822998047,,
dc:b4:d9:13:ed:8c,2026-05-25 11:41:32+00,on,32.12977981567383,71.29625701904297,,
dc:b4:d9:13:ed:8c,2026-05-25 11:41:37+00,on,32.10307312011719,71.3008346557617,,
dc:b4:d9:13:ed:8c,2026-05-25 11:41:42+00,on,32.116424560546875,71.3679733276367,,
dc:b4:d9:13:ed:8c,2026-05-25 11:41:47+00,on,32.08705139160156,71.35118865966797,,
dc:b4:d9:13:ed:8c,2026-05-25 11:41:52+00,on,32.08705139160156,71.3832321166992,,
dc:b4:d9:13:ed:8c,2026-05-25 11:41:57+00,on,32.10307312011719,71.3740768432617,,
dc:b4:d9:13:ed:8c,2026-05-25 11:42:02+00,on,32.10307312011719,71.3740768432617,,
dc:b4:d9:13:ed:8c,2026-05-25 11:42:07+00,on,32.10307312011719,71.3649215698242,,
dc:b4:d9:13:ed:8c,2026-05-25 11:42:12+00,on,32.12977981567383,71.4015426635742,,
dc:b4:d9:13:ed:8c,2026-05-25 11:42:17+00,on,32.116424560546875,71.3679733276367,,
dc:b4:d9:13:ed:8c,2026-05-25 11:42:22+00,on,32.10307312011719,71.3862838745117,,
dc:b4:d9:13:ed:8c,2026-05-25 11:42:27+00,on,32.116424560546875,71.32372283935547,,
dc:b4:d9:13:ed:8c,2026-05-25 11:42:32+00,on,32.116424560546875,71.33592987060547,,
dc:b4:d9:13:ed:8c,2026-05-25 11:42:37+00,on,32.15915298461914,71.28099822998047,,
dc:b4:d9:13:ed:8c,2026-05-25 11:42:43+00,on,32.15915298461914,71.2184295654297,,
dc:b4:d9:13:ed:8c,2026-05-25 11:42:48+00,on,32.12977981567383,71.21385192871094,,
dc:b4:d9:13:ed:8c,2026-05-25 11:42:53+00,on,32.143131256103516,71.1634979248047,,
dc:b4:d9:13:ed:8c,2026-05-25 11:42:58+00,on,32.15915298461914,71.1665496826172,,
dc:b4:d9:13:ed:8c,2026-05-25 11:43:03+00,on,32.15915298461914,71.0719451904297,,
dc:b4:d9:13:ed:8c,2026-05-25 11:43:08+00,on,32.17250442504883,71.0841522216797,,
dc:b4:d9:13:ed:8c,2026-05-25 11:43:13+00,on,32.17250442504883,71.0841522216797,,
dc:b4:d9:13:ed:8c,2026-05-25 11:43:18+00,on,32.15915298461914,70.96665954589844,,
dc:b4:d9:13:ed:8c,2026-05-25 11:43:23+00,on,32.15915298461914,70.83848571777344,,
dc:b4:d9:13:ed:8c,2026-05-25 11:43:28+00,on,32.17250442504883,70.83238220214844,,
dc:b4:d9:13:ed:8c,2026-05-25 11:43:33+00,on,32.1992073059082,70.8918914794922,,
dc:b4:d9:13:ed:8c,2026-05-25 11:43:38+00,on,32.21522903442383,70.9346160888672,,
dc:b4:d9:13:ed:8c,2026-05-25 11:43:43+00,on,32.17250442504883,70.8735809326172,,
dc:b4:d9:13:ed:8c,2026-05-25 11:43:48+00,on,32.1992073059082,70.92088317871094,,
dc:b4:d9:13:ed:8c,2026-05-25 11:43:53+00,on,32.21522903442383,70.9254608154297,,
dc:b4:d9:13:ed:8c,2026-05-25 11:43:58+00,on,32.17250442504883,70.90562438964844,,
dc:b4:d9:13:ed:8c,2026-05-25 11:44:03+00,on,32.185855865478516,70.86595153808594,,
dc:b4:d9:13:ed:8c,2026-05-25 11:44:09+00,on,32.1992073059082,70.86900329589844,,
dc:b4:d9:13:ed:8c,2026-05-25 11:44:14+00,on,32.21522903442383,70.85069274902344,,
dc:b4:d9:13:ed:8c,2026-05-25 11:44:19+00,on,32.21522903442383,70.8003387451172,,
dc:b4:d9:13:ed:8c,2026-05-25 11:44:24+00,on,32.228580474853516,70.6736831665039,,
dc:b4:d9:13:ed:8c,2026-05-25 11:44:29+00,on,32.21522903442383,70.5760269165039,,
dc:b4:d9:13:ed:8c,2026-05-25 11:44:34+00,on,32.21522903442383,70.65079498291016,,
dc:b4:d9:13:ed:8c,2026-05-25 11:44:39+00,on,32.228580474853516,70.6736831665039,,
dc:b4:d9:13:ed:8c,2026-05-25 11:44:44+00,on,32.1992073059082,70.7316665649414,,
dc:b4:d9:13:ed:8c,2026-05-25 11:44:49+00,on,32.2419319152832,70.7728729248047,,
dc:b4:d9:13:ed:8c,2026-05-25 11:44:54+00,on,32.2419319152832,70.80491638183594,,
dc:b4:d9:13:ed:8c,2026-05-25 11:44:59+00,on,32.271305084228516,70.7881317138672,,
dc:b4:d9:13:ed:8c,2026-05-25 11:45:04+00,on,32.2552833557129,70.7225112915039,,
dc:b4:d9:13:ed:8c,2026-05-25 11:45:09+00,on,32.2552833557129,70.7103042602539,,
dc:b4:d9:13:ed:8c,2026-05-25 11:45:14+00,on,32.2846565246582,70.6675796508789,,
dc:b4:d9:13:ed:8c,2026-05-25 11:45:19+00,on,32.2846565246582,70.69657135009766,,
dc:b4:d9:13:ed:8c,2026-05-25 11:45:24+00,on,32.2419319152832,70.6767349243164,,
dc:b4:d9:13:ed:8c,2026-05-25 11:45:30+00,on,32.271305084228516,70.66300201416016,,
dc:b4:d9:13:ed:8c,2026-05-25 11:45:35+00,on,32.2980079650879,70.61722564697266,,
dc:b4:d9:13:ed:8c,2026-05-25 11:45:40+00,on,32.2846565246582,70.5394058227539,,
dc:b4:d9:13:ed:8c,2026-05-25 11:45:45+00,on,32.2846565246582,70.57144927978516,,
dc:b4:d9:13:ed:8c,2026-05-25 11:45:50+00,on,32.2552833557129,70.5729751586914,,
dc:b4:d9:13:ed:8c,2026-05-25 11:45:55+00,on,32.2846565246582,70.6034927368164,,
dc:b4:d9:13:ed:8c,2026-05-25 11:46:00+00,on,32.271305084228516,70.4936294555664,,
dc:b4:d9:13:ed:8c,2026-05-25 11:46:05+00,on,32.271305084228516,70.4936294555664,,
dc:b4:d9:13:ed:8c,2026-05-25 11:46:10+00,on,32.2552833557129,70.5851821899414,,
dc:b4:d9:13:ed:8c,2026-05-25 11:46:15+00,on,32.271305084228516,70.58975982666016,,
dc:b4:d9:13:ed:8c,2026-05-25 11:46:20+00,on,32.2419319152832,70.6126480102539,,
dc:b4:d9:13:ed:8c,2026-05-25 11:46:25+00,on,32.271305084228516,70.65079498291016,,
dc:b4:d9:13:ed:8c,2026-05-25 11:46:30+00,on,32.2846565246582,70.6675796508789,,
dc:b4:d9:13:ed:8c,2026-05-25 11:46:35+00,on,32.2980079650879,70.6462173461914,,
dc:b4:d9:13:ed:8c,2026-05-25 11:46:40+00,on,32.2980079650879,70.62638092041016,,
dc:b4:d9:13:ed:8c,2026-05-25 11:46:45+00,on,32.31135940551758,70.6919937133789,,
dc:b4:d9:13:ed:8c,2026-05-25 11:46:50+00,on,32.31135940551758,70.7042007446289,,
dc:b4:d9:13:ed:8c,2026-05-25 11:46:56+00,on,32.31135940551758,70.7225112915039,,
dc:b4:d9:13:ed:8c,2026-05-25 11:47:01+00,on,32.2980079650879,70.69046783447266,,
dc:b4:d9:13:ed:8c,2026-05-25 11:47:06+00,on,32.31135940551758,70.6401138305664,,
dc:b4:d9:13:ed:8c,2026-05-25 11:47:11+00,on,32.31135940551758,70.7133560180664,,
dc:b4:d9:13:ed:8c,2026-05-25 11:47:16+00,on,32.324710845947266,70.71793365478516,,
dc:b4:d9:13:ed:8c,2026-05-25 11:47:21+00,on,32.324710845947266,70.6736831665039,,
dc:b4:d9:13:ed:8c,2026-05-25 11:47:26+00,on,32.3407325744629,70.7728729248047,,
dc:b4:d9:13:ed:8c,2026-05-25 11:47:31+00,on,32.3407325744629,70.7286148071289,,
dc:b4:d9:13:ed:8c,2026-05-25 11:47:36+00,on,32.324710845947266,70.65384674072266,,
dc:b4:d9:13:ed:8c,2026-05-25 11:47:41+00,on,32.35408401489258,70.6492691040039,,
dc:b4:d9:13:ed:8c,2026-05-25 11:47:46+00,on,32.3407325744629,70.63553619384766,,
dc:b4:d9:13:ed:8c,2026-05-25 11:47:51+00,on,32.35408401489258,70.6584243774414,,
dc:b4:d9:13:ed:8c,2026-05-25 11:47:56+00,on,32.31135940551758,70.6279067993164,,
dc:b4:d9:13:ed:8c,2026-05-25 11:48:01+00,on,32.367435455322266,70.6401138305664,,
dc:b4:d9:13:ed:8c,2026-05-25 11:48:06+00,on,32.324710845947266,70.6004409790039,,
dc:b4:d9:13:ed:8c,2026-05-25 11:48:11+00,on,32.35408401489258,70.6370620727539,,
dc:b4:d9:13:ed:8c,2026-05-25 11:48:16+00,on,32.367435455322266,70.66300201416016,,
dc:b4:d9:13:ed:8c,2026-05-25 11:48:22+00,on,32.3407325744629,70.63553619384766,,
dc:b4:d9:13:ed:8c,2026-05-25 11:48:27+00,on,32.35408401489258,70.6492691040039,,
dc:b4:d9:13:ed:8c,2026-05-25 11:48:32+00,on,32.35408401489258,70.69046783447266,,
dc:b4:d9:13:ed:8c,2026-05-25 11:48:37+00,on,32.35408401489258,70.7011489868164,,
dc:b4:d9:13:ed:8c,2026-05-25 11:48:42+00,on,32.35408401489258,70.7011489868164,,
dc:b4:d9:13:ed:8c,2026-05-25 11:48:47+00,on,32.367435455322266,70.71488189697266,,
dc:b4:d9:13:ed:8c,2026-05-25 11:48:52+00,on,32.367435455322266,70.6919937133789,,
dc:b4:d9:13:ed:8c,2026-05-25 11:48:57+00,on,32.3407325744629,70.70877838134766,,
dc:b4:d9:13:ed:8c,2026-05-25 11:49:02+00,on,32.3407325744629,70.7286148071289,,
dc:b4:d9:13:ed:8c,2026-05-25 11:49:07+00,on,32.324710845947266,70.75914001464844,,
dc:b4:d9:13:ed:8c,2026-05-25 11:49:12+00,on,32.324710845947266,70.71793365478516,,
dc:b4:d9:13:ed:8c,2026-05-25 11:49:17+00,on,32.3407325744629,70.7286148071289,,
dc:b4:d9:13:ed:8c,2026-05-25 11:49:22+00,on,32.3407325744629,70.67826080322266,,
dc:b4:d9:13:ed:8c,2026-05-25 11:49:27+00,on,32.35408401489258,70.7225112915039,,
dc:b4:d9:13:ed:8c,2026-05-25 11:49:32+00,on,32.367435455322266,70.6919937133789,,
dc:b4:d9:13:ed:8c,2026-05-25 11:49:37+00,on,32.396812438964844,70.69962310791016,,
dc:b4:d9:13:ed:8c,2026-05-25 11:49:42+00,on,32.38079071044922,70.6767349243164,,
dc:b4:d9:13:ed:8c,2026-05-25 11:49:48+00,on,32.367435455322266,70.6187515258789,,
dc:b4:d9:13:ed:8c,2026-05-25 11:49:53+00,on,32.35408401489258,70.6370620727539,,
dc:b4:d9:13:ed:8c,2026-05-25 11:49:58+00,on,32.3407325744629,70.5912857055664,,
dc:b4:d9:13:ed:8c,2026-05-25 11:50:03+00,on,32.367435455322266,70.6401138305664,,
dc:b4:d9:13:ed:8c,2026-05-25 11:50:08+00,on,32.3407325744629,70.64469146728516,,
dc:b4:d9:13:ed:8c,2026-05-25 11:50:13+00,on,32.35408401489258,70.61722564697266,,
dc:b4:d9:13:ed:8c,2026-05-25 11:50:18+00,on,32.324710845947266,70.64163970947266,,
dc:b4:d9:13:ed:8c,2026-05-25 11:50:23+00,on,32.35408401489258,70.66910552978516,,
dc:b4:d9:13:ed:8c,2026-05-25 11:50:28+00,on,32.38079071044922,70.70572662353516,,
dc:b4:d9:13:ed:8c,2026-05-25 11:50:33+00,on,32.396812438964844,70.6370620727539,,
dc:b4:d9:13:ed:8c,2026-05-25 11:50:38+00,on,32.367435455322266,70.6401138305664,,
dc:b4:d9:13:ed:8c,2026-05-25 11:50:43+00,on,32.38079071044922,70.6767349243164,,
dc:b4:d9:13:ed:8c,2026-05-25 11:50:48+00,on,32.35408401489258,70.6492691040039,,
dc:b4:d9:13:ed:8c,2026-05-25 11:50:53+00,on,32.367435455322266,70.65079498291016,,
dc:b4:d9:13:ed:8c,2026-05-25 11:50:58+00,on,32.35408401489258,70.68131256103516,,
dc:b4:d9:13:ed:8c,2026-05-25 11:51:03+00,on,32.35408401489258,70.7133560180664,,
dc:b4:d9:13:ed:8c,2026-05-25 11:51:09+00,on,32.35408401489258,70.7011489868164,,
dc:b4:d9:13:ed:8c,2026-05-25 11:51:14+00,on,32.324710845947266,70.7469253540039,,
dc:b4:d9:13:ed:8c,2026-05-25 11:51:19+00,on,32.35408401489258,70.74234771728516,,
dc:b4:d9:13:ed:8c,2026-05-25 11:51:24+00,on,32.3407325744629,70.7286148071289,,
dc:b4:d9:13:ed:8c,2026-05-25 11:51:29+00,on,32.367435455322266,70.7042007446289,,
dc:b4:d9:13:ed:8c,2026-05-25 11:51:34+00,on,32.38079071044922,70.71793365478516,,
dc:b4:d9:13:ed:8c,2026-05-25 11:51:39+00,on,32.396812438964844,70.6462173461914,,
dc:b4:d9:13:ed:8c,2026-05-25 11:51:44+00,on,32.38079071044922,70.5394058227539,,
dc:b4:d9:13:ed:8c,2026-05-25 11:51:49+00,on,32.38079071044922,70.44327545166016,,
dc:b4:d9:13:ed:8c,2026-05-25 11:51:54+00,on,32.41016387939453,70.40665435791016,,
dc:b4:d9:13:ed:8c,2026-05-25 11:51:59+00,on,32.42351531982422,70.35782623291016,,
dc:b4:d9:13:ed:8c,2026-05-25 11:52:04+00,on,32.41016387939453,70.3013687133789,,
dc:b4:d9:13:ed:8c,2026-05-25 11:52:09+00,on,32.38079071044922,70.3257827758789,,
dc:b4:d9:13:ed:8c,2026-05-25 11:52:14+00,on,32.41016387939453,70.2800064086914,,
dc:b4:d9:13:ed:8c,2026-05-25 11:52:19+00,on,32.41016387939453,70.2922134399414,,
dc:b4:d9:13:ed:8c,2026-05-25 11:52:24+00,on,32.41016387939453,70.24795532226562,,
dc:b4:d9:13:ed:8c,2026-05-25 11:52:29+00,on,32.41016387939453,70.17471313476562,,
dc:b4:d9:13:ed:8c,2026-05-25 11:52:35+00,on,32.42351531982422,70.15640258789062,,
dc:b4:d9:13:ed:8c,2026-05-25 11:52:40+00,on,32.4368667602539,70.13809204101562,,
dc:b4:d9:13:ed:8c,2026-05-25 11:52:45+00,on,32.4368667602539,70.13809204101562,,
dc:b4:d9:13:ed:8c,2026-05-25 11:52:50+00,on,32.46623992919922,70.15487670898438,,
dc:b4:d9:13:ed:8c,2026-05-25 11:52:55+00,on,32.45288848876953,70.11978149414062,,
dc:b4:d9:13:ed:8c,2026-05-25 11:53:00+00,on,32.45288848876953,70.11062622070312,,
dc:b4:d9:13:ed:8c,2026-05-25 11:53:05+00,on,32.4368667602539,70.08621215820312,,
dc:b4:d9:13:ed:8c,2026-05-25 11:53:10+00,on,32.46623992919922,69.91226196289062,,
dc:b4:d9:13:ed:8c,2026-05-25 11:53:15+00,on,32.42351531982422,69.81765747070312,,
dc:b4:d9:13:ed:8c,2026-05-25 11:53:20+00,on,32.46623992919922,69.80697631835938,,
dc:b4:d9:13:ed:8c,2026-05-25 11:53:25+00,on,32.46623992919922,69.74288177490234,,
dc:b4:d9:13:ed:8c,2026-05-25 11:53:30+00,on,32.482261657714844,69.70320892333984,,
dc:b4:d9:13:ed:8c,2026-05-25 11:53:35+00,on,32.46623992919922,69.6375961303711,,
dc:b4:d9:13:ed:8c,2026-05-25 11:53:40+00,on,32.42351531982422,69.6375961303711,,
dc:b4:d9:13:ed:8c,2026-05-25 11:53:45+00,on,32.4368667602539,69.75814819335938,,
dc:b4:d9:13:ed:8c,2026-05-25 11:53:50+00,on,32.4368667602539,69.86343383789062,,
dc:b4:d9:13:ed:8c,2026-05-25 11:53:56+00,on,32.41016387939453,69.65743255615234,,
dc:b4:d9:13:ed:8c,2026-05-25 11:54:01+00,on,32.4368667602539,69.49263763427734,,
dc:b4:d9:13:ed:8c,2026-05-25 11:54:06+00,on,32.42351531982422,69.52315521240234,,
dc:b4:d9:13:ed:8c,2026-05-25 11:54:11+00,on,32.4368667602539,69.5460433959961,,
dc:b4:d9:13:ed:8c,2026-05-25 11:54:16+00,on,32.42351531982422,69.4911117553711,,
dc:b4:d9:13:ed:8c,2026-05-25 11:54:21+00,on,32.41016387939453,69.41329193115234,,
dc:b4:d9:13:ed:8c,2026-05-25 11:54:26+00,on,32.396812438964844,69.3873519897461,,
dc:b4:d9:13:ed:8c,2026-05-25 11:54:31+00,on,32.38079071044922,69.37361907958984,,
dc:b4:d9:13:ed:8c,2026-05-25 11:54:36+00,on,32.41016387939453,69.40108489990234,,
dc:b4:d9:13:ed:8c,2026-05-25 11:54:41+00,on,32.38079071044922,69.31868743896484,,
dc:b4:d9:13:ed:8c,2026-05-25 11:54:46+00,on,32.367435455322266,69.3263168334961,,
dc:b4:d9:13:ed:8c,2026-05-25 11:54:51+00,on,32.35408401489258,69.1355743408203,,
dc:b4:d9:13:ed:8c,2026-05-25 11:54:56+00,on,32.3407325744629,69.17677307128906,,
dc:b4:d9:13:ed:8c,2026-05-25 11:55:01+00,on,32.31135940551758,69.22560119628906,,
dc:b4:d9:13:ed:8c,2026-05-25 11:55:06+00,on,32.31135940551758,69.21339416503906,,
dc:b4:d9:13:ed:8c,2026-05-25 11:55:11+00,on,32.2980079650879,69.26680755615234,,
dc:b4:d9:13:ed:8c,2026-05-25 11:55:16+00,on,32.324710845947266,69.2530746459961,,
dc:b4:d9:13:ed:8c,2026-05-25 11:55:22+00,on,32.31135940551758,69.2591781616211,,
dc:b4:d9:13:ed:8c,2026-05-25 11:55:27+00,on,32.31135940551758,69.2362823486328,,
dc:b4:d9:13:ed:8c,2026-05-25 11:55:32+00,on,32.31135940551758,69.20423889160156,,
dc:b4:d9:13:ed:8c,2026-05-25 11:55:37+00,on,32.2980079650879,69.2027130126953,,
dc:b4:d9:13:ed:8c,2026-05-25 11:55:42+00,on,32.271305084228516,69.2530746459961,,
dc:b4:d9:13:ed:8c,2026-05-25 11:55:47+00,on,32.31135940551758,69.21339416503906,,
dc:b4:d9:13:ed:8c,2026-05-25 11:55:52+00,on,32.31135940551758,69.10353088378906,,
dc:b4:d9:13:ed:8c,2026-05-25 11:55:57+00,on,32.31135940551758,69.01502990722656,,
dc:b4:d9:13:ed:8c,2026-05-25 11:56:02+00,on,32.2846565246582,68.9433135986328,,
dc:b4:d9:13:ed:8c,2026-05-25 11:56:07+00,on,32.2552833557129,68.8700714111328,,
dc:b4:d9:13:ed:8c,2026-05-25 11:56:12+00,on,32.2846565246582,68.8975372314453,,
dc:b4:d9:13:ed:8c,2026-05-25 11:56:17+00,on,32.2846565246582,68.9433135986328,,
dc:b4:d9:13:ed:8c,2026-05-25 11:56:22+00,on,32.271305084228516,68.9188995361328,,
dc:b4:d9:13:ed:8c,2026-05-25 11:56:27+00,on,32.228580474853516,68.76478576660156,,
dc:b4:d9:13:ed:8c,2026-05-25 11:56:32+00,on,32.228580474853516,68.70984649658203,,
dc:b4:d9:13:ed:8c,2026-05-25 11:56:37+00,on,32.2552833557129,68.85939025878906,,
dc:b4:d9:13:ed:8c,2026-05-25 11:56:42+00,on,32.2552833557129,68.9250030517578,,
dc:b4:d9:13:ed:8c,2026-05-25 11:56:48+00,on,32.2552833557129,68.7815704345703,,
dc:b4:d9:13:ed:8c,2026-05-25 11:56:53+00,on,32.2419319152832,68.6686477661133,,
dc:b4:d9:13:ed:8c,2026-05-25 11:56:58+00,on,32.2552833557129,68.73731231689453,,
dc:b4:d9:13:ed:8c,2026-05-25 11:57:03+00,on,32.21522903442383,68.5954055786133,,
dc:b4:d9:13:ed:8c,2026-05-25 11:57:08+00,on,32.185855865478516,68.5679397583008,,
dc:b4:d9:13:ed:8c,2026-05-25 11:57:13+00,on,32.15915298461914,68.69458770751953,,
dc:b4:d9:13:ed:8c,2026-05-25 11:57:18+00,on,32.143131256103516,68.70374298095703,,
dc:b4:d9:13:ed:8c,2026-05-25 11:57:23+00,on,32.12977981567383,68.6900100708008,,
dc:b4:d9:13:ed:8c,2026-05-25 11:57:28+00,on,32.15915298461914,68.83802795410156,,
dc:b4:d9:13:ed:8c,2026-05-25 11:57:33+00,on,32.15915298461914,68.85023498535156,,
dc:b4:d9:13:ed:8c,2026-05-25 11:57:38+00,on,32.15915298461914,68.7510528564453,,
dc:b4:d9:13:ed:8c,2026-05-25 11:57:43+00,on,32.17250442504883,68.73120880126953,,
dc:b4:d9:13:ed:8c,2026-05-25 11:57:48+00,on,32.185855865478516,68.5893020629883,,
dc:b4:d9:13:ed:8c,2026-05-25 11:57:53+00,on,32.185855865478516,68.5221633911133,,
dc:b4:d9:13:ed:8c,2026-05-25 11:57:58+00,on,32.185855865478516,68.54505157470703,,
dc:b4:d9:13:ed:8c,2026-05-25 11:58:03+00,on,32.1992073059082,68.5587844848633,,
dc:b4:d9:13:ed:8c,2026-05-25 11:58:08+00,on,32.15915298461914,68.46265411376953,,
dc:b4:d9:13:ed:8c,2026-05-25 11:58:14+00,on,32.143131256103516,68.4123001098633,,
dc:b4:d9:13:ed:8c,2026-05-25 11:58:19+00,on,32.15915298461914,68.4397659301758,,
dc:b4:d9:13:ed:8c,2026-05-25 11:58:24+00,on,32.143131256103516,68.43518829345703,,
dc:b4:d9:13:ed:8c,2026-05-25 11:58:29+00,on,32.143131256103516,68.4245071411133,,
dc:b4:d9:13:ed:8c,2026-05-25 11:58:34+00,on,32.116424560546875,68.45349884033203,,
dc:b4:d9:13:ed:8c,2026-05-25 11:58:39+00,on,32.17250442504883,68.41992950439453,,
dc:b4:d9:13:ed:8c,2026-05-25 11:58:44+00,on,32.17250442504883,68.41992950439453,,
dc:b4:d9:13:ed:8c,2026-05-25 11:58:49+00,on,32.143131256103516,68.44739532470703,,
dc:b4:d9:13:ed:8c,2026-05-25 11:58:54+00,on,32.17250442504883,68.46570587158203,,
dc:b4:d9:13:ed:8c,2026-05-25 11:58:59+00,on,32.15915298461914,68.5160598754883,,
dc:b4:d9:13:ed:8c,2026-05-25 11:59:04+00,on,32.12977981567383,68.44434356689453,,
dc:b4:d9:13:ed:8c,2026-05-25 11:59:09+00,on,32.143131256103516,68.4611282348633,,
dc:b4:d9:13:ed:8c,2026-05-25 11:59:14+00,on,32.143131256103516,68.5130081176758,,
dc:b4:d9:13:ed:8c,2026-05-25 11:59:19+00,on,32.10307312011719,68.4519729614258,,
dc:b4:d9:13:ed:8c,2026-05-25 11:59:24+00,on,32.116424560546875,68.4428176879883,,
dc:b4:d9:13:ed:8c,2026-05-25 11:59:29+00,on,32.12977981567383,68.49011993408203,,
dc:b4:d9:13:ed:8c,2026-05-25 11:59:35+00,on,32.12977981567383,68.5343704223633,,
dc:b4:d9:13:ed:8c,2026-05-25 11:59:40+00,on,32.08705139160156,68.48096466064453,,
dc:b4:d9:13:ed:8c,2026-05-25 11:59:45+00,on,32.06034851074219,68.50843048095703,,
dc:b4:d9:13:ed:8c,2026-05-25 11:59:50+00,on,32.0469970703125,68.5618362426758,,
dc:b4:d9:13:ed:8c,2026-05-25 11:59:55+00,on,32.0469970703125,68.6167678833008,,
dc:b4:d9:13:ed:8c,2026-05-25 12:00:00+00,on,32.0469970703125,68.7174758911133,,
dc:b4:d9:13:ed:8c,2026-05-25 12:00:05+00,on,32.01762390136719,68.70984649658203,,
dc:b4:d9:13:ed:8c,2026-05-25 12:00:10+00,on,32.030975341796875,68.70069122314453,,
dc:b4:d9:13:ed:8c,2026-05-25 12:00:15+00,on,32.073699951171875,68.65491485595703,,
dc:b4:d9:13:ed:8c,2026-05-25 12:00:20+00,on,32.030975341796875,68.6808547973633,,
dc:b4:d9:13:ed:8c,2026-05-25 12:00:25+00,on,32.01762390136719,68.6778030395508,,
dc:b4:d9:13:ed:8c,2026-05-25 12:00:30+00,on,32.00160217285156,68.7510528564453,,
dc:b4:d9:13:ed:8c,2026-05-25 12:00:35+00,on,32.01762390136719,68.7541046142578,,
dc:b4:d9:13:ed:8c,2026-05-25 12:00:40+00,on,32.01762390136719,68.7998809814453,,
dc:b4:d9:13:ed:8c,2026-05-25 12:00:45+00,on,32.00160217285156,68.78614807128906,,
dc:b4:d9:13:ed:8c,2026-05-25 12:00:50+00,on,32.01762390136719,68.8334503173828,,
dc:b4:d9:13:ed:8c,2026-05-25 12:00:55+00,on,31.97222900390625,68.80140686035156,,
dc:b4:d9:13:ed:8c,2026-05-25 12:01:01+00,on,31.97222900390625,68.8456573486328,,
dc:b4:d9:13:ed:8c,2026-05-25 12:01:06+00,on,31.97222900390625,68.8883819580078,,
dc:b4:d9:13:ed:8c,2026-05-25 12:01:11+00,on,31.945526123046875,68.88380432128906,,
dc:b4:d9:13:ed:8c,2026-05-25 12:01:16+00,on,32.00160217285156,68.94178771972656,,
dc:b4:d9:13:ed:8c,2026-05-25 12:01:21+00,on,31.988250732421875,68.9707794189453,,
dc:b4:d9:13:ed:8c,2026-05-25 12:01:26+00,on,32.00160217285156,68.9188995361328,,
dc:b4:d9:13:ed:8c,2026-05-25 12:01:31+00,on,32.030975341796875,68.9341583251953,,
dc:b4:d9:13:ed:8c,2026-05-25 12:01:36+00,on,32.00160217285156,68.8639678955078,,
dc:b4:d9:13:ed:8c,2026-05-25 12:01:41+00,on,31.988250732421875,68.8365020751953,,
dc:b4:d9:13:ed:8c,2026-05-25 12:01:46+00,on,31.97222900390625,68.86854553222656,,
dc:b4:d9:13:ed:8c,2026-05-25 12:01:51+00,on,31.958877563476562,68.93263244628906,,
dc:b4:d9:13:ed:8c,2026-05-25 12:01:56+00,on,31.932172775268555,68.9799346923828,,
dc:b4:d9:13:ed:8c,2026-05-25 12:02:01+00,on,31.932172775268555,69.0379180908203,,
dc:b4:d9:13:ed:8c,2026-05-25 12:02:06+00,on,31.945526123046875,69.09437561035156,,
dc:b4:d9:13:ed:8c,2026-05-25 12:02:11+00,on,31.958877563476562,69.14320373535156,,
dc:b4:d9:13:ed:8c,2026-05-25 12:02:16+00,on,31.988250732421875,69.1386260986328,,
dc:b4:d9:13:ed:8c,2026-05-25 12:02:21+00,on,31.988250732421875,69.1264190673828,,
dc:b4:d9:13:ed:8c,2026-05-25 12:02:27+00,on,32.030975341796875,69.1477813720703,,
dc:b4:d9:13:ed:8c,2026-05-25 12:02:32+00,on,32.01762390136719,69.4178695678711,,
dc:b4:d9:13:ed:8c,2026-05-25 12:02:37+00,on,32.00160217285156,69.3049545288086,,
dc:b4:d9:13:ed:8c,2026-05-25 12:02:42+00,on,32.01762390136719,69.18898010253906,,
dc:b4:d9:13:ed:8c,2026-05-25 12:02:47+00,on,32.030975341796875,69.1569366455078,,
dc:b4:d9:13:ed:8c,2026-05-25 12:02:52+00,on,32.06034851074219,69.08522033691406,,
dc:b4:d9:13:ed:8c,2026-05-25 12:02:57+00,on,32.030975341796875,69.07911682128906,,
dc:b4:d9:13:ed:8c,2026-05-25 12:03:02+00,on,32.06034851074219,69.0196075439453,,
dc:b4:d9:13:ed:8c,2026-05-25 12:03:07+00,on,32.073699951171875,68.9555206298828,,
dc:b4:d9:13:ed:8c,2026-05-25 12:03:12+00,on,32.08705139160156,68.96925354003906,,
dc:b4:d9:13:ed:8c,2026-05-25 12:03:17+00,on,32.073699951171875,68.97840881347656,,
dc:b4:d9:13:ed:8c,2026-05-25 12:03:22+00,on,32.08705139160156,68.9921417236328,,
dc:b4:d9:13:ed:8c,2026-05-25 12:03:27+00,on,32.073699951171875,68.9433135986328,,
dc:b4:d9:13:ed:8c,2026-05-25 12:03:32+00,on,32.06034851074219,68.8975372314453,,
dc:b4:d9:13:ed:8c,2026-05-25 12:03:37+00,on,32.06034851074219,68.9066925048828,,
dc:b4:d9:13:ed:8c,2026-05-25 12:03:42+00,on,32.073699951171875,68.92042541503906,,
dc:b4:d9:13:ed:8c,2026-05-25 12:03:48+00,on,32.08705139160156,68.96009826660156,,
dc:b4:d9:13:ed:8c,2026-05-25 12:03:53+00,on,32.08705139160156,68.96009826660156,,
dc:b4:d9:13:ed:8c,2026-05-25 12:03:58+00,on,32.073699951171875,68.97840881347656,,
dc:b4:d9:13:ed:8c,2026-05-25 12:04:03+00,on,32.08705139160156,68.9463653564453,,
dc:b4:d9:13:ed:8c,2026-05-25 12:04:08+00,on,32.08705139160156,69.02418518066406,,
dc:b4:d9:13:ed:8c,2026-05-25 12:04:13+00,on,32.06034851074219,69.0531768798828,,
dc:b4:d9:13:ed:8c,2026-05-25 12:04:18+00,on,32.0469970703125,69.0836944580078,,
dc:b4:d9:13:ed:8c,2026-05-25 12:04:23+00,on,32.030975341796875,69.1477813720703,,
dc:b4:d9:13:ed:8c,2026-05-25 12:04:28+00,on,32.06034851074219,69.1294708251953,,
dc:b4:d9:13:ed:8c,2026-05-25 12:04:33+00,on,32.0469970703125,69.21644592285156,,
dc:b4:d9:13:ed:8c,2026-05-25 12:04:38+00,on,32.06034851074219,69.28511810302734,,
dc:b4:d9:13:ed:8c,2026-05-25 12:04:43+00,on,32.06034851074219,69.28511810302734,,
dc:b4:d9:13:ed:8c,2026-05-25 12:04:48+00,on,32.0469970703125,69.3049545288086,,
dc:b4:d9:13:ed:8c,2026-05-25 12:04:53+00,on,32.030975341796875,69.26680755615234,,
dc:b4:d9:13:ed:8c,2026-05-25 12:04:58+00,on,32.01762390136719,69.3324203491211,,
dc:b4:d9:13:ed:8c,2026-05-25 12:05:03+00,on,32.01762390136719,69.27596282958984,,
dc:b4:d9:13:ed:8c,2026-05-25 12:05:08+00,on,32.01762390136719,69.3324203491211,,
dc:b4:d9:13:ed:8c,2026-05-25 12:05:14+00,on,32.00160217285156,69.46822357177734,,
dc:b4:d9:13:ed:8c,2026-05-25 12:05:19+00,on,32.01762390136719,69.4819564819336,,
dc:b4:d9:13:ed:8c,2026-05-25 12:05:24+00,on,32.030975341796875,69.4087142944336,,
dc:b4:d9:13:ed:8c,2026-05-25 12:05:29+00,on,32.030975341796875,69.3873519897461,,
dc:b4:d9:13:ed:8c,2026-05-25 12:05:34+00,on,32.073699951171875,69.3965072631836,,
dc:b4:d9:13:ed:8c,2026-05-25 12:05:39+00,on,32.08705139160156,69.3690414428711,,
dc:b4:d9:13:ed:8c,2026-05-25 12:05:44+00,on,32.08705139160156,69.35836029052734,,
dc:b4:d9:13:ed:8c,2026-05-25 12:05:49+00,on,32.116424560546875,69.31868743896484,,
dc:b4:d9:13:ed:8c,2026-05-25 12:05:54+00,on,32.116424560546875,69.3080062866211,,
dc:b4:d9:13:ed:8c,2026-05-25 12:05:59+00,on,32.10307312011719,69.33699798583984,,
dc:b4:d9:13:ed:8c,2026-05-25 12:06:04+00,on,32.12977981567383,69.36751556396484,,
dc:b4:d9:13:ed:8c,2026-05-25 12:06:09+00,on,32.12977981567383,69.4636459350586,,
dc:b4:d9:13:ed:8c,2026-05-25 12:06:14+00,on,32.17250442504883,69.5551986694336,,
dc:b4:d9:13:ed:8c,2026-05-25 12:06:19+00,on,32.17250442504883,69.6711654663086,,
dc:b4:d9:13:ed:8c,2026-05-25 12:06:24+00,on,32.143131256103516,69.68489837646484,,
dc:b4:d9:13:ed:8c,2026-05-25 12:06:29+00,on,32.15915298461914,69.78408813476562,,
dc:b4:d9:13:ed:8c,2026-05-25 12:06:34+00,on,32.12977981567383,69.7474594116211,,
dc:b4:d9:13:ed:8c,2026-05-25 12:06:40+00,on,32.12977981567383,69.76730346679688,,
dc:b4:d9:13:ed:8c,2026-05-25 12:06:45+00,on,32.15915298461914,69.73067474365234,,
dc:b4:d9:13:ed:8c,2026-05-25 12:06:50+00,on,32.15915298461914,69.76272583007812,,
dc:b4:d9:13:ed:8c,2026-05-25 12:06:55+00,on,32.143131256103516,69.78103637695312,,
dc:b4:d9:13:ed:8c,2026-05-25 12:07:00+00,on,32.17250442504883,69.84970092773438,,
dc:b4:d9:13:ed:8c,2026-05-25 12:07:05+00,on,32.17250442504883,69.86190795898438,,
dc:b4:d9:13:ed:8c,2026-05-25 12:07:10+00,on,32.1992073059082,69.85733032226562,,
dc:b4:d9:13:ed:8c,2026-05-25 12:07:15+00,on,32.185855865478516,69.85275268554688,,
dc:b4:d9:13:ed:8c,2026-05-25 12:07:20+00,on,32.1992073059082,69.79324340820312,,
dc:b4:d9:13:ed:8c,2026-05-25 12:07:25+00,on,32.1992073059082,69.87564086914062,,
dc:b4:d9:13:ed:8c,2026-05-25 12:07:30+00,on,32.21522903442383,69.82986450195312,,
dc:b4:d9:13:ed:8c,2026-05-25 12:07:35+00,on,32.228580474853516,69.96871948242188,,
dc:b4:d9:13:ed:8c,2026-05-25 12:07:40+00,on,32.228580474853516,70.00991821289062,,
dc:b4:d9:13:ed:8c,2026-05-25 12:07:45+00,on,32.228580474853516,70.18844604492188,,
dc:b4:d9:13:ed:8c,2026-05-25 12:07:50+00,on,32.228580474853516,70.22964477539062,,
dc:b4:d9:13:ed:8c,2026-05-25 12:07:55+00,on,32.228580474853516,70.30594635009766,,
dc:b4:d9:13:ed:8c,2026-05-25 12:08:01+00,on,32.21522903442383,70.30289459228516,,
dc:b4:d9:13:ed:8c,2026-05-25 12:08:06+00,on,32.185855865478516,70.23269653320312,,
dc:b4:d9:13:ed:8c,2026-05-25 12:08:11+00,on,32.1992073059082,70.20523071289062,,
dc:b4:d9:13:ed:8c,2026-05-25 12:08:16+00,on,32.17250442504883,70.20980834960938,,
dc:b4:d9:13:ed:8c,2026-05-25 12:08:21+00,on,32.17250442504883,70.32425689697266,,
dc:b4:d9:13:ed:8c,2026-05-25 12:08:26+00,on,32.17250442504883,70.43106842041016,,
dc:b4:d9:13:ed:8c,2026-05-25 12:08:31+00,on,32.17250442504883,70.3349380493164,,
dc:b4:d9:13:ed:8c,2026-05-25 12:08:36+00,on,32.15915298461914,70.5119400024414,,
dc:b4:d9:13:ed:8c,2026-05-25 12:08:41+00,on,32.15915298461914,70.68131256103516,,
dc:b4:d9:13:ed:8c,2026-05-25 12:08:46+00,on,32.17250442504883,70.66300201416016,,
dc:b4:d9:13:ed:8c,2026-05-25 12:08:51+00,on,32.15915298461914,70.5638198852539,,
dc:b4:d9:13:ed:8c,2026-05-25 12:08:56+00,on,32.15915298461914,70.5119400024414,,
dc:b4:d9:13:ed:8c,2026-05-25 12:09:01+00,on,32.17250442504883,70.4936294555664,,
dc:b4:d9:13:ed:8c,2026-05-25 12:09:06+00,on,32.15915298461914,70.59586334228516,,
dc:b4:d9:13:ed:8c,2026-05-25 12:09:11+00,on,32.12977981567383,70.6645278930664,,
dc:b4:d9:13:ed:8c,2026-05-25 12:09:16+00,on,32.143131256103516,70.79270935058594,,
dc:b4:d9:13:ed:8c,2026-05-25 12:09:21+00,on,32.10307312011719,70.91172790527344,,
dc:b4:d9:13:ed:8c,2026-05-25 12:09:27+00,on,32.116424560546875,70.9468231201172,,
dc:b4:d9:13:ed:8c,2026-05-25 12:09:32+00,on,32.12977981567383,70.9712371826172,,
dc:b4:d9:13:ed:8c,2026-05-25 12:09:37+00,on,32.143131256103516,70.95140075683594,,
dc:b4:d9:13:ed:8c,2026-05-25 12:09:42+00,on,32.15915298461914,70.83848571777344,,
dc:b4:d9:13:ed:8c,2026-05-25 12:09:47+00,on,32.17250442504883,70.7789764404297,,
dc:b4:d9:13:ed:8c,2026-05-25 12:09:52+00,on,32.17250442504883,70.8644256591797,,
dc:b4:d9:13:ed:8c,2026-05-25 12:09:57+00,on,32.1992073059082,70.9102020263672,,
dc:b4:d9:13:ed:8c,2026-05-25 12:10:02+00,on,32.185855865478516,70.89646911621094,,
dc:b4:d9:13:ed:8c,2026-05-25 12:10:07+00,on,32.17250442504883,70.90562438964844,,
dc:b4:d9:13:ed:8c,2026-05-25 12:10:12+00,on,32.1992073059082,70.8918914794922,,
dc:b4:d9:13:ed:8c,2026-05-25 12:10:17+00,on,32.1992073059082,70.86900329589844,,
dc:b4:d9:13:ed:8c,2026-05-25 12:10:22+00,on,32.21522903442383,70.8094940185547,,
dc:b4:d9:13:ed:8c,2026-05-25 12:10:27+00,on,32.2552833557129,70.7103042602539,,
dc:b4:d9:13:ed:8c,2026-05-25 12:10:32+00,on,32.2552833557129,70.62638092041016,,
dc:b4:d9:13:ed:8c,2026-05-25 12:10:37+00,on,32.2552833557129,70.5729751586914,,
dc:b4:d9:13:ed:8c,2026-05-25 12:10:42+00,on,32.271305084228516,70.4936294555664,,
dc:b4:d9:13:ed:8c,2026-05-25 12:10:47+00,on,32.2846565246582,70.44327545166016,,
dc:b4:d9:13:ed:8c,2026-05-25 12:10:53+00,on,32.2846565246582,70.44327545166016,,
dc:b4:d9:13:ed:8c,2026-05-25 12:10:58+00,on,32.2846565246582,70.4661636352539,,
dc:b4:d9:13:ed:8c,2026-05-25 12:11:03+00,on,32.3407325744629,70.4539566040039,,
dc:b4:d9:13:ed:8c,2026-05-25 12:11:08+00,on,32.3407325744629,70.4020767211914,,
dc:b4:d9:13:ed:8c,2026-05-25 12:11:13+00,on,32.367435455322266,70.38834381103516,,
dc:b4:d9:13:ed:8c,2026-05-25 12:11:18+00,on,32.35408401489258,70.3746109008789,,
dc:b4:d9:13:ed:8c,2026-05-25 12:11:23+00,on,32.367435455322266,70.3654556274414,,
dc:b4:d9:13:ed:8c,2026-05-25 12:11:28+00,on,32.396812438964844,70.39444732666016,,
dc:b4:d9:13:ed:8c,2026-05-25 12:11:33+00,on,32.38079071044922,70.35782623291016,,
dc:b4:d9:13:ed:8c,2026-05-25 12:11:38+00,on,32.367435455322266,70.39749908447266,,
dc:b4:d9:13:ed:8c,2026-05-25 12:11:43+00,on,32.38079071044922,70.3990249633789,,
dc:b4:d9:13:ed:8c,2026-05-25 12:11:48+00,on,32.367435455322266,70.3654556274414,,
dc:b4:d9:13:ed:8c,2026-05-25 12:11:53+00,on,32.35408401489258,70.40665435791016,,
dc:b4:d9:13:ed:8c,2026-05-25 12:11:58+00,on,32.38079071044922,70.3898696899414,,
dc:b4:d9:13:ed:8c,2026-05-25 12:12:03+00,on,32.35408401489258,70.39444732666016,,
dc:b4:d9:13:ed:8c,2026-05-25 12:12:08+00,on,32.324710845947266,70.4753189086914,,
dc:b4:d9:13:ed:8c,2026-05-25 12:12:13+00,on,32.2980079650879,70.5210952758789,,
dc:b4:d9:13:ed:8c,2026-05-25 12:12:19+00,on,32.271305084228516,70.64163970947266,,
dc:b4:d9:13:ed:8c,2026-05-25 12:12:24+00,on,32.2552833557129,70.68131256103516,,
dc:b4:d9:13:ed:8c,2026-05-25 12:12:29+00,on,32.2846565246582,70.6553726196289,,
dc:b4:d9:13:ed:8c,2026-05-25 12:12:34+00,on,32.31135940551758,70.67215728759766,,
dc:b4:d9:13:ed:8c,2026-05-25 12:12:39+00,on,32.3407325744629,70.62638092041016,,
dc:b4:d9:13:ed:8c,2026-05-25 12:12:44+00,on,32.3407325744629,70.57144927978516,,
dc:b4:d9:13:ed:8c,2026-05-25 12:12:49+00,on,32.3407325744629,70.4539566040039,,
dc:b4:d9:13:ed:8c,2026-05-25 12:12:54+00,on,32.38079071044922,70.3990249633789,,
dc:b4:d9:13:ed:8c,2026-05-25 12:12:59+00,on,32.35408401489258,70.38529205322266,,
dc:b4:d9:13:ed:8c,2026-05-25 12:13:04+00,on,32.396812438964844,70.36087799072266,,
dc:b4:d9:13:ed:8c,2026-05-25 12:13:09+00,on,32.396812438964844,70.36087799072266,,
dc:b4:d9:13:ed:8c,2026-05-25 12:13:14+00,on,32.38079071044922,70.29679107666016,,
dc:b4:d9:13:ed:8c,2026-05-25 12:13:19+00,on,32.38079071044922,70.2525405883789,,
dc:b4:d9:13:ed:8c,2026-05-25 12:13:24+00,on,32.396812438964844,70.06484985351562,,
dc:b4:d9:13:ed:8c,2026-05-25 12:13:29+00,on,32.396812438964844,70.05569458007812,,
dc:b4:d9:13:ed:8c,2026-05-25 12:13:34+00,on,32.41016387939453,69.98550415039062,,
dc:b4:d9:13:ed:8c,2026-05-25 12:13:40+00,on,32.41016387939453,69.91226196289062,,
dc:b4:d9:13:ed:8c,2026-05-25 12:13:45+00,on,32.41016387939453,69.80392456054688,,
dc:b4:d9:13:ed:8c,2026-05-25 12:13:50+00,on,32.42351531982422,69.94583129882812,,
dc:b4:d9:13:ed:8c,2026-05-25 12:13:55+00,on,32.396812438964844,69.98092651367188,,
dc:b4:d9:13:ed:8c,2026-05-25 12:14:00+00,on,32.41016387939453,69.95346069335938,,
dc:b4:d9:13:ed:8c,2026-05-25 12:14:05+00,on,32.38079071044922,69.91378784179688,,
dc:b4:d9:13:ed:8c,2026-05-25 12:14:10+00,on,32.38079071044922,69.92599487304688,,
dc:b4:d9:13:ed:8c,2026-05-25 12:14:15+00,on,32.367435455322266,69.95498657226562,,
dc:b4:d9:13:ed:8c,2026-05-25 12:14:20+00,on,32.38079071044922,69.97787475585938,,
dc:b4:d9:13:ed:8c,2026-05-25 12:14:25+00,on,32.396812438964844,70.01449584960938,,
dc:b4:d9:13:ed:8c,2026-05-25 12:14:30+00,on,32.35408401489258,69.96261596679688,,
dc:b4:d9:13:ed:8c,2026-05-25 12:14:35+00,on,32.3407325744629,69.98092651367188,,
dc:b4:d9:13:ed:8c,2026-05-25 12:14:40+00,on,32.3407325744629,70.02212524414062,,
dc:b4:d9:13:ed:8c,2026-05-25 12:14:45+00,on,32.35408401489258,70.11978149414062,,
dc:b4:d9:13:ed:8c,2026-05-25 12:14:50+00,on,32.2980079650879,70.13809204101562,,
dc:b4:d9:13:ed:8c,2026-05-25 12:14:55+00,on,32.2980079650879,70.05569458007812,,
dc:b4:d9:13:ed:8c,2026-05-25 12:15:00+00,on,32.2846565246582,69.98092651367188,,
dc:b4:d9:13:ed:8c,2026-05-25 12:15:06+00,on,32.2419319152832,70.00076293945312,,
dc:b4:d9:13:ed:8c,2026-05-25 12:15:11+00,on,32.228580474853516,70.04043579101562,,
dc:b4:d9:13:ed:8c,2026-05-25 12:15:16+00,on,32.228580474853516,70.11520385742188,,
dc:b4:d9:13:ed:8c,2026-05-25 12:15:21+00,on,32.2419319152832,70.15029907226562,,
dc:b4:d9:13:ed:8c,2026-05-25 12:15:26+00,on,32.2419319152832,70.12741088867188,,
dc:b4:d9:13:ed:8c,2026-05-25 12:15:31+00,on,32.228580474853516,70.17776489257812,,
dc:b4:d9:13:ed:8c,2026-05-25 12:15:36+00,on,32.228580474853516,70.15640258789062,,
dc:b4:d9:13:ed:8c,2026-05-25 12:15:41+00,on,32.271305084228516,70.04959106445312,,
dc:b4:d9:13:ed:8c,2026-05-25 12:15:46+00,on,32.2980079650879,70.03585815429688,,
dc:b4:d9:13:ed:8c,2026-05-25 12:15:51+00,on,32.31135940551758,70.06942749023438,,
dc:b4:d9:13:ed:8c,2026-05-25 12:15:56+00,on,32.2980079650879,70.09689331054688,,
dc:b4:d9:13:ed:8c,2026-05-25 12:16:01+00,on,32.324710845947266,70.04196166992188,,
dc:b4:d9:13:ed:8c,2026-05-25 12:16:06+00,on,32.367435455322266,70.31204986572266,,
dc:b4:d9:13:ed:8c,2026-05-25 12:16:11+00,on,32.35408401489258,70.46768951416016,,
dc:b4:d9:13:ed:8c,2026-05-25 12:16:16+00,on,32.35408401489258,70.4386978149414,,
dc:b4:d9:13:ed:8c,2026-05-25 12:16:21+00,on,32.35408401489258,70.3746109008789,,
dc:b4:d9:13:ed:8c,2026-05-25 12:16:26+00,on,32.367435455322266,70.38834381103516,,
dc:b4:d9:13:ed:8c,2026-05-25 12:16:32+00,on,32.38079071044922,70.37918853759766,,
dc:b4:d9:13:ed:8c,2026-05-25 12:16:37+00,on,32.38079071044922,70.2525405883789,,
dc:b4:d9:13:ed:8c,2026-05-25 12:16:42+00,on,32.35408401489258,70.18386840820312,,
dc:b4:d9:13:ed:8c,2026-05-25 12:16:47+00,on,32.38079071044922,70.20065307617188,,
dc:b4:d9:13:ed:8c,2026-05-25 12:16:52+00,on,32.4368667602539,70.26627349853516,,
dc:b4:d9:13:ed:8c,2026-05-25 12:16:57+00,on,32.42351531982422,70.2830581665039,,
dc:b4:d9:13:ed:8c,2026-05-25 12:17:02+00,on,32.4368667602539,70.3074722290039,,
dc:b4:d9:13:ed:8c,2026-05-25 12:17:07+00,on,32.45288848876953,70.22506713867188,,
dc:b4:d9:13:ed:8c,2026-05-25 12:17:12+00,on,32.45288848876953,70.05569458007812,,
dc:b4:d9:13:ed:8c,2026-05-25 12:17:17+00,on,32.4368667602539,69.85275268554688,,
dc:b4:d9:13:ed:8c,2026-05-25 12:17:22+00,on,32.4368667602539,69.71541595458984,,
dc:b4:d9:13:ed:8c,2026-05-25 12:17:27+00,on,32.4368667602539,69.6620101928711,,
dc:b4:d9:13:ed:8c,2026-05-25 12:17:32+00,on,32.4368667602539,69.63301849365234,,
dc:b4:d9:13:ed:8c,2026-05-25 12:17:37+00,on,32.46623992919922,69.5735092163086,,
dc:b4:d9:13:ed:8c,2026-05-25 12:17:42+00,on,32.482261657714844,69.5551986694336,,
dc:b4:d9:13:ed:8c,2026-05-25 12:17:47+00,on,32.482261657714844,69.57808685302734,,
dc:b4:d9:13:ed:8c,2026-05-25 12:17:53+00,on,32.482261657714844,69.5338363647461,,
dc:b4:d9:13:ed:8c,2026-05-25 12:17:58+00,on,32.46623992919922,69.53231048583984,,
dc:b4:d9:13:ed:8c,2026-05-25 12:18:03+00,on,32.482261657714844,69.4697494506836,,
dc:b4:d9:13:ed:8c,2026-05-25 12:18:08+00,on,32.42351531982422,69.4148178100586,,
dc:b4:d9:13:ed:8c,2026-05-25 12:18:13+00,on,32.46623992919922,69.5429916381836,,
dc:b4:d9:13:ed:8c,2026-05-25 12:18:18+00,on,32.46623992919922,69.5429916381836,,
dc:b4:d9:13:ed:8c,2026-05-25 12:18:23+00,on,32.45288848876953,69.69710540771484,,
dc:b4:d9:13:ed:8c,2026-05-25 12:18:28+00,on,32.46623992919922,69.7016830444336,,
dc:b4:d9:13:ed:8c,2026-05-25 12:18:33+00,on,32.482261657714844,69.6070785522461,,
dc:b4:d9:13:ed:8c,2026-05-25 12:18:38+00,on,32.46623992919922,69.80697631835938,,
dc:b4:d9:13:ed:8c,2026-05-25 12:18:43+00,on,32.46623992919922,69.88174438476562,,
dc:b4:d9:13:ed:8c,2026-05-25 12:18:48+00,on,32.482261657714844,69.77645874023438,,
dc:b4:d9:13:ed:8c,2026-05-25 12:18:53+00,on,32.524986267089844,69.66048431396484,,
dc:b4:d9:13:ed:8c,2026-05-25 12:18:58+00,on,32.524986267089844,69.6284408569336,,
dc:b4:d9:13:ed:8c,2026-05-25 12:19:03+00,on,32.482261657714844,69.4514389038086,,
dc:b4:d9:13:ed:8c,2026-05-25 12:19:08+00,on,32.482261657714844,69.34004974365234,,
dc:b4:d9:13:ed:8c,2026-05-25 12:19:13+00,on,32.482261657714844,69.3171615600586,,
dc:b4:d9:13:ed:8c,2026-05-25 12:19:19+00,on,32.49561309814453,69.4636459350586,,
dc:b4:d9:13:ed:8c,2026-05-25 12:19:24+00,on,32.482261657714844,69.50179290771484,,
dc:b4:d9:13:ed:8c,2026-05-25 12:19:29+00,on,32.49561309814453,69.68489837646484,,
dc:b4:d9:13:ed:8c,2026-05-25 12:19:34+00,on,32.511634826660156,69.73067474365234,,
dc:b4:d9:13:ed:8c,2026-05-25 12:19:39+00,on,32.49561309814453,69.6436996459961,,
dc:b4:d9:13:ed:8c,2026-05-25 12:19:44+00,on,32.511634826660156,69.4453353881836,,
dc:b4:d9:13:ed:8c,2026-05-25 12:19:49+00,on,32.524986267089844,69.4239730834961,,
dc:b4:d9:13:ed:8c,2026-05-25 12:19:54+00,on,32.524986267089844,69.80697631835938,,
dc:b4:d9:13:ed:8c,2026-05-25 12:19:59+00,on,32.49561309814453,69.87564086914062,,
dc:b4:d9:13:ed:8c,2026-05-25 12:20:04+00,on,32.46623992919922,69.80697631835938,,
dc:b4:d9:13:ed:8c,2026-05-25 12:20:09+00,on,32.46623992919922,69.60555267333984,,
dc:b4:d9:13:ed:8c,2026-05-25 12:20:14+00,on,32.46623992919922,69.58419036865234,,
dc:b4:d9:13:ed:8c,2026-05-25 12:20:19+00,on,32.45288848876953,69.7077865600586,,
dc:b4:d9:13:ed:8c,2026-05-25 12:20:24+00,on,32.46623992919922,69.81765747070312,,
dc:b4:d9:13:ed:8c,2026-05-25 12:20:29+00,on,32.46623992919922,70.04959106445312,,
dc:b4:d9:13:ed:8c,2026-05-25 12:20:34+00,on,32.46623992919922,70.15487670898438,,
dc:b4:d9:13:ed:8c,2026-05-25 12:20:39+00,on,32.45288848876953,70.19302368164062,,
dc:b4:d9:13:ed:8c,2026-05-25 12:20:45+00,on,32.45288848876953,70.2891616821289,,
dc:b4:d9:13:ed:8c,2026-05-25 12:20:50+00,on,32.45288848876953,70.33036041259766,,
dc:b4:d9:13:ed:8c,2026-05-25 12:20:55+00,on,32.511634826660156,70.23727416992188,,
dc:b4:d9:13:ed:8c,2026-05-25 12:21:00+00,on,32.511634826660156,70.26932525634766,,
dc:b4:d9:13:ed:8c,2026-05-25 12:21:05+00,on,32.49561309814453,70.3074722290039,,
dc:b4:d9:13:ed:8c,2026-05-25 12:21:10+00,on,32.524986267089844,70.22964477539062,,
dc:b4:d9:13:ed:8c,2026-05-25 12:21:15+00,on,32.524986267089844,70.11367797851562,,
dc:b4:d9:13:ed:8c,2026-05-25 12:21:20+00,on,32.49561309814453,70.06484985351562,,
dc:b4:d9:13:ed:8c,2026-05-25 12:21:25+00,on,32.49561309814453,70.19149780273438,,
dc:b4:d9:13:ed:8c,2026-05-25 12:21:30+00,on,32.511634826660156,70.01754760742188,,
dc:b4:d9:13:ed:8c,2026-05-25 12:21:35+00,on,32.524986267089844,69.89395141601562,,
dc:b4:d9:13:ed:8c,2026-05-25 12:21:40+00,on,32.53833770751953,70.03280639648438,,
dc:b4:d9:13:ed:8c,2026-05-25 12:21:45+00,on,32.567710876464844,70.05874633789062,,
dc:b4:d9:13:ed:8c,2026-05-25 12:21:50+00,on,32.59441375732422,70.03280639648438,,
dc:b4:d9:13:ed:8c,2026-05-25 12:21:55+00,on,32.59441375732422,70.05569458007812,,
dc:b4:d9:13:ed:8c,2026-05-25 12:22:00+00,on,32.6077651977539,70.10910034179688,,
dc:b4:d9:13:ed:8c,2026-05-25 12:22:06+00,on,32.62378692626953,70.12435913085938,,
dc:b4:d9:13:ed:8c,2026-05-25 12:22:11+00,on,32.65049362182617,70.17013549804688,,
dc:b4:d9:13:ed:8c,2026-05-25 12:22:16+00,on,32.69321823120117,70.20217895507812,,
dc:b4:d9:13:ed:8c,2026-05-25 12:22:21+00,on,32.679866790771484,70.20065307617188,,
dc:b4:d9:13:ed:8c,2026-05-25 12:22:26+00,on,32.679866790771484,70.20065307617188,,
dc:b4:d9:13:ed:8c,2026-05-25 12:22:31+00,on,32.69321823120117,70.27542877197266,,
dc:b4:d9:13:ed:8c,2026-05-25 12:22:36+00,on,32.73594284057617,70.30594635009766,,
dc:b4:d9:13:ed:8c,2026-05-25 12:22:41+00,on,32.76264572143555,70.26016998291016,,
dc:b4:d9:13:ed:8c,2026-05-25 12:22:46+00,on,32.70656967163086,70.18386840820312,,
dc:b4:d9:13:ed:8c,2026-05-25 12:22:51+00,on,32.679866790771484,70.17776489257812,,
dc:b4:d9:13:ed:8c,2026-05-25 12:22:56+00,on,32.679866790771484,70.11520385742188,,
dc:b4:d9:13:ed:8c,2026-05-25 12:23:01+00,on,32.65049362182617,70.05569458007812,,
dc:b4:d9:13:ed:8c,2026-05-25 12:23:06+00,on,32.66384506225586,70.09078979492188,,
dc:b4:d9:13:ed:8c,2026-05-25 12:23:11+00,on,32.637142181396484,70.10604858398438,,
dc:b4:d9:13:ed:8c,2026-05-25 12:23:16+00,on,32.65049362182617,70.01449584960938,,
dc:b4:d9:13:ed:8c,2026-05-25 12:23:21+00,on,32.637142181396484,70.11520385742188,,
dc:b4:d9:13:ed:8c,2026-05-25 12:23:26+00,on,32.637142181396484,70.12741088867188,,
dc:b4:d9:13:ed:8c,2026-05-25 12:23:32+00,on,32.65049362182617,70.24642944335938,,
dc:b4:d9:13:ed:8c,2026-05-25 12:23:37+00,on,32.637142181396484,70.24337768554688,,
dc:b4:d9:13:ed:8c,2026-05-25 12:23:42+00,on,32.65049362182617,70.27848052978516,,
dc:b4:d9:13:ed:8c,2026-05-25 12:23:47+00,on,32.637142181396484,70.12741088867188,,
dc:b4:d9:13:ed:8c,2026-05-25 12:23:52+00,on,32.679866790771484,69.90310668945312,,
dc:b4:d9:13:ed:8c,2026-05-25 12:23:57+00,on,32.69321823120117,69.97787475585938,,
dc:b4:d9:13:ed:8c,2026-05-25 12:24:02+00,on,32.71992111206055,70.12435913085938,,
dc:b4:d9:13:ed:8c,2026-05-25 12:24:07+00,on,32.74929428100586,70.12893676757812,,
dc:b4:d9:13:ed:8c,2026-05-25 12:24:12+00,on,32.74929428100586,70.18234252929688,,
dc:b4:d9:13:ed:8c,2026-05-25 12:24:17+00,on,32.73594284057617,70.17929077148438,,
dc:b4:d9:13:ed:8c,2026-05-25 12:24:22+00,on,32.74929428100586,70.28763580322266,,
dc:b4:d9:13:ed:8c,2026-05-25 12:24:27+00,on,32.775997161865234,70.28458404541016,,
dc:b4:d9:13:ed:8c,2026-05-25 12:24:32+00,on,32.775997161865234,70.22964477539062,,
dc:b4:d9:13:ed:8c,2026-05-25 12:24:37+00,on,32.775997161865234,70.28458404541016,,
dc:b4:d9:13:ed:8c,2026-05-25 12:24:42+00,on,32.76264572143555,70.33341217041016,,
dc:b4:d9:13:ed:8c,2026-05-25 12:24:47+00,on,32.775997161865234,70.37918853759766,,
dc:b4:d9:13:ed:8c,2026-05-25 12:24:52+00,on,32.818721771240234,70.37613677978516,,
dc:b4:d9:13:ed:8c,2026-05-25 12:24:58+00,on,32.818721771240234,70.3471450805664,,
dc:b4:d9:13:ed:8c,2026-05-25 12:25:03+00,on,32.80537033081055,70.25711822509766,,
dc:b4:d9:13:ed:8c,2026-05-25 12:25:08+00,on,32.80537033081055,70.24642944335938,,
dc:b4:d9:13:ed:8c,2026-05-25 12:25:13+00,on,32.74929428100586,70.41580963134766,,
dc:b4:d9:13:ed:8c,2026-05-25 12:25:18+00,on,32.70656967163086,70.5210952758789,,
dc:b4:d9:13:ed:8c,2026-05-25 12:25:23+00,on,32.69321823120117,70.62332916259766,,
dc:b4:d9:13:ed:8c,2026-05-25 12:25:28+00,on,32.66384506225586,70.7011489868164,,
dc:b4:d9:13:ed:8c,2026-05-25 12:25:33+00,on,32.679866790771484,70.7820281982422,,
dc:b4:d9:13:ed:8c,2026-05-25 12:25:38+00,on,32.66384506225586,70.82933044433594,,
dc:b4:d9:13:ed:8c,2026-05-25 12:25:43+00,on,32.70656967163086,70.7972869873047,,
dc:b4:d9:13:ed:8c,2026-05-25 12:25:48+00,on,32.69321823120117,70.81407165527344,,
dc:b4:d9:13:ed:8c,2026-05-25 12:25:53+00,on,32.70656967163086,70.7972869873047,,
dc:b4:d9:13:ed:8c,2026-05-25 12:25:58+00,on,32.679866790771484,70.7286148071289,,
dc:b4:d9:13:ed:8c,2026-05-25 12:26:03+00,on,32.70656967163086,70.66910552978516,,
dc:b4:d9:13:ed:8c,2026-05-25 12:26:08+00,on,32.73594284057617,70.64469146728516,,
dc:b4:d9:13:ed:8c,2026-05-25 12:26:13+00,on,32.73594284057617,70.63248443603516,,
dc:b4:d9:13:ed:8c,2026-05-25 12:26:18+00,on,32.73594284057617,70.61417388916016,,
dc:b4:d9:13:ed:8c,2026-05-25 12:26:24+00,on,32.71992111206055,70.57755279541016,,
dc:b4:d9:13:ed:8c,2026-05-25 12:26:29+00,on,32.71992111206055,70.6187515258789,,
dc:b4:d9:13:ed:8c,2026-05-25 12:26:34+00,on,32.73594284057617,70.6767349243164,,
dc:b4:d9:13:ed:8c,2026-05-25 12:26:39+00,on,32.76264572143555,70.6919937133789,,
dc:b4:d9:13:ed:8c,2026-05-25 12:26:44+00,on,32.76264572143555,70.60807037353516,,
dc:b4:d9:13:ed:8c,2026-05-25 12:26:49+00,on,32.73594284057617,70.62332916259766,,
dc:b4:d9:13:ed:8c,2026-05-25 12:26:54+00,on,32.73594284057617,70.58060455322266,,
dc:b4:d9:13:ed:8c,2026-05-25 12:26:59+00,on,32.70656967163086,70.45853424072266,,
dc:b4:d9:13:ed:8c,2026-05-25 12:27:04+00,on,32.69321823120117,70.40360260009766,,
dc:b4:d9:13:ed:8c,2026-05-25 12:27:09+00,on,32.71992111206055,70.53482818603516,,
dc:b4:d9:13:ed:8c,2026-05-25 12:27:14+00,on,32.71992111206055,70.46158599853516,,
dc:b4:d9:13:ed:8c,2026-05-25 12:27:19+00,on,32.70656967163086,70.2891616821289,,
dc:b4:d9:13:ed:8c,2026-05-25 12:27:24+00,on,32.679866790771484,70.24185180664062,,
dc:b4:d9:13:ed:8c,2026-05-25 12:27:29+00,on,32.65049362182617,70.36087799072266,,
dc:b4:d9:13:ed:8c,2026-05-25 12:27:34+00,on,32.65049362182617,70.5851821899414,,
dc:b4:d9:13:ed:8c,2026-05-25 12:27:39+00,on,32.66384506225586,70.65995025634766,,
dc:b4:d9:13:ed:8c,2026-05-25 12:27:45+00,on,32.65049362182617,70.74234771728516,,
dc:b4:d9:13:ed:8c,2026-05-25 12:27:50+00,on,32.62378692626953,70.76829528808594,,
dc:b4:d9:13:ed:8c,2026-05-25 12:27:55+00,on,32.6077651977539,70.4997329711914,,
dc:b4:d9:13:ed:8c,2026-05-25 12:28:00+00,on,32.59441375732422,70.4661636352539,,
dc:b4:d9:13:ed:8c,2026-05-25 12:28:05+00,on,32.59441375732422,70.5088882446289,,
dc:b4:d9:13:ed:8c,2026-05-25 12:28:10+00,on,32.62378692626953,70.5577163696289,,
dc:b4:d9:13:ed:8c,2026-05-25 12:28:15+00,on,32.58106231689453,70.56839752197266,,
dc:b4:d9:13:ed:8c,2026-05-25 12:28:20+00,on,32.62378692626953,70.5363540649414,,
dc:b4:d9:13:ed:8c,2026-05-25 12:28:25+00,on,32.567710876464844,70.4295425415039,,
dc:b4:d9:13:ed:8c,2026-05-25 12:28:30+00,on,32.58106231689453,70.3990249633789,,
dc:b4:d9:13:ed:8c,2026-05-25 12:28:35+00,on,32.55168914794922,70.48905181884766,,
dc:b4:d9:13:ed:8c,2026-05-25 12:28:40+00,on,32.53833770751953,70.61417388916016,,
dc:b4:d9:13:ed:8c,2026-05-25 12:28:45+00,on,32.53833770751953,70.6675796508789,,
dc:b4:d9:13:ed:8c,2026-05-25 12:28:50+00,on,32.58106231689453,70.65384674072266,,
dc:b4:d9:13:ed:8c,2026-05-25 12:28:55+00,on,32.59441375732422,70.55008697509766,,
dc:b4:d9:13:ed:8c,2026-05-25 12:29:00+00,on,32.6077651977539,70.5119400024414,,
dc:b4:d9:13:ed:8c,2026-05-25 12:29:05+00,on,32.62378692626953,70.4722671508789,,
dc:b4:d9:13:ed:8c,2026-05-25 12:29:11+00,on,32.62378692626953,70.37918853759766,,
dc:b4:d9:13:ed:8c,2026-05-25 12:29:16+00,on,32.6077651977539,70.41580963134766,,
dc:b4:d9:13:ed:8c,2026-05-25 12:29:21+00,on,32.62378692626953,70.44937896728516,,
dc:b4:d9:13:ed:8c,2026-05-25 12:29:26+00,on,32.6077651977539,70.60501861572266,,
dc:b4:d9:13:ed:8c,2026-05-25 12:29:31+00,on,32.62378692626953,70.81101989746094,,
dc:b4:d9:13:ed:8c,2026-05-25 12:29:36+00,on,32.62378692626953,70.90562438964844,,
dc:b4:d9:13:ed:8c,2026-05-25 12:29:41+00,on,32.62378692626953,70.9285125732422,,
dc:b4:d9:13:ed:8c,2026-05-25 12:29:46+00,on,32.62378692626953,70.87510681152344,,
dc:b4:d9:13:ed:8c,2026-05-25 12:29:51+00,on,32.65049362182617,70.7515106201172,,
dc:b4:d9:13:ed:8c,2026-05-25 12:29:56+00,on,32.62378692626953,70.59891510009766,,
dc:b4:d9:13:ed:8c,2026-05-25 12:30:01+00,on,32.6077651977539,70.5638198852539,,
dc:b4:d9:13:ed:8c,2026-05-25 12:30:06+00,on,32.637142181396484,70.6645278930664,,
dc:b4:d9:13:ed:8c,2026-05-25 12:30:11+00,on,32.637142181396484,70.7286148071289,,
dc:b4:d9:13:ed:8c,2026-05-25 12:30:16+00,on,32.62378692626953,70.89646911621094,,
dc:b4:d9:13:ed:8c,2026-05-25 12:30:21+00,on,32.65049362182617,70.8796844482422,,
dc:b4:d9:13:ed:8c,2026-05-25 12:30:26+00,on,32.66384506225586,70.9468231201172,,
dc:b4:d9:13:ed:8c,2026-05-25 12:30:31+00,on,32.679866790771484,70.9285125732422,,
dc:b4:d9:13:ed:8c,2026-05-25 12:30:37+00,on,32.66384506225586,70.9254608154297,,
dc:b4:d9:13:ed:8c,2026-05-25 12:30:42+00,on,32.679866790771484,70.81101989746094,,
dc:b4:d9:13:ed:8c,2026-05-25 12:30:47+00,on,32.66384506225586,70.67215728759766,,
dc:b4:d9:13:ed:8c,2026-05-25 12:30:52+00,on,32.62378692626953,70.64163970947266,,
dc:b4:d9:13:ed:8c,2026-05-25 12:30:57+00,on,32.66384506225586,70.67215728759766,,
dc:b4:d9:13:ed:8c,2026-05-25 12:31:02+00,on,32.71992111206055,70.65079498291016,,
dc:b4:d9:13:ed:8c,2026-05-25 12:31:07+00,on,32.70656967163086,70.5546646118164,,
dc:b4:d9:13:ed:8c,2026-05-25 12:31:12+00,on,32.66384506225586,70.5119400024414,,
dc:b4:d9:13:ed:8c,2026-05-25 12:31:17+00,on,32.69321823120117,70.47684478759766,,
dc:b4:d9:13:ed:8c,2026-05-25 12:31:22+00,on,32.679866790771484,70.51651763916016,,
dc:b4:d9:13:ed:8c,2026-05-25 12:31:27+00,on,32.65049362182617,70.5210952758789,,
dc:b4:d9:13:ed:8c,2026-05-25 12:31:32+00,on,32.679866790771484,70.50736236572266,,
dc:b4:d9:13:ed:8c,2026-05-25 12:31:37+00,on,32.679866790771484,70.58060455322266,,
dc:b4:d9:13:ed:8c,2026-05-25 12:31:42+00,on,32.66384506225586,70.59891510009766,,
dc:b4:d9:13:ed:8c,2026-05-25 12:31:47+00,on,32.66384506225586,70.58670806884766,,
dc:b4:d9:13:ed:8c,2026-05-25 12:31:52+00,on,32.679866790771484,70.4631118774414,,
dc:b4:d9:13:ed:8c,2026-05-25 12:31:58+00,on,32.70656967163086,70.3746109008789,,
dc:b4:d9:13:ed:8c,2026-05-25 12:32:03+00,on,32.637142181396484,70.3166275024414,,
dc:b4:d9:13:ed:8c,2026-05-25 12:32:08+00,on,32.679866790771484,70.4203872680664,,
dc:b4:d9:13:ed:8c,2026-05-25 12:32:13+00,on,32.66384506225586,70.4173355102539,,
dc:b4:d9:13:ed:8c,2026-05-25 12:32:18+00,on,32.65049362182617,70.39444732666016,,
dc:b4:d9:13:ed:8c,2026-05-25 12:32:23+00,on,32.679866790771484,70.44327545166016,,
dc:b4:d9:13:ed:8c,2026-05-25 12:32:28+00,on,32.69321823120117,70.36087799072266,,
dc:b4:d9:13:ed:8c,2026-05-25 12:32:33+00,on,32.65049362182617,70.35172271728516,,
dc:b4:d9:13:ed:8c,2026-05-25 12:32:38+00,on,32.637142181396484,70.29679107666016,,
dc:b4:d9:13:ed:8c,2026-05-25 12:32:43+00,on,32.59441375732422,70.4020767211914,,
dc:b4:d9:13:ed:8c,2026-05-25 12:32:48+00,on,32.6077651977539,70.5119400024414,,
dc:b4:d9:13:ed:8c,2026-05-25 12:32:53+00,on,32.6077651977539,70.68131256103516,,
dc:b4:d9:13:ed:8c,2026-05-25 12:32:58+00,on,32.65049362182617,70.8155975341797,,
dc:b4:d9:13:ed:8c,2026-05-25 12:33:03+00,on,32.65049362182617,70.8796844482422,,
dc:b4:d9:13:ed:8c,2026-05-25 12:33:08+00,on,32.6077651977539,70.97886657714844,,
dc:b4:d9:13:ed:8c,2026-05-25 12:33:13+00,on,32.62378692626953,71.02159118652344,,
dc:b4:d9:13:ed:8c,2026-05-25 12:33:18+00,on,32.65049362182617,71.00633239746094,,
dc:b4:d9:13:ed:8c,2026-05-25 12:33:24+00,on,32.679866790771484,70.9712371826172,,
dc:b4:d9:13:ed:8c,2026-05-25 12:33:29+00,on,32.637142181396484,70.9620819091797,,
dc:b4:d9:13:ed:8c,2026-05-25 12:33:34+00,on,32.637142181396484,70.9834442138672,,
dc:b4:d9:13:ed:8c,2026-05-25 12:33:39+00,on,32.637142181396484,70.9834442138672,,
dc:b4:d9:13:ed:8c,2026-05-25 12:33:44+00,on,32.65049362182617,70.92393493652344,,
dc:b4:d9:13:ed:8c,2026-05-25 12:33:49+00,on,32.66384506225586,70.84153747558594,,
dc:b4:d9:13:ed:8c,2026-05-25 12:33:54+00,on,32.70656967163086,70.8186492919922,,
dc:b4:d9:13:ed:8c,2026-05-25 12:33:59+00,on,32.69321823120117,70.68741607666016,,
dc:b4:d9:13:ed:8c,2026-05-25 12:34:04+00,on,32.70656967163086,70.60807037353516,,
dc:b4:d9:13:ed:8c,2026-05-25 12:34:09+00,on,32.70656967163086,70.6279067993164,,
dc:b4:d9:13:ed:8c,2026-05-25 12:34:14+00,on,32.679866790771484,70.50736236572266,,
dc:b4:d9:13:ed:8c,2026-05-25 12:34:19+00,on,32.637142181396484,70.4539566040039,,
dc:b4:d9:13:ed:8c,2026-05-25 12:34:24+00,on,32.62378692626953,70.4203872680664,,
dc:b4:d9:13:ed:8c,2026-05-25 12:34:29+00,on,32.6077651977539,70.4997329711914,,
dc:b4:d9:13:ed:8c,2026-05-25 12:34:34+00,on,32.637142181396484,70.57144927978516,,
dc:b4:d9:13:ed:8c,2026-05-25 12:34:39+00,on,32.637142181396484,70.5271987915039,,
dc:b4:d9:13:ed:8c,2026-05-25 12:34:44+00,on,32.59441375732422,70.4448013305664,,
dc:b4:d9:13:ed:8c,2026-05-25 12:34:50+00,on,32.6077651977539,70.4905776977539,,
dc:b4:d9:13:ed:8c,2026-05-25 12:34:55+00,on,32.62378692626953,70.5577163696289,,
dc:b4:d9:13:ed:8c,2026-05-25 12:35:00+00,on,32.637142181396484,70.55924224853516,,
dc:b4:d9:13:ed:8c,2026-05-25 12:35:05+00,on,32.65049362182617,70.56229400634766,,
dc:b4:d9:13:ed:8c,2026-05-25 12:35:10+00,on,32.66384506225586,70.5760269165039,,
dc:b4:d9:13:ed:8c,2026-05-25 12:35:15+00,on,32.69321823120117,70.6462173461914,,
dc:b4:d9:13:ed:8c,2026-05-25 12:35:20+00,on,32.70656967163086,70.60807037353516,,
dc:b4:d9:13:ed:8c,2026-05-25 12:35:25+00,on,32.679866790771484,70.49515533447266,,
dc:b4:d9:13:ed:8c,2026-05-25 12:35:30+00,on,32.69321823120117,70.47684478759766,,
dc:b4:d9:13:ed:8c,2026-05-25 12:35:35+00,on,32.679866790771484,70.44327545166016,,
dc:b4:d9:13:ed:8c,2026-05-25 12:35:40+00,on,32.66384506225586,70.4814224243164,,
dc:b4:d9:13:ed:8c,2026-05-25 12:35:45+00,on,32.69321823120117,70.47684478759766,,
dc:b4:d9:13:ed:8c,2026-05-25 12:35:50+00,on,32.66384506225586,70.47074127197266,,
dc:b4:d9:13:ed:8c,2026-05-25 12:35:55+00,on,32.66384506225586,70.4814224243164,,
dc:b4:d9:13:ed:8c,2026-05-25 12:36:00+00,on,32.66384506225586,70.52262115478516,,
dc:b4:d9:13:ed:8c,2026-05-25 12:36:05+00,on,32.73594284057617,70.55008697509766,,
dc:b4:d9:13:ed:8c,2026-05-25 12:36:11+00,on,32.74929428100586,70.5821304321289,,
dc:b4:d9:13:ed:8c,2026-05-25 12:36:16+00,on,32.71992111206055,70.6950454711914,,
dc:b4:d9:13:ed:8c,2026-05-25 12:36:21+00,on,32.73594284057617,70.64469146728516,,
dc:b4:d9:13:ed:8c,2026-05-25 12:36:26+00,on,32.76264572143555,70.72403717041016,,
dc:b4:d9:13:ed:8c,2026-05-25 12:36:31+00,on,32.76264572143555,70.7881317138672,,
dc:b4:d9:13:ed:8c,2026-05-25 12:36:36+00,on,32.76264572143555,70.82933044433594,,
dc:b4:d9:13:ed:8c,2026-05-25 12:36:41+00,on,32.775997161865234,70.86595153808594,,
dc:b4:d9:13:ed:8c,2026-05-25 12:36:46+00,on,32.775997161865234,70.86595153808594,,
dc:b4:d9:13:ed:8c,2026-05-25 12:36:51+00,on,32.74929428100586,70.9010467529297,,
dc:b4:d9:13:ed:8c,2026-05-25 12:36:56+00,on,32.76264572143555,70.82933044433594,,
dc:b4:d9:13:ed:8c,2026-05-25 12:37:01+00,on,32.73594284057617,70.94224548339844,,
dc:b4:d9:13:ed:8c,2026-05-25 12:37:06+00,on,32.73594284057617,71.0353240966797,,
dc:b4:d9:13:ed:8c,2026-05-25 12:37:11+00,on,32.69321823120117,71.07957458496094,,
dc:b4:d9:13:ed:8c,2026-05-25 12:37:16+00,on,32.66384506225586,71.11619567871094,,
dc:b4:d9:13:ed:8c,2026-05-25 12:37:21+00,on,32.65049362182617,71.20774841308594,,
dc:b4:d9:13:ed:8c,2026-05-25 12:37:26+00,on,32.62378692626953,71.23216247558594,,
dc:b4:d9:13:ed:8c,2026-05-25 12:37:31+00,on,32.59441375732422,71.3008346557617,,
dc:b4:d9:13:ed:8c,2026-05-25 12:37:37+00,on,32.58106231689453,71.36339569091797,,
dc:b4:d9:13:ed:8c,2026-05-25 12:37:42+00,on,32.53833770751953,71.4564743041992,,
dc:b4:d9:13:ed:8c,2026-05-25 12:37:47+00,on,32.55168914794922,71.4930953979492,,
dc:b4:d9:13:ed:8c,2026-05-25 12:37:52+00,on,32.524986267089844,71.58312225341797,,
dc:b4:d9:13:ed:8c,2026-05-25 12:37:57+00,on,32.53833770751953,71.6700973510742,,
dc:b4:d9:13:ed:8c,2026-05-25 12:38:02+00,on,32.524986267089844,71.6670455932617,,
dc:b4:d9:13:ed:8c,2026-05-25 12:38:07+00,on,32.49561309814453,71.7540283203125,,
dc:b4:d9:13:ed:8c,2026-05-25 12:38:12+00,on,32.482261657714844,71.81658935546875,,
dc:b4:d9:13:ed:8c,2026-05-25 12:38:17+00,on,32.482261657714844,71.7845458984375,,
dc:b4:d9:13:ed:8c,2026-05-25 12:38:22+00,on,32.49561309814453,71.77691650390625,,
dc:b4:d9:13:ed:8c,2026-05-25 12:38:27+00,on,32.482261657714844,71.71129608154297,,
dc:b4:d9:13:ed:8c,2026-05-25 12:38:32+00,on,32.482261657714844,71.6670455932617,,
dc:b4:d9:13:ed:8c,2026-05-25 12:38:37+00,on,32.49561309814453,71.7250289916992,,
dc:b4:d9:13:ed:8c,2026-05-25 12:38:42+00,on,32.49561309814453,71.70214080810547,,
dc:b4:d9:13:ed:8c,2026-05-25 12:38:47+00,on,32.49561309814453,71.70214080810547,,
dc:b4:d9:13:ed:8c,2026-05-25 12:38:52+00,on,32.482261657714844,71.69908905029297,,
dc:b4:d9:13:ed:8c,2026-05-25 12:38:57+00,on,32.46623992919922,71.72655487060547,,
dc:b4:d9:13:ed:8c,2026-05-25 12:39:03+00,on,32.4368667602539,71.7845458984375,,
dc:b4:d9:13:ed:8c,2026-05-25 12:39:08+00,on,32.42351531982422,71.81353759765625,,
dc:b4:d9:13:ed:8c,2026-05-25 12:39:13+00,on,32.42351531982422,71.88677978515625,,
dc:b4:d9:13:ed:8c,2026-05-25 12:39:18+00,on,32.4368667602539,71.93255615234375,,
dc:b4:d9:13:ed:8c,2026-05-25 12:39:23+00,on,32.4368667602539,71.9005126953125,,
dc:b4:d9:13:ed:8c,2026-05-25 12:39:28+00,on,32.46623992919922,71.866943359375,,
dc:b4:d9:13:ed:8c,2026-05-25 12:39:33+00,on,32.4368667602539,71.88067626953125,,
dc:b4:d9:13:ed:8c,2026-05-25 12:39:38+00,on,32.46623992919922,71.89593505859375,,
dc:b4:d9:13:ed:8c,2026-05-25 12:39:43+00,on,32.49561309814453,71.88067626953125,,
dc:b4:d9:13:ed:8c,2026-05-25 12:39:48+00,on,32.49561309814453,71.85015869140625,,
dc:b4:d9:13:ed:8c,2026-05-25 12:39:53+00,on,32.49561309814453,71.891357421875,,
dc:b4:d9:13:ed:8c,2026-05-25 12:39:58+00,on,32.46623992919922,71.88677978515625,,
dc:b4:d9:13:ed:8c,2026-05-25 12:40:03+00,on,32.45288848876953,71.9462890625,,
dc:b4:d9:13:ed:8c,2026-05-25 12:40:08+00,on,32.46623992919922,71.9920654296875,,
dc:b4:d9:13:ed:8c,2026-05-25 12:40:13+00,on,32.4368667602539,72.00885009765625,,
dc:b4:d9:13:ed:8c,2026-05-25 12:40:18+00,on,32.4368667602539,72.050048828125,,
dc:b4:d9:13:ed:8c,2026-05-25 12:40:23+00,on,32.46623992919922,72.086669921875,,
dc:b4:d9:13:ed:8c,2026-05-25 12:40:29+00,on,32.42351531982422,72.1416015625,,
dc:b4:d9:13:ed:8c,2026-05-25 12:40:34+00,on,32.4368667602539,72.19805908203125,,
dc:b4:d9:13:ed:8c,2026-05-25 12:40:39+00,on,32.46623992919922,72.16143798828125,,
dc:b4:d9:13:ed:8c,2026-05-25 12:40:44+00,on,32.482261657714844,72.17364501953125,,
dc:b4:d9:13:ed:8c,2026-05-25 12:40:49+00,on,32.46623992919922,72.12939453125,,
dc:b4:d9:13:ed:8c,2026-05-25 12:40:54+00,on,32.511634826660156,72.159912109375,,
dc:b4:d9:13:ed:8c,2026-05-25 12:40:59+00,on,32.49561309814453,72.13397216796875,,
dc:b4:d9:13:ed:8c,2026-05-25 12:41:04+00,on,32.49561309814453,72.06072998046875,,
dc:b4:d9:13:ed:8c,2026-05-25 12:41:09+00,on,32.49561309814453,71.99664306640625,,
dc:b4:d9:13:ed:8c,2026-05-25 12:41:14+00,on,32.511634826660156,72.013427734375,,
dc:b4:d9:13:ed:8c,2026-05-25 12:41:19+00,on,32.511634826660156,71.97833251953125,,
dc:b4:d9:13:ed:8c,2026-05-25 12:41:24+00,on,32.511634826660156,71.9493408203125,,
dc:b4:d9:13:ed:8c,2026-05-25 12:41:29+00,on,32.49561309814453,71.903564453125,,
dc:b4:d9:13:ed:8c,2026-05-25 12:41:34+00,on,32.511634826660156,71.91729736328125,,
dc:b4:d9:13:ed:8c,2026-05-25 12:41:39+00,on,32.524986267089844,71.940185546875,,
dc:b4:d9:13:ed:8c,2026-05-25 12:41:44+00,on,32.511634826660156,71.96917724609375,,
dc:b4:d9:13:ed:8c,2026-05-25 12:41:50+00,on,32.524986267089844,72.02716064453125,,
dc:b4:d9:13:ed:8c,2026-05-25 12:41:55+00,on,32.53833770751953,72.050048828125,,
dc:b4:d9:13:ed:8c,2026-05-25 12:42:00+00,on,32.53833770751953,71.964599609375,,
dc:b4:d9:13:ed:8c,2026-05-25 12:42:05+00,on,32.53833770751953,72.00885009765625,,
dc:b4:d9:13:ed:8c,2026-05-25 12:42:10+00,on,32.567710876464844,72.02410888671875,,
dc:b4:d9:13:ed:8c,2026-05-25 12:42:15+00,on,32.524986267089844,72.01495361328125,,
dc:b4:d9:13:ed:8c,2026-05-25 12:42:20+00,on,32.567710876464844,72.03631591796875,,
dc:b4:d9:13:ed:8c,2026-05-25 12:42:25+00,on,32.53833770751953,72.01800537109375,,
dc:b4:d9:13:ed:8c,2026-05-25 12:42:30+00,on,32.6077651977539,72.001220703125,,
dc:b4:d9:13:ed:8c,2026-05-25 12:42:35+00,on,32.59441375732422,71.97833251953125,,
dc:b4:d9:13:ed:8c,2026-05-25 12:42:40+00,on,32.6077651977539,71.927978515625,,
dc:b4:d9:13:ed:8c,2026-05-25 12:42:45+00,on,32.58106231689453,71.95391845703125,,
dc:b4:d9:13:ed:8c,2026-05-25 12:42:50+00,on,32.58106231689453,71.96307373046875,,
dc:b4:d9:13:ed:8c,2026-05-25 12:42:55+00,on,32.59441375732422,71.9462890625,,
dc:b4:d9:13:ed:8c,2026-05-25 12:43:00+00,on,32.59441375732422,71.91424560546875,,
dc:b4:d9:13:ed:8c,2026-05-25 12:43:05+00,on,32.524986267089844,71.95086669921875,,
dc:b4:d9:13:ed:8c,2026-05-25 12:43:10+00,on,32.524986267089844,72.03631591796875,,
dc:b4:d9:13:ed:8c,2026-05-25 12:43:16+00,on,32.59441375732422,72.03173828125,,
dc:b4:d9:13:ed:8c,2026-05-25 12:43:21+00,on,32.55168914794922,71.97833251953125,,
dc:b4:d9:13:ed:8c,2026-05-25 12:43:26+00,on,32.511634826660156,72.001220703125,,
dc:b4:d9:13:ed:8c,2026-05-25 12:43:31+00,on,32.511634826660156,72.10650634765625,,
dc:b4:d9:13:ed:8c,2026-05-25 12:43:36+00,on,32.524986267089844,72.15228271484375,,
dc:b4:d9:13:ed:8c,2026-05-25 12:43:41+00,on,32.567710876464844,72.22552490234375,,
dc:b4:d9:13:ed:8c,2026-05-25 12:43:46+00,on,32.567710876464844,72.16143798828125,,
dc:b4:d9:13:ed:8c,2026-05-25 12:43:51+00,on,32.55168914794922,72.0958251953125,,
dc:b4:d9:13:ed:8c,2026-05-25 12:43:56+00,on,32.53833770751953,72.08209228515625,,
dc:b4:d9:13:ed:8c,2026-05-25 12:44:01+00,on,32.524986267089844,72.05615234375,,
dc:b4:d9:13:ed:8c,2026-05-25 12:44:06+00,on,32.53833770751953,72.07293701171875,,
dc:b4:d9:13:ed:8c,2026-05-25 12:44:11+00,on,32.55168914794922,72.0958251953125,,
dc:b4:d9:13:ed:8c,2026-05-25 12:44:16+00,on,32.55168914794922,72.0225830078125,,
dc:b4:d9:13:ed:8c,2026-05-25 12:44:21+00,on,32.58106231689453,72.01800537109375,,
dc:b4:d9:13:ed:8c,2026-05-25 12:44:26+00,on,32.6077651977539,71.98138427734375,,
dc:b4:d9:13:ed:8c,2026-05-25 12:44:31+00,on,32.62378692626953,71.9951171875,,
dc:b4:d9:13:ed:8c,2026-05-25 12:44:36+00,on,32.62378692626953,71.866943359375,,
dc:b4:d9:13:ed:8c,2026-05-25 12:44:42+00,on,32.59441375732422,71.85931396484375,,
dc:b4:d9:13:ed:8c,2026-05-25 12:44:47+00,on,32.59441375732422,71.85015869140625,,
dc:b4:d9:13:ed:8c,2026-05-25 12:44:52+00,on,32.567710876464844,71.8455810546875,,
dc:b4:d9:13:ed:8c,2026-05-25 12:44:57+00,on,32.58106231689453,71.7723388671875,,
dc:b4:d9:13:ed:8c,2026-05-25 12:45:02+00,on,32.55168914794922,71.7250289916992,,
dc:b4:d9:13:ed:8c,2026-05-25 12:45:07+00,on,32.58106231689453,71.71129608154297,,
dc:b4:d9:13:ed:8c,2026-05-25 12:45:12+00,on,32.58106231689453,71.7311325073242,,
dc:b4:d9:13:ed:8c,2026-05-25 12:45:17+00,on,32.53833770751953,71.7341842651367,,
dc:b4:d9:13:ed:8c,2026-05-25 12:45:22+00,on,32.567710876464844,71.71739959716797,,
dc:b4:d9:13:ed:8c,2026-05-25 12:45:27+00,on,32.53833770751953,71.64720916748047,,
dc:b4:d9:13:ed:8c,2026-05-25 12:45:32+00,on,32.53833770751953,71.62889862060547,,
dc:b4:d9:13:ed:8c,2026-05-25 12:45:37+00,on,32.524986267089844,71.72045135498047,,
dc:b4:d9:13:ed:8c,2026-05-25 12:45:42+00,on,32.511634826660156,71.6945114135742,,
dc:b4:d9:13:ed:8c,2026-05-25 12:45:47+00,on,32.511634826660156,71.75860595703125,,
dc:b4:d9:13:ed:8c,2026-05-25 12:45:52+00,on,32.58106231689453,71.7845458984375,,
dc:b4:d9:13:ed:8c,2026-05-25 12:45:57+00,on,32.567710876464844,71.71739959716797,,
dc:b4:d9:13:ed:8c,2026-05-25 12:46:03+00,on,32.524986267089844,71.63500213623047,,
dc:b4:d9:13:ed:8c,2026-05-25 12:46:08+00,on,32.511634826660156,71.58007049560547,,
dc:b4:d9:13:ed:8c,2026-05-25 12:46:13+00,on,32.53833770751953,71.64720916748047,,
dc:b4:d9:13:ed:8c,2026-05-25 12:46:18+00,on,32.511634826660156,71.66246795654297,,
dc:b4:d9:13:ed:8c,2026-05-25 12:46:23+00,on,32.49561309814453,71.6487350463867,,
dc:b4:d9:13:ed:8c,2026-05-25 12:46:28+00,on,32.46623992919922,71.6762008666992,,
dc:b4:d9:13:ed:8c,2026-05-25 12:46:33+00,on,32.46623992919922,71.77996826171875,,
dc:b4:d9:13:ed:8c,2026-05-25 12:46:38+00,on,32.482261657714844,71.8486328125,,
dc:b4:d9:13:ed:8c,2026-05-25 12:46:43+00,on,32.4368667602539,71.8486328125,,
dc:b4:d9:13:ed:8c,2026-05-25 12:46:48+00,on,32.46623992919922,71.8760986328125,,
dc:b4:d9:13:ed:8c,2026-05-25 12:46:53+00,on,32.41016387939453,71.92645263671875,,
dc:b4:d9:13:ed:8c,2026-05-25 12:46:58+00,on,32.42351531982422,71.94171142578125,,
dc:b4:d9:13:ed:8c,2026-05-25 12:47:03+00,on,32.45288848876953,72.03173828125,,
dc:b4:d9:13:ed:8c,2026-05-25 12:47:08+00,on,32.45288848876953,71.99969482421875,,
dc:b4:d9:13:ed:8c,2026-05-25 12:47:13+00,on,32.4368667602539,72.00885009765625,,
dc:b4:d9:13:ed:8c,2026-05-25 12:47:18+00,on,32.42351531982422,72.02410888671875,,
dc:b4:d9:13:ed:8c,2026-05-25 12:47:23+00,on,32.4368667602539,72.02716064453125,,
dc:b4:d9:13:ed:8c,2026-05-25 12:47:29+00,on,32.46623992919922,72.02410888671875,,
dc:b4:d9:13:ed:8c,2026-05-25 12:47:34+00,on,32.4368667602539,72.09124755859375,,
dc:b4:d9:13:ed:8c,2026-05-25 12:47:39+00,on,32.4368667602539,72.123291015625,,
dc:b4:d9:13:ed:8c,2026-05-25 12:47:44+00,on,32.45288848876953,72.233154296875,,
dc:b4:d9:13:ed:8c,2026-05-25 12:47:49+00,on,32.4368667602539,72.16448974609375,,
dc:b4:d9:13:ed:8c,2026-05-25 12:47:54+00,on,32.45288848876953,72.10650634765625,,
dc:b4:d9:13:ed:8c,2026-05-25 12:47:59+00,on,32.46623992919922,71.98138427734375,,
dc:b4:d9:13:ed:8c,2026-05-25 12:48:04+00,on,32.46623992919922,71.96917724609375,,
dc:b4:d9:13:ed:8c,2026-05-25 12:48:09+00,on,32.42351531982422,71.95086669921875,,
dc:b4:d9:13:ed:8c,2026-05-25 12:48:14+00,on,32.4368667602539,71.964599609375,,
dc:b4:d9:13:ed:8c,2026-05-25 12:48:19+00,on,32.42351531982422,72.0775146484375,,
dc:b4:d9:13:ed:8c,2026-05-25 12:48:24+00,on,32.4368667602539,72.2713088989258,,
dc:b4:d9:13:ed:8c,2026-05-25 12:48:29+00,on,32.45288848876953,72.2743606567383,,
dc:b4:d9:13:ed:8c,2026-05-25 12:48:34+00,on,32.45288848876953,72.13702392578125,,
dc:b4:d9:13:ed:8c,2026-05-25 12:48:39+00,on,32.4368667602539,72.13397216796875,,
dc:b4:d9:13:ed:8c,2026-05-25 12:48:44+00,on,32.45288848876953,72.13702392578125,,
dc:b4:d9:13:ed:8c,2026-05-25 12:48:49+00,on,32.482261657714844,72.184326171875,,
dc:b4:d9:13:ed:8c,2026-05-25 12:48:55+00,on,32.511634826660156,72.27588653564453,,
dc:b4:d9:13:ed:8c,2026-05-25 12:49:00+00,on,32.524986267089844,72.4483108520508,,
dc:b4:d9:13:ed:8c,2026-05-25 12:49:05+00,on,32.49561309814453,72.46204376220703,,
dc:b4:d9:13:ed:8c,2026-05-25 12:49:10+00,on,32.49561309814453,72.51392364501953,,
dc:b4:d9:13:ed:8c,2026-05-25 12:49:15+00,on,32.511634826660156,72.55054473876953,,
dc:b4:d9:13:ed:8c,2026-05-25 12:49:20+00,on,32.524986267089844,72.6497268676758,,
dc:b4:d9:13:ed:8c,2026-05-25 12:49:25+00,on,32.55168914794922,72.7290725708008,,
dc:b4:d9:13:ed:8c,2026-05-25 12:49:30+00,on,32.567710876464844,72.61768341064453,,
dc:b4:d9:13:ed:8c,2026-05-25 12:49:35+00,on,32.55168914794922,72.5490188598633,,
dc:b4:d9:13:ed:8c,2026-05-25 12:49:40+00,on,32.58106231689453,72.5032424926758,,
dc:b4:d9:13:ed:8c,2026-05-25 12:49:45+00,on,32.58106231689453,72.5032424926758,,
dc:b4:d9:13:ed:8c,2026-05-25 12:49:50+00,on,32.6077651977539,72.49866485595703,,
dc:b4:d9:13:ed:8c,2026-05-25 12:49:55+00,on,32.6077651977539,72.5185012817383,,
dc:b4:d9:13:ed:8c,2026-05-25 12:50:00+00,on,32.59441375732422,72.5368118286133,,
dc:b4:d9:13:ed:8c,2026-05-25 12:50:05+00,on,32.6077651977539,72.5307083129883,,
dc:b4:d9:13:ed:8c,2026-05-25 12:50:10+00,on,32.6077651977539,72.4544143676758,,
dc:b4:d9:13:ed:8c,2026-05-25 12:50:16+00,on,32.59441375732422,72.4635696411133,,
dc:b4:d9:13:ed:8c,2026-05-25 12:50:21+00,on,32.59441375732422,72.42237091064453,,
dc:b4:d9:13:ed:8c,2026-05-25 12:50:26+00,on,32.59441375732422,72.3994827270508,,
dc:b4:d9:13:ed:8c,2026-05-25 12:50:31+00,on,32.6077651977539,72.4025344848633,,
dc:b4:d9:13:ed:8c,2026-05-25 12:50:36+00,on,32.62378692626953,72.4177932739258,,
dc:b4:d9:13:ed:8c,2026-05-25 12:50:41+00,on,32.59441375732422,72.5368118286133,,
dc:b4:d9:13:ed:8c,2026-05-25 12:50:46+00,on,32.6077651977539,72.64514923095703,,
dc:b4:d9:13:ed:8c,2026-05-25 12:50:51+00,on,32.62378692626953,72.7016067504883,,
dc:b4:d9:13:ed:8c,2026-05-25 12:50:56+00,on,32.65049362182617,72.6131057739258,,
dc:b4:d9:13:ed:8c,2026-05-25 12:51:01+00,on,32.65049362182617,72.55970001220703,,
dc:b4:d9:13:ed:8c,2026-05-25 12:51:06+00,on,32.637142181396484,72.4940872192383,,
dc:b4:d9:13:ed:8c,2026-05-25 12:51:11+00,on,32.62378692626953,72.4177932739258,,
dc:b4:d9:13:ed:8c,2026-05-25 12:51:16+00,on,32.66384506225586,72.53223419189453,,
dc:b4:d9:13:ed:8c,2026-05-25 12:51:21+00,on,32.65049362182617,72.5490188598633,,
dc:b4:d9:13:ed:8c,2026-05-25 12:51:26+00,on,32.62378692626953,72.53528594970703,,
dc:b4:d9:13:ed:8c,2026-05-25 12:51:31+00,on,32.637142181396484,72.57801055908203,,
dc:b4:d9:13:ed:8c,2026-05-25 12:51:36+00,on,32.637142181396484,72.5581741333008,,
dc:b4:d9:13:ed:8c,2026-05-25 12:51:42+00,on,32.62378692626953,72.5764846801758,,
dc:b4:d9:13:ed:8c,2026-05-25 12:51:47+00,on,32.62378692626953,72.54444122314453,,
dc:b4:d9:13:ed:8c,2026-05-25 12:51:52+00,on,32.62378692626953,72.47119903564453,,
dc:b4:d9:13:ed:8c,2026-05-25 12:51:57+00,on,32.58106231689453,72.3018264770508,,
dc:b4:d9:13:ed:8c,2026-05-25 12:52:02+00,on,32.567710876464844,72.35218048095703,,
dc:b4:d9:13:ed:8c,2026-05-25 12:52:07+00,on,32.55168914794922,72.34912872314453,,
dc:b4:d9:13:ed:8c,2026-05-25 12:52:12+00,on,32.524986267089844,72.2896194458008,,
dc:b4:d9:13:ed:8c,2026-05-25 12:52:17+00,on,32.55168914794922,72.3262405395508,,
dc:b4:d9:13:ed:8c,2026-05-25 12:52:22+00,on,32.567710876464844,72.23468017578125,,
dc:b4:d9:13:ed:8c,2026-05-25 12:52:27+00,on,32.55168914794922,72.2117919921875,,
dc:b4:d9:13:ed:8c,2026-05-25 12:52:32+00,on,32.53833770751953,72.19805908203125,,
dc:b4:d9:13:ed:8c,2026-05-25 12:52:37+00,on,32.53833770751953,72.20721435546875,,
dc:b4:d9:13:ed:8c,2026-05-25 12:52:42+00,on,32.524986267089844,72.27893829345703,,
dc:b4:d9:13:ed:8c,2026-05-25 12:52:47+00,on,32.53833770751953,72.4300003051758,,
dc:b4:d9:13:ed:8c,2026-05-25 12:52:52+00,on,32.55168914794922,72.49561309814453,,
dc:b4:d9:13:ed:8c,2026-05-25 12:52:57+00,on,32.6077651977539,72.5398635864258,,
dc:b4:d9:13:ed:8c,2026-05-25 12:53:02+00,on,32.62378692626953,72.60852813720703,,
dc:b4:d9:13:ed:8c,2026-05-25 12:53:08+00,on,32.6077651977539,72.5734329223633,,
dc:b4:d9:13:ed:8c,2026-05-25 12:53:13+00,on,32.59441375732422,72.5276565551758,,
dc:b4:d9:13:ed:8c,2026-05-25 12:53:18+00,on,32.6077651977539,72.5307083129883,,
dc:b4:d9:13:ed:8c,2026-05-25 12:53:23+00,on,32.62378692626953,72.5764846801758,,
dc:b4:d9:13:ed:8c,2026-05-25 12:53:28+00,on,32.637142181396484,72.5459671020508,,
dc:b4:d9:13:ed:8c,2026-05-25 12:53:33+00,on,32.65049362182617,72.5276565551758,,
dc:b4:d9:13:ed:8c,2026-05-25 12:53:38+00,on,32.637142181396484,72.5581741333008,,
dc:b4:d9:13:ed:8c,2026-05-25 12:53:43+00,on,32.62378692626953,72.53528594970703,,
dc:b4:d9:13:ed:8c,2026-05-25 12:53:48+00,on,32.65049362182617,72.57190704345703,,
dc:b4:d9:13:ed:8c,2026-05-25 12:53:53+00,on,32.65049362182617,72.55970001220703,,
dc:b4:d9:13:ed:8c,2026-05-25 12:53:58+00,on,32.65049362182617,72.50782012939453,,
dc:b4:d9:13:ed:8c,2026-05-25 12:54:03+00,on,32.65049362182617,72.4635696411133,,
dc:b4:d9:13:ed:8c,2026-05-25 12:54:08+00,on,32.66384506225586,72.4574661254883,,
dc:b4:d9:13:ed:8c,2026-05-25 12:54:13+00,on,32.66384506225586,72.46814727783203,,
dc:b4:d9:13:ed:8c,2026-05-25 12:54:18+00,on,32.69321823120117,72.50476837158203,,
dc:b4:d9:13:ed:8c,2026-05-25 12:54:23+00,on,32.679866790771484,72.5673294067383,,
dc:b4:d9:13:ed:8c,2026-05-25 12:54:28+00,on,32.71992111206055,72.52307891845703,,
dc:b4:d9:13:ed:8c,2026-05-25 12:54:34+00,on,32.679866790771484,72.45288848876953,,
dc:b4:d9:13:ed:8c,2026-05-25 12:54:39+00,on,32.74929428100586,72.43457794189453,,
dc:b4:d9:13:ed:8c,2026-05-25 12:54:44+00,on,32.71992111206055,72.45899200439453,,
dc:b4:d9:13:ed:8c,2026-05-25 12:54:49+00,on,32.71992111206055,72.53223419189453,,
dc:b4:d9:13:ed:8c,2026-05-25 12:54:54+00,on,32.73594284057617,72.4727249145508,,
dc:b4:d9:13:ed:8c,2026-05-25 12:54:59+00,on,32.76264572143555,72.46814727783203,,
dc:b4:d9:13:ed:8c,2026-05-25 12:55:04+00,on,32.73594284057617,72.4727249145508,,
dc:b4:d9:13:ed:8c,2026-05-25 12:55:09+00,on,32.74929428100586,72.4544143676758,,
dc:b4:d9:13:ed:8c,2026-05-25 12:55:14+00,on,32.71992111206055,72.45899200439453,,
dc:b4:d9:13:ed:8c,2026-05-25 12:55:19+00,on,32.74929428100586,72.5276565551758,,
dc:b4:d9:13:ed:8c,2026-05-25 12:55:24+00,on,32.71992111206055,72.5764846801758,,
dc:b4:d9:13:ed:8c,2026-05-25 12:55:29+00,on,32.71992111206055,72.48035430908203,,
dc:b4:d9:13:ed:8c,2026-05-25 12:55:34+00,on,32.69321823120117,72.4025344848633,,
dc:b4:d9:13:ed:8c,2026-05-25 12:55:39+00,on,32.65049362182617,72.3933792114258,,
dc:b4:d9:13:ed:8c,2026-05-25 12:55:44+00,on,32.637142181396484,72.50476837158203,,
dc:b4:d9:13:ed:8c,2026-05-25 12:55:49+00,on,32.58106231689453,72.6283645629883,,
dc:b4:d9:13:ed:8c,2026-05-25 12:55:55+00,on,32.53833770751953,72.59937286376953,,
dc:b4:d9:13:ed:8c,2026-05-25 12:56:00+00,on,32.511634826660156,72.48645782470703,,
dc:b4:d9:13:ed:8c,2026-05-25 12:56:05+00,on,32.511634826660156,72.57190704345703,,
dc:b4:d9:13:ed:8c,2026-05-25 12:56:10+00,on,32.482261657714844,72.5642776489258,,
dc:b4:d9:13:ed:8c,2026-05-25 12:56:15+00,on,32.511634826660156,72.5825881958008,,
dc:b4:d9:13:ed:8c,2026-05-25 12:56:20+00,on,32.46623992919922,72.6375198364258,,
dc:b4:d9:13:ed:8c,2026-05-25 12:56:25+00,on,32.49561309814453,72.8328399658203,,
dc:b4:d9:13:ed:8c,2026-05-25 12:56:30+00,on,32.49561309814453,72.8328399658203,,
dc:b4:d9:13:ed:8c,2026-05-25 12:56:35+00,on,32.49561309814453,72.80079650878906,,
dc:b4:d9:13:ed:8c,2026-05-25 12:56:40+00,on,32.511634826660156,72.7199172973633,,
dc:b4:d9:13:ed:8c,2026-05-25 12:56:45+00,on,32.46623992919922,72.6466751098633,,
dc:b4:d9:13:ed:8c,2026-05-25 12:56:50+00,on,32.45288848876953,72.5917434692383,,
dc:b4:d9:13:ed:8c,2026-05-25 12:56:55+00,on,32.41016387939453,72.4666213989258,,
dc:b4:d9:13:ed:8c,2026-05-25 12:57:00+00,on,32.38079071044922,72.5123977661133,,
dc:b4:d9:13:ed:8c,2026-05-25 12:57:05+00,on,32.41016387939453,72.7199172973633,,
dc:b4:d9:13:ed:8c,2026-05-25 12:57:10+00,on,32.38079071044922,72.8389434814453,,
dc:b4:d9:13:ed:8c,2026-05-25 12:57:15+00,on,32.41016387939453,73.0037384033203,,
dc:b4:d9:13:ed:8c,2026-05-25 12:57:21+00,on,32.396812438964844,73.0312042236328,,
dc:b4:d9:13:ed:8c,2026-05-25 12:57:26+00,on,32.42351531982422,73.0067901611328,,
dc:b4:d9:13:ed:8c,2026-05-25 12:57:31+00,on,32.41016387939453,73.0037384033203,,
dc:b4:d9:13:ed:8c,2026-05-25 12:57:36+00,on,32.41016387939453,72.89845275878906,,
dc:b4:d9:13:ed:8c,2026-05-25 12:57:41+00,on,32.38079071044922,72.7657012939453,,
dc:b4:d9:13:ed:8c,2026-05-25 12:57:46+00,on,32.35408401489258,72.63294219970703,,
dc:b4:d9:13:ed:8c,2026-05-25 12:57:51+00,on,32.35408401489258,72.7504425048828,,
dc:b4:d9:13:ed:8c,2026-05-25 12:57:56+00,on,32.35408401489258,72.77943420410156,,
dc:b4:d9:13:ed:8c,2026-05-25 12:58:01+00,on,32.367435455322266,72.84657287597656,,
dc:b4:d9:13:ed:8c,2026-05-25 12:58:06+00,on,32.324710845947266,72.74280548095703,,
dc:b4:d9:13:ed:8c,2026-05-25 12:58:11+00,on,32.2980079650879,72.77943420410156,,
dc:b4:d9:13:ed:8c,2026-05-25 12:58:16+00,on,32.324710845947266,72.74280548095703,,
dc:b4:d9:13:ed:8c,2026-05-25 12:58:21+00,on,32.324710845947266,72.80690002441406,,
dc:b4:d9:13:ed:8c,2026-05-25 12:58:26+00,on,32.324710845947266,72.88929748535156,,
dc:b4:d9:13:ed:8c,2026-05-25 12:58:31+00,on,32.324710845947266,73.0159454345703,,
dc:b4:d9:13:ed:8c,2026-05-25 12:58:36+00,on,32.31135940551758,72.9610137939453,,
dc:b4:d9:13:ed:8c,2026-05-25 12:58:41+00,on,32.3407325744629,72.9060821533203,,
dc:b4:d9:13:ed:8c,2026-05-25 12:58:47+00,on,32.367435455322266,72.9945831298828,,
dc:b4:d9:13:ed:8c,2026-05-25 12:58:52+00,on,32.38079071044922,73.1990509033203,,
dc:b4:d9:13:ed:8c,2026-05-25 12:58:57+00,on,32.41016387939453,73.18226623535156,,
dc:b4:d9:13:ed:8c,2026-05-25 12:59:02+00,on,32.4368667602539,73.1685333251953,,
dc:b4:d9:13:ed:8c,2026-05-25 12:59:07+00,on,32.45288848876953,73.1502227783203,,
dc:b4:d9:13:ed:8c,2026-05-25 12:59:12+00,on,32.45288848876953,73.1502227783203,,
dc:b4:d9:13:ed:8c,2026-05-25 12:59:17+00,on,32.4368667602539,73.08460998535156,,
dc:b4:d9:13:ed:8c,2026-05-25 12:59:22+00,on,32.482261657714844,73.0403594970703,,
dc:b4:d9:13:ed:8c,2026-05-25 12:59:27+00,on,32.49561309814453,73.01136779785156,,
dc:b4:d9:13:ed:8c,2026-05-25 12:59:32+00,on,32.49561309814453,73.0342559814453,,
dc:b4:d9:13:ed:8c,2026-05-25 12:59:37+00,on,32.524986267089844,73.0403594970703,,
dc:b4:d9:13:ed:8c,2026-05-25 12:59:42+00,on,32.53833770751953,72.9671173095703,,
dc:b4:d9:13:ed:8c,2026-05-25 12:59:47+00,on,32.524986267089844,72.9121856689453,,
dc:b4:d9:13:ed:8c,2026-05-25 12:59:52+00,on,32.53833770751953,72.8847198486328,,
dc:b4:d9:13:ed:8c,2026-05-25 12:59:57+00,on,32.53833770751953,72.87403869628906,,
dc:b4:d9:13:ed:8c,2026-05-25 13:00:02+00,on,32.53833770751953,72.9060821533203,,
dc:b4:d9:13:ed:8c,2026-05-25 13:00:08+00,on,32.55168914794922,72.92897033691406,,
dc:b4:d9:13:ed:8c,2026-05-25 13:00:13+00,on,32.567710876464844,73.00831604003906,,
dc:b4:d9:13:ed:8c,2026-05-25 13:00:18+00,on,32.53833770751953,72.9488067626953,,
dc:b4:d9:13:ed:8c,2026-05-25 13:00:23+00,on,32.53833770751953,72.93812561035156,,
dc:b4:d9:13:ed:8c,2026-05-25 13:00:28+00,on,32.567710876464844,72.97474670410156,,
dc:b4:d9:13:ed:8c,2026-05-25 13:00:33+00,on,32.511634826660156,73.0037384033203,,
dc:b4:d9:13:ed:8c,2026-05-25 13:00:38+00,on,32.567710876464844,73.0708770751953,,
dc:b4:d9:13:ed:8c,2026-05-25 13:00:43+00,on,32.567710876464844,73.08155822753906,,
dc:b4:d9:13:ed:8c,2026-05-25 13:00:48+00,on,32.58106231689453,73.0312042236328,,
dc:b4:d9:13:ed:8c,2026-05-25 13:00:53+00,on,32.55168914794922,73.0769805908203,,
dc:b4:d9:13:ed:8c,2026-05-25 13:00:58+00,on,32.524986267089844,72.9884796142578,,
dc:b4:d9:13:ed:8c,2026-05-25 13:01:03+00,on,32.55168914794922,73.0128936767578,,
dc:b4:d9:13:ed:8c,2026-05-25 13:01:08+00,on,32.524986267089844,72.81605529785156,,
dc:b4:d9:13:ed:8c,2026-05-25 13:01:13+00,on,32.53833770751953,72.8206329345703,,
dc:b4:d9:13:ed:8c,2026-05-25 13:01:18+00,on,32.53833770751953,72.8419952392578,,
dc:b4:d9:13:ed:8c,2026-05-25 13:01:23+00,on,32.55168914794922,72.9518585205078,,
dc:b4:d9:13:ed:8c,2026-05-25 13:01:28+00,on,32.53833770751953,72.9671173095703,,
dc:b4:d9:13:ed:8c,2026-05-25 13:01:34+00,on,32.55168914794922,72.98085021972656,,
dc:b4:d9:13:ed:8c,2026-05-25 13:01:39+00,on,32.53833770751953,73.00221252441406,,
dc:b4:d9:13:ed:8c,2026-05-25 13:01:44+00,on,32.511634826660156,72.98390197753906,,
dc:b4:d9:13:ed:8c,2026-05-25 13:01:49+00,on,32.511634826660156,73.0159454345703,,
dc:b4:d9:13:ed:8c,2026-05-25 13:01:54+00,on,32.46623992919922,72.9945831298828,,
dc:b4:d9:13:ed:8c,2026-05-25 13:01:59+00,on,32.41016387939453,72.7931671142578,,
dc:b4:d9:13:ed:8c,2026-05-25 13:02:04+00,on,32.38079071044922,72.9243927001953,,
dc:b4:d9:13:ed:8c,2026-05-25 13:02:09+00,on,32.396812438964844,73.0434112548828,,
dc:b4:d9:13:ed:8c,2026-05-25 13:02:14+00,on,32.38079071044922,73.09376525878906,,
dc:b4:d9:13:ed:8c,2026-05-25 13:02:19+00,on,32.38079071044922,73.24024963378906,,
dc:b4:d9:13:ed:8c,2026-05-25 13:02:24+00,on,32.396812438964844,73.2768783569336,,
dc:b4:d9:13:ed:8c,2026-05-25 13:02:29+00,on,32.41016387939453,73.35469818115234,,
dc:b4:d9:13:ed:8c,2026-05-25 13:02:34+00,on,32.38079071044922,73.3562240600586,,
dc:b4:d9:13:ed:8c,2026-05-25 13:02:39+00,on,32.45288848876953,73.37300872802734,,
dc:b4:d9:13:ed:8c,2026-05-25 13:02:44+00,on,32.4368667602539,73.3470687866211,,
dc:b4:d9:13:ed:8c,2026-05-25 13:02:49+00,on,32.45288848876953,73.36385345458984,,
dc:b4:d9:13:ed:8c,2026-05-25 13:02:54+00,on,32.4368667602539,73.32723236083984,,
dc:b4:d9:13:ed:8c,2026-05-25 13:03:00+00,on,32.42351531982422,73.26924896240234,,
dc:b4:d9:13:ed:8c,2026-05-25 13:03:05+00,on,32.41016387939453,73.11817932128906,,
dc:b4:d9:13:ed:8c,2026-05-25 13:03:10+00,on,32.396812438964844,73.13954162597656,,
dc:b4:d9:13:ed:8c,2026-05-25 13:03:15+00,on,32.38079071044922,73.14564514160156,,
dc:b4:d9:13:ed:8c,2026-05-25 13:03:20+00,on,32.38079071044922,73.14564514160156,,
dc:b4:d9:13:ed:8c,2026-05-25 13:03:25+00,on,32.396812438964844,73.14869689941406,,
dc:b4:d9:13:ed:8c,2026-05-25 13:03:30+00,on,32.367435455322266,73.1959991455078,,
dc:b4:d9:13:ed:8c,2026-05-25 13:03:35+00,on,32.3407325744629,73.0952911376953,,
dc:b4:d9:13:ed:8c,2026-05-25 13:03:40+00,on,32.35408401489258,73.13954162597656,,
dc:b4:d9:13:ed:8c,2026-05-25 13:03:45+00,on,32.367435455322266,73.2082061767578,,
dc:b4:d9:13:ed:8c,2026-05-25 13:03:50+00,on,32.35408401489258,73.18226623535156,,
dc:b4:d9:13:ed:8c,2026-05-25 13:03:55+00,on,32.3407325744629,73.1685333251953,,
dc:b4:d9:13:ed:8c,2026-05-25 13:04:00+00,on,32.3407325744629,73.2417755126953,,
dc:b4:d9:13:ed:8c,2026-05-25 13:04:05+00,on,32.367435455322266,73.2082061767578,,
dc:b4:d9:13:ed:8c,2026-05-25 13:04:10+00,on,32.35408401489258,73.2555160522461,,
dc:b4:d9:13:ed:8c,2026-05-25 13:04:15+00,on,32.3407325744629,73.23109436035156,,
dc:b4:d9:13:ed:8c,2026-05-25 13:04:21+00,on,32.31135940551758,73.1624298095703,,
dc:b4:d9:13:ed:8c,2026-05-25 13:04:26+00,on,32.2846565246582,72.96559143066406,,
dc:b4:d9:13:ed:8c,2026-05-25 13:04:31+00,on,32.31135940551758,73.0128936767578,,
dc:b4:d9:13:ed:8c,2026-05-25 13:04:36+00,on,32.2980079650879,73.1166534423828,,
dc:b4:d9:13:ed:8c,2026-05-25 13:04:41+00,on,32.324710845947266,73.1959991455078,,
dc:b4:d9:13:ed:8c,2026-05-25 13:04:46+00,on,32.31135940551758,73.13038635253906,,
dc:b4:d9:13:ed:8c,2026-05-25 13:04:51+00,on,32.3407325744629,73.1685333251953,,
dc:b4:d9:13:ed:8c,2026-05-25 13:04:56+00,on,32.3407325744629,73.15785217285156,,
dc:b4:d9:13:ed:8c,2026-05-25 13:05:01+00,on,32.367435455322266,73.1959991455078,,
dc:b4:d9:13:ed:8c,2026-05-25 13:05:06+00,on,32.35408401489258,73.21278381347656,,
dc:b4:d9:13:ed:8c,2026-05-25 13:05:11+00,on,32.3407325744629,73.22193908691406,,
dc:b4:d9:13:ed:8c,2026-05-25 13:05:16+00,on,32.38079071044922,73.25093841552734,,
dc:b4:d9:13:ed:8c,2026-05-25 13:05:21+00,on,32.3407325744629,73.23109436035156,,
dc:b4:d9:13:ed:8c,2026-05-25 13:05:26+00,on,32.35408401489258,73.21278381347656,,
dc:b4:d9:13:ed:8c,2026-05-25 13:05:31+00,on,32.3407325744629,73.1776885986328,,
dc:b4:d9:13:ed:8c,2026-05-25 13:05:36+00,on,32.35408401489258,73.2356719970703,,
dc:b4:d9:13:ed:8c,2026-05-25 13:05:41+00,on,32.38079071044922,73.15785217285156,,
dc:b4:d9:13:ed:8c,2026-05-25 13:05:47+00,on,32.38079071044922,73.1044464111328,,
dc:b4:d9:13:ed:8c,2026-05-25 13:05:52+00,on,32.367435455322266,72.95338439941406,,
dc:b4:d9:13:ed:8c,2026-05-25 13:05:57+00,on,32.396812438964844,72.9060821533203,,
dc:b4:d9:13:ed:8c,2026-05-25 13:06:02+00,on,32.396812438964844,72.9488067626953,,
dc:b4:d9:13:ed:8c,2026-05-25 13:06:07+00,on,32.4368667602539,73.0525665283203,,
dc:b4:d9:13:ed:8c,2026-05-25 13:06:12+00,on,32.45288848876953,73.0983428955078,,
dc:b4:d9:13:ed:8c,2026-05-25 13:06:17+00,on,32.45288848876953,73.10902404785156,,
dc:b4:d9:13:ed:8c,2026-05-25 13:06:22+00,on,32.46623992919922,73.0891876220703,,
dc:b4:d9:13:ed:8c,2026-05-25 13:06:27+00,on,32.482261657714844,73.0617218017578,,
dc:b4:d9:13:ed:8c,2026-05-25 13:06:32+00,on,32.511634826660156,73.0037384033203,,
dc:b4:d9:13:ed:8c,2026-05-25 13:06:37+00,on,32.53833770751953,72.99000549316406,,
dc:b4:d9:13:ed:8c,2026-05-25 13:06:42+00,on,32.53833770751953,72.9671173095703,,
dc:b4:d9:13:ed:8c,2026-05-25 13:06:47+00,on,32.55168914794922,72.9396514892578,,
dc:b4:d9:13:ed:8c,2026-05-25 13:06:52+00,on,32.58106231689453,72.9060821533203,,
dc:b4:d9:13:ed:8c,2026-05-25 13:06:57+00,on,32.55168914794922,72.9396514892578,,
dc:b4:d9:13:ed:8c,2026-05-25 13:07:02+00,on,32.53833770751953,72.9671173095703,,
dc:b4:d9:13:ed:8c,2026-05-25 13:07:07+00,on,32.53833770751953,72.9579620361328,,
dc:b4:d9:13:ed:8c,2026-05-25 13:07:13+00,on,32.53833770751953,72.8938751220703,,
dc:b4:d9:13:ed:8c,2026-05-25 13:07:18+00,on,32.53833770751953,72.86183166503906,,
dc:b4:d9:13:ed:8c,2026-05-25 13:07:23+00,on,32.55168914794922,72.8877716064453,,
dc:b4:d9:13:ed:8c,2026-05-25 13:07:28+00,on,32.55168914794922,72.9396514892578,,
dc:b4:d9:13:ed:8c,2026-05-25 13:07:33+00,on,32.567710876464844,72.90150451660156,,
dc:b4:d9:13:ed:8c,2026-05-25 13:07:38+00,on,32.567710876464844,72.9121856689453,,
dc:b4:d9:13:ed:8c,2026-05-25 13:07:43+00,on,32.58106231689453,72.88319396972656,,
dc:b4:d9:13:ed:8c,2026-05-25 13:07:48+00,on,32.567710876464844,72.88014221191406,,
dc:b4:d9:13:ed:8c,2026-05-25 13:07:53+00,on,32.567710876464844,72.9213409423828,,
dc:b4:d9:13:ed:8c,2026-05-25 13:07:58+00,on,32.58106231689453,72.86183166503906,,
dc:b4:d9:13:ed:8c,2026-05-25 13:08:03+00,on,32.55168914794922,72.85572814941406,,
dc:b4:d9:13:ed:8c,2026-05-25 13:08:08+00,on,32.567710876464844,72.8694610595703,,
dc:b4:d9:13:ed:8c,2026-05-25 13:08:13+00,on,32.59441375732422,72.85572814941406,,
dc:b4:d9:13:ed:8c,2026-05-25 13:08:18+00,on,32.58106231689453,72.8511505126953,,
dc:b4:d9:13:ed:8c,2026-05-25 13:08:23+00,on,32.55168914794922,72.91065979003906,,
dc:b4:d9:13:ed:8c,2026-05-25 13:08:28+00,on,32.524986267089844,72.93507385253906,,
dc:b4:d9:13:ed:8c,2026-05-25 13:08:33+00,on,32.511634826660156,72.9518585205078,,
dc:b4:d9:13:ed:8c,2026-05-25 13:08:39+00,on,32.53833770751953,73.0220489501953,,
dc:b4:d9:13:ed:8c,2026-05-25 13:08:44+00,on,32.55168914794922,73.03578186035156,,
dc:b4:d9:13:ed:8c,2026-05-25 13:08:49+00,on,32.567710876464844,73.02662658691406,,
dc:b4:d9:13:ed:8c,2026-05-25 13:08:54+00,on,32.58106231689453,73.01136779785156,,
dc:b4:d9:13:ed:8c,2026-05-25 13:08:59+00,on,32.567710876464844,73.0708770751953,,
dc:b4:d9:13:ed:8c,2026-05-25 13:09:04+00,on,32.58106231689453,73.0525665283203,,
dc:b4:d9:13:ed:8c,2026-05-25 13:09:09+00,on,32.55168914794922,73.0251007080078,,
dc:b4:d9:13:ed:8c,2026-05-25 13:09:14+00,on,32.567710876464844,73.02662658691406,,
dc:b4:d9:13:ed:8c,2026-05-25 13:09:19+00,on,32.567710876464844,73.00831604003906,,
dc:b4:d9:13:ed:8c,2026-05-25 13:09:24+00,on,32.567710876464844,72.88014221191406,,
dc:b4:d9:13:ed:8c,2026-05-25 13:09:29+00,on,32.49561309814453,72.80079650878906,,
dc:b4:d9:13:ed:8c,2026-05-25 13:09:34+00,on,32.511634826660156,72.8480987548828,,
dc:b4:d9:13:ed:8c,2026-05-25 13:09:39+00,on,32.482261657714844,72.8419952392578,,
dc:b4:d9:13:ed:8c,2026-05-25 13:09:44+00,on,32.49561309814453,72.91676330566406,,
dc:b4:d9:13:ed:8c,2026-05-25 13:09:49+00,on,32.482261657714844,72.94422912597656,,
dc:b4:d9:13:ed:8c,2026-05-25 13:09:54+00,on,32.511634826660156,73.0159454345703,,
dc:b4:d9:13:ed:8c,2026-05-25 13:10:00+00,on,32.482261657714844,73.0617218017578,,
dc:b4:d9:13:ed:8c,2026-05-25 13:10:05+00,on,32.49561309814453,72.98085021972656,,
dc:b4:d9:13:ed:8c,2026-05-25 13:10:10+00,on,32.511634826660156,72.9427032470703,,
dc:b4:d9:13:ed:8c,2026-05-25 13:10:15+00,on,32.49561309814453,72.8755645751953,,
dc:b4:d9:13:ed:8c,2026-05-25 13:10:20+00,on,32.482261657714844,72.9152374267578,,
dc:b4:d9:13:ed:8c,2026-05-25 13:10:25+00,on,32.482261657714844,73.02052307128906,,
dc:b4:d9:13:ed:8c,2026-05-25 13:10:30+00,on,32.49561309814453,73.01136779785156,,
dc:b4:d9:13:ed:8c,2026-05-25 13:10:35+00,on,32.49561309814453,72.98085021972656,,
dc:b4:d9:13:ed:8c,2026-05-25 13:10:40+00,on,32.511634826660156,72.96253967285156,,
dc:b4:d9:13:ed:8c,2026-05-25 13:10:45+00,on,32.511634826660156,72.9304962158203,,
dc:b4:d9:13:ed:8c,2026-05-25 13:10:50+00,on,32.511634826660156,72.7931671142578,,
dc:b4:d9:13:ed:8c,2026-05-25 13:10:55+00,on,32.511634826660156,72.7199172973633,,
dc:b4:d9:13:ed:8c,2026-05-25 13:11:00+00,on,32.53833770751953,72.5459671020508,,
dc:b4:d9:13:ed:8c,2026-05-25 13:11:05+00,on,32.55168914794922,72.5917434692383,,
dc:b4:d9:13:ed:8c,2026-05-25 13:11:10+00,on,32.567710876464844,72.61768341064453,,
dc:b4:d9:13:ed:8c,2026-05-25 13:11:15+00,on,32.567710876464844,72.5734329223633,,
dc:b4:d9:13:ed:8c,2026-05-25 13:11:20+00,on,32.53833770751953,72.4300003051758,,
dc:b4:d9:13:ed:8c,2026-05-25 13:11:26+00,on,32.511634826660156,72.3933792114258,,
dc:b4:d9:13:ed:8c,2026-05-25 13:11:31+00,on,32.482261657714844,72.3628616333008,,
dc:b4:d9:13:ed:8c,2026-05-25 13:11:36+00,on,32.46623992919922,72.47730255126953,,
dc:b4:d9:13:ed:8c,2026-05-25 13:11:41+00,on,32.45288848876953,72.50476837158203,,
dc:b4:d9:13:ed:8c,2026-05-25 13:11:46+00,on,32.42351531982422,72.4269485473633,,
dc:b4:d9:13:ed:8c,2026-05-25 13:11:51+00,on,32.38079071044922,72.4483108520508,,
dc:b4:d9:13:ed:8c,2026-05-25 13:11:56+00,on,32.35408401489258,72.4757766723633,,
dc:b4:d9:13:ed:8c,2026-05-25 13:12:01+00,on,32.367435455322266,72.4574661254883,,
dc:b4:d9:13:ed:8c,2026-05-25 13:12:06+00,on,32.35408401489258,72.5368118286133,,
dc:b4:d9:13:ed:8c,2026-05-25 13:12:11+00,on,32.38079071044922,72.54444122314453,,
dc:b4:d9:13:ed:8c,2026-05-25 13:12:16+00,on,32.35408401489258,72.59021759033203,,
dc:b4:d9:13:ed:8c,2026-05-25 13:12:21+00,on,32.31135940551758,72.58106231689453,,
dc:b4:d9:13:ed:8c,2026-05-25 13:12:26+00,on,32.2552833557129,72.45288848876953,,
dc:b4:d9:13:ed:8c,2026-05-25 13:12:31+00,on,32.228580474853516,72.53223419189453,,
dc:b4:d9:13:ed:8c,2026-05-25 13:12:36+00,on,32.228580474853516,72.6039505004883,,
dc:b4:d9:13:ed:8c,2026-05-25 13:12:41+00,on,32.21522903442383,72.63599395751953,,
dc:b4:d9:13:ed:8c,2026-05-25 13:12:46+00,on,32.15915298461914,72.6832962036133,,
dc:b4:d9:13:ed:8c,2026-05-25 13:12:52+00,on,32.17250442504883,72.70923614501953,,
dc:b4:d9:13:ed:8c,2026-05-25 13:12:57+00,on,32.17250442504883,72.8145294189453,,
dc:b4:d9:13:ed:8c,2026-05-25 13:13:02+00,on,32.143131256103516,72.8389434814453,,
dc:b4:d9:13:ed:8c,2026-05-25 13:13:07+00,on,32.15915298461914,72.87403869628906,,
dc:b4:d9:13:ed:8c,2026-05-25 13:13:12+00,on,32.15915298461914,72.8969268798828,,
dc:b4:d9:13:ed:8c,2026-05-25 13:13:17+00,on,32.15915298461914,72.8114776611328,,
dc:b4:d9:13:ed:8c,2026-05-25 13:13:22+00,on,32.17250442504883,72.8877716064453,,
dc:b4:d9:13:ed:8c,2026-05-25 13:13:27+00,on,32.17250442504883,72.91065979003906,,
dc:b4:d9:13:ed:8c,2026-05-25 13:13:32+00,on,32.15915298461914,72.92591857910156,,
dc:b4:d9:13:ed:8c,2026-05-25 13:13:37+00,on,32.15915298461914,72.9060821533203,,
dc:b4:d9:13:ed:8c,2026-05-25 13:13:42+00,on,32.12977981567383,72.9427032470703,,
dc:b4:d9:13:ed:8c,2026-05-25 13:13:47+00,on,32.143131256103516,73.01747131347656,,
dc:b4:d9:13:ed:8c,2026-05-25 13:13:52+00,on,32.17250442504883,73.04798889160156,,
dc:b4:d9:13:ed:8c,2026-05-25 13:13:57+00,on,32.185855865478516,73.00831604003906,,
dc:b4:d9:13:ed:8c,2026-05-25 13:14:02+00,on,32.21522903442383,73.04493713378906,,
dc:b4:d9:13:ed:8c,2026-05-25 13:14:07+00,on,32.228580474853516,73.0067901611328,,
dc:b4:d9:13:ed:8c,2026-05-25 13:14:13+00,on,32.228580474853516,72.9945831298828,,
dc:b4:d9:13:ed:8c,2026-05-25 13:14:18+00,on,32.228580474853516,73.0708770751953,,
dc:b4:d9:13:ed:8c,2026-05-25 13:14:23+00,on,32.2552833557129,73.05409240722656,,
dc:b4:d9:13:ed:8c,2026-05-25 13:14:28+00,on,32.2552833557129,73.07545471191406,,
dc:b4:d9:13:ed:8c,2026-05-25 13:14:33+00,on,32.2846565246582,73.08155822753906,,
dc:b4:d9:13:ed:8c,2026-05-25 13:14:38+00,on,32.2846565246582,73.0067901611328,,
dc:b4:d9:13:ed:8c,2026-05-25 13:14:43+00,on,32.2552833557129,72.8236846923828,,
dc:b4:d9:13:ed:8c,2026-05-25 13:14:48+00,on,32.271305084228516,72.7412796020508,,
dc:b4:d9:13:ed:8c,2026-05-25 13:14:53+00,on,32.271305084228516,72.63599395751953,,
dc:b4:d9:13:ed:8c,2026-05-25 13:14:58+00,on,32.2846565246582,72.60852813720703,,
dc:b4:d9:13:ed:8c,2026-05-25 13:15:03+00,on,32.324710845947266,72.5825881958008,,
dc:b4:d9:13:ed:8c,2026-05-25 13:15:08+00,on,32.324710845947266,72.54138946533203,,
dc:b4:d9:13:ed:8c,2026-05-25 13:15:13+00,on,32.35408401489258,72.52613067626953,,
dc:b4:d9:13:ed:8c,2026-05-25 13:15:18+00,on,32.35408401489258,72.62378692626953,,
dc:b4:d9:13:ed:8c,2026-05-25 13:15:23+00,on,32.367435455322266,72.7107620239258,,
dc:b4:d9:13:ed:8c,2026-05-25 13:15:28+00,on,32.367435455322266,72.7412796020508,,
dc:b4:d9:13:ed:8c,2026-05-25 13:15:33+00,on,32.38079071044922,72.75502014160156,,
dc:b4:d9:13:ed:8c,2026-05-25 13:15:39+00,on,32.396812438964844,72.72754669189453,,
dc:b4:d9:13:ed:8c,2026-05-25 13:15:44+00,on,32.41016387939453,72.6680374145508,,
dc:b4:d9:13:ed:8c,2026-05-25 13:15:49+00,on,32.396812438964844,72.6832962036133,,
dc:b4:d9:13:ed:8c,2026-05-25 13:15:54+00,on,32.41016387939453,72.7321243286133,,
dc:b4:d9:13:ed:8c,2026-05-25 13:15:59+00,on,32.4368667602539,72.7565460205078,,
dc:b4:d9:13:ed:8c,2026-05-25 13:16:04+00,on,32.4368667602539,72.8328399658203,,
dc:b4:d9:13:ed:8c,2026-05-25 13:16:09+00,on,32.42351531982422,72.70008087158203,,
dc:b4:d9:13:ed:8c,2026-05-25 13:16:14+00,on,32.41016387939453,72.55970001220703,,
dc:b4:d9:13:ed:8c,2026-05-25 13:16:19+00,on,32.42351531982422,72.46814727783203,,
dc:b4:d9:13:ed:8c,2026-05-25 13:16:24+00,on,32.396812438964844,72.3903274536133,,
dc:b4:d9:13:ed:8c,2026-05-25 13:16:29+00,on,32.35408401489258,72.2621536254883,,
dc:b4:d9:13:ed:8c,2026-05-25 13:16:34+00,on,32.324710845947266,72.32166290283203,,
dc:b4:d9:13:ed:8c,2026-05-25 13:16:39+00,on,32.35408401489258,72.35828399658203,,
dc:b4:d9:13:ed:8c,2026-05-25 13:16:44+00,on,32.324710845947266,72.3933792114258,,
dc:b4:d9:13:ed:8c,2026-05-25 13:16:49+00,on,32.324710845947266,72.42542266845703,,
dc:b4:d9:13:ed:8c,2026-05-25 13:16:54+00,on,32.2846565246582,72.40711212158203,,
dc:b4:d9:13:ed:8c,2026-05-25 13:16:59+00,on,32.271305084228516,72.5307083129883,,
dc:b4:d9:13:ed:8c,2026-05-25 13:17:05+00,on,32.2419319152832,72.53528594970703,,
dc:b4:d9:13:ed:8c,2026-05-25 13:17:10+00,on,32.185855865478516,72.5215530395508,,
dc:b4:d9:13:ed:8c,2026-05-25 13:17:15+00,on,32.1992073059082,72.72449493408203,,
dc:b4:d9:13:ed:8c,2026-05-25 13:17:20+00,on,32.1992073059082,72.74585723876953,,
dc:b4:d9:13:ed:8c,2026-05-25 13:17:25+00,on,32.21522903442383,72.7290725708008,,
dc:b4:d9:13:ed:8c,2026-05-25 13:17:30+00,on,32.1992073059082,72.79774475097656,,
dc:b4:d9:13:ed:8c,2026-05-25 13:17:35+00,on,32.17250442504883,72.82521057128906,,
dc:b4:d9:13:ed:8c,2026-05-25 13:17:40+00,on,32.17250442504883,72.78248596191406,,
dc:b4:d9:13:ed:8c,2026-05-25 13:17:45+00,on,32.15915298461914,72.78858947753906,,
dc:b4:d9:13:ed:8c,2026-05-25 13:17:50+00,on,32.15915298461914,72.71839141845703,,
dc:b4:d9:13:ed:8c,2026-05-25 13:17:55+00,on,32.185855865478516,72.7840118408203,,
dc:b4:d9:13:ed:8c,2026-05-25 13:18:00+00,on,32.1992073059082,72.6924514770508,,
dc:b4:d9:13:ed:8c,2026-05-25 13:18:05+00,on,32.15915298461914,72.6832962036133,,
dc:b4:d9:13:ed:8c,2026-05-25 13:18:10+00,on,32.143131256103516,72.6497268676758,,
dc:b4:d9:13:ed:8c,2026-05-25 13:18:15+00,on,32.08705139160156,72.6375198364258,,
dc:b4:d9:13:ed:8c,2026-05-25 13:18:20+00,on,32.06034851074219,72.6741409301758,,
dc:b4:d9:13:ed:8c,2026-05-25 13:18:26+00,on,32.0469970703125,72.68177032470703,,
dc:b4:d9:13:ed:8c,2026-05-25 13:18:31+00,on,31.988250732421875,72.82826232910156,,
dc:b4:d9:13:ed:8c,2026-05-25 13:18:36+00,on,31.988250732421875,72.9121856689453,,
dc:b4:d9:13:ed:8c,2026-05-25 13:18:41+00,on,31.97222900390625,73.00221252441406,,
dc:b4:d9:13:ed:8c,2026-05-25 13:18:46+00,on,31.958877563476562,72.99916076660156,,
dc:b4:d9:13:ed:8c,2026-05-25 13:18:51+00,on,31.958877563476562,73.06324768066406,,
dc:b4:d9:13:ed:8c,2026-05-25 13:18:56+00,on,31.958877563476562,73.14869689941406,,
dc:b4:d9:13:ed:8c,2026-05-25 13:19:01+00,on,31.988250732421875,73.17311096191406,,
dc:b4:d9:13:ed:8c,2026-05-25 13:19:06+00,on,32.01762390136719,73.25399017333984,,
dc:b4:d9:13:ed:8c,2026-05-25 13:19:11+00,on,32.01762390136719,73.2448272705078,,
dc:b4:d9:13:ed:8c,2026-05-25 13:19:16+00,on,32.030975341796875,73.19447326660156,,
dc:b4:d9:13:ed:8c,2026-05-25 13:19:21+00,on,32.00160217285156,73.14564514160156,,
dc:b4:d9:13:ed:8c,2026-05-25 13:19:26+00,on,32.00160217285156,73.0617218017578,,
dc:b4:d9:13:ed:8c,2026-05-25 13:19:31+00,on,32.030975341796875,73.12123107910156,,
dc:b4:d9:13:ed:8c,2026-05-25 13:19:36+00,on,32.01762390136719,73.05409240722656,,
dc:b4:d9:13:ed:8c,2026-05-25 13:19:41+00,on,32.0469970703125,73.08155822753906,,
dc:b4:d9:13:ed:8c,2026-05-25 13:19:46+00,on,32.01762390136719,72.99000549316406,,
dc:b4:d9:13:ed:8c,2026-05-25 13:19:52+00,on,31.988250732421875,72.98390197753906,,
dc:b4:d9:13:ed:8c,2026-05-25 13:19:57+00,on,32.00160217285156,73.02967834472656,,
dc:b4:d9:13:ed:8c,2026-05-25 13:20:02+00,on,32.030975341796875,73.0037384033203,,
dc:b4:d9:13:ed:8c,2026-05-25 13:20:07+00,on,32.030975341796875,73.0678253173828,,
dc:b4:d9:13:ed:8c,2026-05-25 13:20:12+00,on,32.116424560546875,73.13954162597656,,
dc:b4:d9:13:ed:8c,2026-05-25 13:20:17+00,on,32.143131256103516,73.16700744628906,,
dc:b4:d9:13:ed:8c,2026-05-25 13:20:22+00,on,32.185855865478516,73.09071350097656,,
dc:b4:d9:13:ed:8c,2026-05-25 13:20:27+00,on,32.2419319152832,73.02052307128906,,
dc:b4:d9:13:ed:8c,2026-05-25 13:20:32+00,on,32.2846565246582,72.94422912597656,,
dc:b4:d9:13:ed:8c,2026-05-25 13:20:37+00,on,32.35408401489258,72.8236846923828,,
dc:b4:d9:13:ed:8c,2026-05-25 13:20:42+00,on,32.367435455322266,72.68787384033203,,
dc:b4:d9:13:ed:8c,2026-05-25 13:20:47+00,on,32.396812438964844,72.59021759033203,,
dc:b4:d9:13:ed:8c,2026-05-25 13:20:52+00,on,32.41016387939453,72.50782012939453,,
dc:b4:d9:13:ed:8c,2026-05-25 13:20:57+00,on,32.45288848876953,72.4025344848633,,
dc:b4:d9:13:ed:8c,2026-05-25 13:21:02+00,on,32.482261657714844,72.2896194458008,,
dc:b4:d9:13:ed:8c,2026-05-25 13:21:07+00,on,32.49561309814453,72.1873779296875,,
dc:b4:d9:13:ed:8c,2026-05-25 13:21:12+00,on,32.482261657714844,71.98291015625,,
dc:b4:d9:13:ed:8c,2026-05-25 13:21:18+00,on,32.46623992919922,71.88677978515625,,
dc:b4:d9:13:ed:8c,2026-05-25 13:21:23+00,on,32.46623992919922,71.7494430541992,,
dc:b4:d9:13:ed:8c,2026-05-25 13:21:28+00,on,32.49561309814453,71.86236572265625,,
dc:b4:d9:13:ed:8c,2026-05-25 13:21:33+00,on,32.49561309814453,71.903564453125,,
dc:b4:d9:13:ed:8c,2026-05-25 13:21:38+00,on,32.524986267089844,72.01495361328125,,
dc:b4:d9:13:ed:8c,2026-05-25 13:21:43+00,on,32.53833770751953,72.00885009765625,,
dc:b4:d9:13:ed:8c,2026-05-25 13:21:48+00,on,32.53833770751953,72.0286865234375,,
dc:b4:d9:13:ed:8c,2026-05-25 13:21:53+00,on,32.58106231689453,72.00579833984375,,
dc:b4:d9:13:ed:8c,2026-05-25 13:21:58+00,on,32.59441375732422,71.97833251953125,,
dc:b4:d9:13:ed:8c,2026-05-25 13:22:03+00,on,32.62378692626953,71.90966796875,,
dc:b4:d9:13:ed:8c,2026-05-25 13:22:08+00,on,32.62378692626953,71.83642578125,,
dc:b4:d9:13:ed:8c,2026-05-25 13:22:13+00,on,32.66384506225586,71.7906494140625,,
dc:b4:d9:13:ed:8c,2026-05-25 13:22:18+00,on,32.679866790771484,71.68993377685547,,
dc:b4:d9:13:ed:8c,2026-05-25 13:22:23+00,on,32.70656967163086,71.65331268310547,,
dc:b4:d9:13:ed:8c,2026-05-25 13:22:28+00,on,32.69321823120117,71.60753631591797,,
dc:b4:d9:13:ed:8c,2026-05-25 13:22:33+00,on,32.70656967163086,71.60143280029297,,
dc:b4:d9:13:ed:8c,2026-05-25 13:22:38+00,on,32.679866790771484,71.47936248779297,,
dc:b4:d9:13:ed:8c,2026-05-25 13:22:44+00,on,32.679866790771484,71.2031707763672,,
dc:b4:d9:13:ed:8c,2026-05-25 13:22:49+00,on,32.66384506225586,71.1360321044922,,
dc:b4:d9:13:ed:8c,2026-05-25 13:22:54+00,on,32.637142181396484,71.08872985839844,,
dc:b4:d9:13:ed:8c,2026-05-25 13:22:59+00,on,32.637142181396484,71.1085662841797,,
dc:b4:d9:13:ed:8c,2026-05-25 13:23:04+00,on,32.66384506225586,71.2642135620117,,
dc:b4:d9:13:ed:8c,2026-05-25 13:23:09+00,on,32.66384506225586,71.3588180541992,,
dc:b4:d9:13:ed:8c,2026-05-25 13:23:14+00,on,32.679866790771484,71.42748260498047,,
dc:b4:d9:13:ed:8c,2026-05-25 13:23:19+00,on,32.69321823120117,71.3954391479492,,
dc:b4:d9:13:ed:8c,2026-05-25 13:23:24+00,on,32.70656967163086,71.3679733276367,,
dc:b4:d9:13:ed:8c,2026-05-25 13:23:29+00,on,32.69321823120117,71.3221969604492,,
dc:b4:d9:13:ed:8c,2026-05-25 13:23:34+00,on,32.70656967163086,71.3557662963867,,
dc:b4:d9:13:ed:8c,2026-05-25 13:23:39+00,on,32.73594284057617,71.3313522338867,,
dc:b4:d9:13:ed:8c,2026-05-25 13:23:44+00,on,32.775997161865234,71.29930877685547,,
dc:b4:d9:13:ed:8c,2026-05-25 13:23:49+00,on,32.76264572143555,71.2092742919922,,
dc:b4:d9:13:ed:8c,2026-05-25 13:23:54+00,on,32.775997161865234,71.1818084716797,,
dc:b4:d9:13:ed:8c,2026-05-25 13:23:59+00,on,32.76264572143555,71.16807556152344,,
dc:b4:d9:13:ed:8c,2026-05-25 13:24:05+00,on,32.80537033081055,71.16807556152344,,
dc:b4:d9:13:ed:8c,2026-05-25 13:24:10+00,on,32.79201889038086,71.1116180419922,,
dc:b4:d9:13:ed:8c,2026-05-25 13:24:15+00,on,32.80537033081055,71.03990173339844,,
dc:b4:d9:13:ed:8c,2026-05-25 13:24:20+00,on,32.83207321166992,71.0353240966797,,
dc:b4:d9:13:ed:8c,2026-05-25 13:24:25+00,on,32.80537033081055,70.8796844482422,,
dc:b4:d9:13:ed:8c,2026-05-25 13:24:30+00,on,32.775997161865234,70.7698211669922,,
dc:b4:d9:13:ed:8c,2026-05-25 13:24:35+00,on,32.80537033081055,70.8186492919922,,
dc:b4:d9:13:ed:8c,2026-05-25 13:24:40+00,on,32.818721771240234,70.90562438964844,,
dc:b4:d9:13:ed:8c,2026-05-25 13:24:45+00,on,32.775997161865234,70.96971130371094,,
dc:b4:d9:13:ed:8c,2026-05-25 13:24:50+00,on,32.818721771240234,70.97886657714844,,
dc:b4:d9:13:ed:8c,2026-05-25 13:24:55+00,on,32.861446380615234,70.9987030029297,,
dc:b4:d9:13:ed:8c,2026-05-25 13:25:00+00,on,32.87479782104492,70.9712371826172,,
dc:b4:d9:13:ed:8c,2026-05-25 13:25:05+00,on,32.84809494018555,70.98497009277344,,
dc:b4:d9:13:ed:8c,2026-05-25 13:25:10+00,on,32.83207321166992,70.9193572998047,,
dc:b4:d9:13:ed:8c,2026-05-25 13:25:15+00,on,32.83207321166992,70.9193572998047,,
dc:b4:d9:13:ed:8c,2026-05-25 13:25:20+00,on,32.87479782104492,70.9163055419922,,
dc:b4:d9:13:ed:8c,2026-05-25 13:25:25+00,on,32.861446380615234,70.8735809326172,,
dc:b4:d9:13:ed:8c,2026-05-25 13:25:31+00,on,32.888153076171875,70.8461151123047,,
dc:b4:d9:13:ed:8c,2026-05-25 13:25:36+00,on,32.888153076171875,70.81407165527344,,
dc:b4:d9:13:ed:8c,2026-05-25 13:25:41+00,on,32.9041748046875,70.89341735839844,,
dc:b4:d9:13:ed:8c,2026-05-25 13:25:46+00,on,32.91752624511719,71.2001190185547,,
dc:b4:d9:13:ed:8c,2026-05-25 13:25:51+00,on,32.930877685546875,71.2672653198242,,
dc:b4:d9:13:ed:8c,2026-05-25 13:25:56+00,on,32.91752624511719,71.11619567871094,,
dc:b4:d9:13:ed:8c,2026-05-25 13:26:01+00,on,32.9468994140625,71.28099822998047,,
dc:b4:d9:13:ed:8c,2026-05-25 13:26:06+00,on,32.962921142578125,71.40001678466797,,
dc:b4:d9:13:ed:8c,2026-05-25 13:26:11+00,on,32.930877685546875,71.2031707763672,,
dc:b4:d9:13:ed:8c,2026-05-25 13:26:16+00,on,32.9468994140625,71.05821228027344,,
dc:b4:d9:13:ed:8c,2026-05-25 13:26:21+00,on,32.962921142578125,70.9987030029297,,
dc:b4:d9:13:ed:8c,2026-05-25 13:26:26+00,on,32.9468994140625,71.1116180419922,,
dc:b4:d9:13:ed:8c,2026-05-25 13:26:31+00,on,32.962921142578125,71.0078582763672,,
dc:b4:d9:13:ed:8c,2026-05-25 13:26:36+00,on,32.962921142578125,70.95750427246094,,
dc:b4:d9:13:ed:8c,2026-05-25 13:26:41+00,on,32.97627258300781,71.01243591308594,,
dc:b4:d9:13:ed:8c,2026-05-25 13:26:46+00,on,32.9896240234375,71.0261688232422,,
dc:b4:d9:13:ed:8c,2026-05-25 13:26:51+00,on,33.00297546386719,70.9437713623047,,
dc:b4:d9:13:ed:8c,2026-05-25 13:26:57+00,on,33.00297546386719,71.04905700683594,,
dc:b4:d9:13:ed:8c,2026-05-25 13:27:02+00,on,33.01899719238281,71.04295349121094,,
dc:b4:d9:13:ed:8c,2026-05-25 13:27:07+00,on,33.01899719238281,70.95750427246094,,
dc:b4:d9:13:ed:8c,2026-05-25 13:27:12+00,on,33.04570007324219,70.92088317871094,,
dc:b4:d9:13:ed:8c,2026-05-25 13:27:17+00,on,33.0323486328125,70.9803924560547,,
dc:b4:d9:13:ed:8c,2026-05-25 13:27:22+00,on,33.04570007324219,70.92088317871094,,
dc:b4:d9:13:ed:8c,2026-05-25 13:27:27+00,on,33.0750732421875,70.87510681152344,,
dc:b4:d9:13:ed:8c,2026-05-25 13:27:32+00,on,33.08842468261719,70.9742889404297,,
dc:b4:d9:13:ed:8c,2026-05-25 13:27:37+00,on,33.101776123046875,70.9346160888672,,
dc:b4:d9:13:ed:8c,2026-05-25 13:27:42+00,on,33.11512756347656,70.91477966308594,,
dc:b4:d9:13:ed:8c,2026-05-25 13:27:47+00,on,33.101776123046875,70.8155975341797,,
dc:b4:d9:13:ed:8c,2026-05-25 13:27:52+00,on,33.13115310668945,70.7377700805664,,
dc:b4:d9:13:ed:8c,2026-05-25 13:27:57+00,on,33.13115310668945,70.6858901977539,,
dc:b4:d9:13:ed:8c,2026-05-25 13:28:02+00,on,33.13115310668945,70.70572662353516,,
dc:b4:d9:13:ed:8c,2026-05-25 13:28:07+00,on,33.11512756347656,70.6828384399414,,
dc:b4:d9:13:ed:8c,2026-05-25 13:28:12+00,on,33.13115310668945,70.7377700805664,,
dc:b4:d9:13:ed:8c,2026-05-25 13:28:18+00,on,33.11512756347656,70.73624420166016,,
dc:b4:d9:13:ed:8c,2026-05-25 13:28:23+00,on,33.14450454711914,70.8247528076172,,
dc:b4:d9:13:ed:8c,2026-05-25 13:28:28+00,on,33.101776123046875,70.7637176513672,,
dc:b4:d9:13:ed:8c,2026-05-25 13:28:33+00,on,33.11512756347656,70.75608825683594,,
dc:b4:d9:13:ed:8c,2026-05-25 13:28:38+00,on,33.08842468261719,70.7408218383789,,
dc:b4:d9:13:ed:8c,2026-05-25 13:28:43+00,on,33.11512756347656,70.77745056152344,,
dc:b4:d9:13:ed:8c,2026-05-25 13:28:48+00,on,33.13115310668945,70.82322692871094,,
dc:b4:d9:13:ed:8c,2026-05-25 13:28:53+00,on,33.14450454711914,70.70877838134766,,
dc:b4:d9:13:ed:8c,2026-05-25 13:28:58+00,on,33.15785598754883,70.7225112915039,,
dc:b4:d9:13:ed:8c,2026-05-25 13:29:03+00,on,33.14450454711914,70.69962310791016,,
dc:b4:d9:13:ed:8c,2026-05-25 13:29:08+00,on,33.171207427978516,70.72708892822266,,
dc:b4:d9:13:ed:8c,2026-05-25 13:29:13+00,on,33.14450454711914,70.7316665649414,,
dc:b4:d9:13:ed:8c,2026-05-25 13:29:18+00,on,33.14450454711914,70.78355407714844,,
dc:b4:d9:13:ed:8c,2026-05-25 13:29:23+00,on,33.15785598754883,70.8064422607422,,
dc:b4:d9:13:ed:8c,2026-05-25 13:29:28+00,on,33.14450454711914,70.7728729248047,,
dc:b4:d9:13:ed:8c,2026-05-25 13:29:33+00,on,33.171207427978516,70.7911834716797,,
dc:b4:d9:13:ed:8c,2026-05-25 13:29:38+00,on,33.15785598754883,71.0200653076172,,
dc:b4:d9:13:ed:8c,2026-05-25 13:29:44+00,on,33.15785598754883,71.1573944091797,,
dc:b4:d9:13:ed:8c,2026-05-25 13:29:49+00,on,33.171207427978516,70.9925994873047,,
dc:b4:d9:13:ed:8c,2026-05-25 13:29:54+00,on,33.171207427978516,70.9163055419922,,
dc:b4:d9:13:ed:8c,2026-05-25 13:29:59+00,on,33.15785598754883,70.84153747558594,,
dc:b4:d9:13:ed:8c,2026-05-25 13:30:04+00,on,33.171207427978516,70.8644256591797,,
dc:b4:d9:13:ed:8c,2026-05-25 13:30:09+00,on,33.13115310668945,70.87510681152344,,
dc:b4:d9:13:ed:8c,2026-05-25 13:30:14+00,on,33.171207427978516,70.8003387451172,,
dc:b4:d9:13:ed:8c,2026-05-25 13:30:19+00,on,33.171207427978516,70.83238220214844,,
dc:b4:d9:13:ed:8c,2026-05-25 13:30:24+00,on,33.171207427978516,70.83238220214844,,
dc:b4:d9:13:ed:8c,2026-05-25 13:30:29+00,on,33.171207427978516,70.8735809326172,,
dc:b4:d9:13:ed:8c,2026-05-25 13:30:34+00,on,33.1845588684082,70.88731384277344,,
dc:b4:d9:13:ed:8c,2026-05-25 13:30:39+00,on,33.14450454711914,70.8796844482422,,
dc:b4:d9:13:ed:8c,2026-05-25 13:30:44+00,on,33.08842468261719,71.05821228027344,,
dc:b4:d9:13:ed:8c,2026-05-25 13:30:49+00,on,33.101776123046875,71.1451873779297,,
dc:b4:d9:13:ed:8c,2026-05-25 13:30:54+00,on,33.13115310668945,71.14976501464844,,
dc:b4:d9:13:ed:8c,2026-05-25 13:30:59+00,on,33.101776123046875,71.12535095214844,,
dc:b4:d9:13:ed:8c,2026-05-25 13:31:04+00,on,33.13115310668945,71.1207733154297,,
dc:b4:d9:13:ed:8c,2026-05-25 13:31:10+00,on,33.13115310668945,71.1207733154297,,
dc:b4:d9:13:ed:8c,2026-05-25 13:31:15+00,on,33.1845588684082,71.02464294433594,,
dc:b4:d9:13:ed:8c,2026-05-25 13:31:20+00,on,33.1845588684082,71.00633239746094,,
dc:b4:d9:13:ed:8c,2026-05-25 13:31:25+00,on,33.20058059692383,70.9651336669922,,
dc:b4:d9:13:ed:8c,2026-05-25 13:31:30+00,on,33.2272834777832,70.96055603027344,,
dc:b4:d9:13:ed:8c,2026-05-25 13:31:35+00,on,33.2700080871582,70.90562438964844,,
dc:b4:d9:13:ed:8c,2026-05-25 13:31:40+00,on,33.256656646728516,70.8918914794922,,
dc:b4:d9:13:ed:8c,2026-05-25 13:31:45+00,on,33.2700080871582,70.8522186279297,,
dc:b4:d9:13:ed:8c,2026-05-25 13:31:50+00,on,33.29671096801758,70.77439880371094,,
dc:b4:d9:13:ed:8c,2026-05-25 13:31:55+00,on,33.3127326965332,70.76829528808594,,
dc:b4:d9:13:ed:8c,2026-05-25 13:32:00+00,on,33.3260841369629,70.70572662353516,,
dc:b4:d9:13:ed:8c,2026-05-25 13:32:05+00,on,33.3260841369629,70.69657135009766,,
dc:b4:d9:13:ed:8c,2026-05-25 13:32:10+00,on,33.3260841369629,70.6736831665039,,
dc:b4:d9:13:ed:8c,2026-05-25 13:32:15+00,on,33.29671096801758,70.69962310791016,,
dc:b4:d9:13:ed:8c,2026-05-25 13:32:20+00,on,33.29671096801758,70.69046783447266,,
dc:b4:d9:13:ed:8c,2026-05-25 13:32:25+00,on,33.3260841369629,70.69657135009766,,
dc:b4:d9:13:ed:8c,2026-05-25 13:32:31+00,on,33.29671096801758,70.6584243774414,,
dc:b4:d9:13:ed:8c,2026-05-25 13:32:36+00,on,33.3127326965332,70.6492691040039,,
dc:b4:d9:13:ed:8c,2026-05-25 13:32:41+00,on,33.33943557739258,70.6675796508789,,
dc:b4:d9:13:ed:8c,2026-05-25 13:32:46+00,on,33.3127326965332,70.65995025634766,,
dc:b4:d9:13:ed:8c,2026-05-25 13:32:51+00,on,33.29671096801758,70.6675796508789,,
dc:b4:d9:13:ed:8c,2026-05-25 13:32:56+00,on,33.3260841369629,70.65384674072266,,
dc:b4:d9:13:ed:8c,2026-05-25 13:33:01+00,on,33.3127326965332,70.7011489868164,,
dc:b4:d9:13:ed:8c,2026-05-25 13:33:06+00,on,33.33943557739258,70.70877838134766,,
dc:b4:d9:13:ed:8c,2026-05-25 13:33:11+00,on,33.33943557739258,70.7194595336914,,
dc:b4:d9:13:ed:8c,2026-05-25 13:33:16+00,on,33.29671096801758,70.69046783447266,,
dc:b4:d9:13:ed:8c,2026-05-25 13:33:21+00,on,33.2700080871582,70.73624420166016,,
dc:b4:d9:13:ed:8c,2026-05-25 13:33:26+00,on,33.3127326965332,70.72403717041016,,
dc:b4:d9:13:ed:8c,2026-05-25 13:33:31+00,on,33.29671096801758,70.7316665649414,,
dc:b4:d9:13:ed:8c,2026-05-25 13:33:36+00,on,33.3127326965332,70.72403717041016,,
dc:b4:d9:13:ed:8c,2026-05-25 13:33:41+00,on,33.29671096801758,70.69962310791016,,
dc:b4:d9:13:ed:8c,2026-05-25 13:33:46+00,on,33.29671096801758,70.69046783447266,,
dc:b4:d9:13:ed:8c,2026-05-25 13:33:51+00,on,33.33943557739258,70.70877838134766,,
dc:b4:d9:13:ed:8c,2026-05-25 13:33:57+00,on,33.33943557739258,70.6553726196289,,
dc:b4:d9:13:ed:8c,2026-05-25 13:34:02+00,on,33.3688087463379,70.59891510009766,,
dc:b4:d9:13:ed:8c,2026-05-25 13:34:07+00,on,33.33943557739258,70.57144927978516,,
dc:b4:d9:13:ed:8c,2026-05-25 13:34:12+00,on,33.33943557739258,70.50736236572266,,
dc:b4:d9:13:ed:8c,2026-05-25 13:34:17+00,on,33.352787017822266,70.5210952758789,,
dc:b4:d9:13:ed:8c,2026-05-25 13:34:22+00,on,33.352787017822266,70.4997329711914,,
dc:b4:d9:13:ed:8c,2026-05-25 13:34:27+00,on,33.33943557739258,70.48600006103516,,
dc:b4:d9:13:ed:8c,2026-05-25 13:34:32+00,on,33.352787017822266,70.45853424072266,,
dc:b4:d9:13:ed:8c,2026-05-25 13:34:37+00,on,33.33943557739258,70.48600006103516,,
dc:b4:d9:13:ed:8c,2026-05-25 13:34:42+00,on,33.352787017822266,70.47684478759766,,
dc:b4:d9:13:ed:8c,2026-05-25 13:34:47+00,on,33.352787017822266,70.45853424072266,,
dc:b4:d9:13:ed:8c,2026-05-25 13:34:52+00,on,33.352787017822266,70.48905181884766,,
dc:b4:d9:13:ed:8c,2026-05-25 13:34:57+00,on,33.3127326965332,70.4386978149414,,
dc:b4:d9:13:ed:8c,2026-05-25 13:35:02+00,on,33.29671096801758,70.47684478759766,,
dc:b4:d9:13:ed:8c,2026-05-25 13:35:07+00,on,33.2700080871582,70.5546646118164,,
dc:b4:d9:13:ed:8c,2026-05-25 13:35:12+00,on,33.2406349182129,70.56229400634766,,
dc:b4:d9:13:ed:8c,2026-05-25 13:35:17+00,on,33.2833595275879,70.6004409790039,,
dc:b4:d9:13:ed:8c,2026-05-25 13:35:23+00,on,33.29671096801758,70.61417388916016,,
dc:b4:d9:13:ed:8c,2026-05-25 13:35:28+00,on,33.2833595275879,70.63248443603516,,
dc:b4:d9:13:ed:8c,2026-05-25 13:35:33+00,on,33.3127326965332,70.6401138305664,,
dc:b4:d9:13:ed:8c,2026-05-25 13:35:38+00,on,33.3127326965332,70.58670806884766,,
dc:b4:d9:13:ed:8c,2026-05-25 13:35:43+00,on,33.3127326965332,70.5638198852539,,
dc:b4:d9:13:ed:8c,2026-05-25 13:35:48+00,on,33.33943557739258,70.57144927978516,,
dc:b4:d9:13:ed:8c,2026-05-25 13:35:53+00,on,33.352787017822266,70.5729751586914,,
dc:b4:d9:13:ed:8c,2026-05-25 13:35:58+00,on,33.3260841369629,70.5485610961914,,
dc:b4:d9:13:ed:8c,2026-05-25 13:36:03+00,on,33.3260841369629,70.5485610961914,,
dc:b4:d9:13:ed:8c,2026-05-25 13:36:08+00,on,33.3260841369629,70.49515533447266,,
dc:b4:d9:13:ed:8c,2026-05-25 13:36:13+00,on,33.33943557739258,70.5271987915039,,
dc:b4:d9:13:ed:8c,2026-05-25 13:36:18+00,on,33.29671096801758,70.5302505493164,,
dc:b4:d9:13:ed:8c,2026-05-25 13:36:23+00,on,33.2833595275879,70.5271987915039,,
dc:b4:d9:13:ed:8c,2026-05-25 13:36:28+00,on,33.2833595275879,70.55924224853516,,
dc:b4:d9:13:ed:8c,2026-05-25 13:36:33+00,on,33.29671096801758,70.54093170166016,,
dc:b4:d9:13:ed:8c,2026-05-25 13:36:38+00,on,33.29671096801758,70.5302505493164,,
dc:b4:d9:13:ed:8c,2026-05-25 13:36:43+00,on,33.29671096801758,70.55008697509766,,
dc:b4:d9:13:ed:8c,2026-05-25 13:36:49+00,on,33.2833595275879,70.5485610961914,,
dc:b4:d9:13:ed:8c,2026-05-25 13:36:54+00,on,33.3127326965332,70.5546646118164,,
dc:b4:d9:13:ed:8c,2026-05-25 13:36:59+00,on,33.3127326965332,70.5119400024414,,
dc:b4:d9:13:ed:8c,2026-05-25 13:37:04+00,on,33.29671096801758,70.55008697509766,,
dc:b4:d9:13:ed:8c,2026-05-25 13:37:09+00,on,33.3127326965332,70.5455093383789,,
dc:b4:d9:13:ed:8c,2026-05-25 13:37:14+00,on,33.33943557739258,70.5821304321289,,
dc:b4:d9:13:ed:8c,2026-05-25 13:37:19+00,on,33.3127326965332,70.5760269165039,,
dc:b4:d9:13:ed:8c,2026-05-25 13:37:24+00,on,33.3260841369629,70.5363540649414,,
dc:b4:d9:13:ed:8c,2026-05-25 13:37:29+00,on,33.3127326965332,70.4905776977539,,
dc:b4:d9:13:ed:8c,2026-05-25 13:37:34+00,on,33.3260841369629,70.49515533447266,,
dc:b4:d9:13:ed:8c,2026-05-25 13:37:39+00,on,33.3260841369629,70.49515533447266,,
dc:b4:d9:13:ed:8c,2026-05-25 13:37:44+00,on,33.3260841369629,70.51346588134766,,
dc:b4:d9:13:ed:8c,2026-05-25 13:37:49+00,on,33.3127326965332,70.5119400024414,,
dc:b4:d9:13:ed:8c,2026-05-25 13:37:54+00,on,33.2833595275879,70.50431060791016,,
dc:b4:d9:13:ed:8c,2026-05-25 13:37:59+00,on,33.3260841369629,70.51346588134766,,
dc:b4:d9:13:ed:8c,2026-05-25 13:38:04+00,on,33.3260841369629,70.51346588134766,,
dc:b4:d9:13:ed:8c,2026-05-25 13:38:10+00,on,33.3260841369629,70.52567291259766,,
dc:b4:d9:13:ed:8c,2026-05-25 13:38:15+00,on,33.33943557739258,70.50736236572266,,
dc:b4:d9:13:ed:8c,2026-05-25 13:38:20+00,on,33.29671096801758,70.5088882446289,,
dc:b4:d9:13:ed:8c,2026-05-25 13:38:25+00,on,33.29671096801758,70.48905181884766,,
dc:b4:d9:13:ed:8c,2026-05-25 13:38:30+00,on,33.3260841369629,70.52567291259766,,
dc:b4:d9:13:ed:8c,2026-05-25 13:38:35+00,on,33.3260841369629,70.52567291259766,,
dc:b4:d9:13:ed:8c,2026-05-25 13:38:40+00,on,33.3127326965332,70.4905776977539,,
dc:b4:d9:13:ed:8c,2026-05-25 13:38:45+00,on,33.3127326965332,70.4905776977539,,
dc:b4:d9:13:ed:8c,2026-05-25 13:38:50+00,on,33.29671096801758,70.5088882446289,,
dc:b4:d9:13:ed:8c,2026-05-25 13:38:55+00,on,33.29671096801758,70.56229400634766,,
dc:b4:d9:13:ed:8c,2026-05-25 13:39:00+00,on,33.3127326965332,70.52262115478516,,
dc:b4:d9:13:ed:8c,2026-05-25 13:39:05+00,on,33.3127326965332,70.5546646118164,,
dc:b4:d9:13:ed:8c,2026-05-25 13:39:10+00,on,33.3260841369629,70.52567291259766,,
dc:b4:d9:13:ed:8c,2026-05-25 13:39:15+00,on,33.3260841369629,70.52567291259766,,
dc:b4:d9:13:ed:8c,2026-05-25 13:39:20+00,on,33.352787017822266,70.46768951416016,,
dc:b4:d9:13:ed:8c,2026-05-25 13:39:25+00,on,33.352787017822266,70.45853424072266,,
dc:b4:d9:13:ed:8c,2026-05-25 13:39:30+00,on,33.352787017822266,70.42496490478516,,
dc:b4:d9:13:ed:8c,2026-05-25 13:39:36+00,on,33.352787017822266,70.3837661743164,,
dc:b4:d9:13:ed:8c,2026-05-25 13:39:41+00,on,33.352787017822266,70.35172271728516,,
dc:b4:d9:13:ed:8c,2026-05-25 13:39:46+00,on,33.352787017822266,70.36087799072266,,
dc:b4:d9:13:ed:8c,2026-05-25 13:39:51+00,on,33.352787017822266,70.35172271728516,,
dc:b4:d9:13:ed:8c,2026-05-25 13:39:56+00,on,33.382164001464844,70.29373931884766,,
dc:b4:d9:13:ed:8c,2026-05-25 13:40:01+00,on,33.39818572998047,70.28458404541016,,
dc:b4:d9:13:ed:8c,2026-05-25 13:40:06+00,on,33.382164001464844,70.24185180664062,,
dc:b4:d9:13:ed:8c,2026-05-25 13:40:11+00,on,33.411537170410156,70.17318725585938,,
dc:b4:d9:13:ed:8c,2026-05-25 13:40:16+00,on,33.39818572998047,70.15945434570312,,
dc:b4:d9:13:ed:8c,2026-05-25 13:40:21+00,on,33.42755889892578,70.11367797851562,,
dc:b4:d9:13:ed:8c,2026-05-25 13:40:26+00,on,33.44091033935547,70.00839233398438,,
dc:b4:d9:13:ed:8c,2026-05-25 13:40:31+00,on,33.42755889892578,70.03738403320312,,
dc:b4:d9:13:ed:8c,2026-05-25 13:40:36+00,on,33.411537170410156,69.98245239257812,,
dc:b4:d9:13:ed:8c,2026-05-25 13:40:41+00,on,33.454261779785156,69.99160766601562,,
dc:b4:d9:13:ed:8c,2026-05-25 13:40:46+00,on,33.42755889892578,69.97634887695312,,
dc:b4:d9:13:ed:8c,2026-05-25 13:40:51+00,on,33.42755889892578,69.97634887695312,,
dc:b4:d9:13:ed:8c,2026-05-25 13:40:56+00,on,33.44091033935547,69.94430541992188,,
dc:b4:d9:13:ed:8c,2026-05-25 13:41:02+00,on,33.44091033935547,69.92599487304688,,
dc:b4:d9:13:ed:8c,2026-05-25 13:41:07+00,on,33.467613220214844,69.89852905273438,,
dc:b4:d9:13:ed:8c,2026-05-25 13:41:12+00,on,33.467613220214844,69.91836547851562,,
dc:b4:d9:13:ed:8c,2026-05-25 13:41:17+00,on,33.496986389160156,69.91378784179688,,
dc:b4:d9:13:ed:8c,2026-05-25 13:41:22+00,on,33.496986389160156,69.86190795898438,,
dc:b4:d9:13:ed:8c,2026-05-25 13:41:27+00,on,33.48363494873047,69.83901977539062,,
dc:b4:d9:13:ed:8c,2026-05-25 13:41:32+00,on,33.496986389160156,69.81765747070312,,
dc:b4:d9:13:ed:8c,2026-05-25 13:41:37+00,on,33.48363494873047,69.77493286132812,,
dc:b4:d9:13:ed:8c,2026-05-25 13:41:42+00,on,33.48363494873047,69.77493286132812,,
dc:b4:d9:13:ed:8c,2026-05-25 13:41:47+00,on,33.496986389160156,69.77645874023438,,
dc:b4:d9:13:ed:8c,2026-05-25 13:41:52+00,on,33.510337829589844,69.75814819335938,,
dc:b4:d9:13:ed:8c,2026-05-25 13:41:57+00,on,33.510337829589844,69.75814819335938,,
dc:b4:d9:13:ed:8c,2026-05-25 13:42:02+00,on,33.52368927001953,69.77188110351562,,
dc:b4:d9:13:ed:8c,2026-05-25 13:42:07+00,on,33.52368927001953,69.7169418334961,,
dc:b4:d9:13:ed:8c,2026-05-25 13:42:12+00,on,33.496986389160156,69.7444076538086,,
dc:b4:d9:13:ed:8c,2026-05-25 13:42:17+00,on,33.48363494873047,69.73067474365234,,
dc:b4:d9:13:ed:8c,2026-05-25 13:42:23+00,on,33.48363494873047,69.86801147460938,,
dc:b4:d9:13:ed:8c,2026-05-25 13:42:28+00,on,33.454261779785156,69.94888305664062,,
dc:b4:d9:13:ed:8c,2026-05-25 13:42:33+00,on,33.411537170410156,69.99160766601562,,
dc:b4:d9:13:ed:8c,2026-05-25 13:42:38+00,on,33.411537170410156,70.04501342773438,,
dc:b4:d9:13:ed:8c,2026-05-25 13:42:43+00,on,33.42755889892578,70.06942749023438,,
dc:b4:d9:13:ed:8c,2026-05-25 13:42:48+00,on,33.382164001464844,70.12283325195312,,
dc:b4:d9:13:ed:8c,2026-05-25 13:42:53+00,on,33.411537170410156,70.14114379882812,,
dc:b4:d9:13:ed:8c,2026-05-25 13:42:58+00,on,33.382164001464844,70.18844604492188,,
dc:b4:d9:13:ed:8c,2026-05-25 13:43:03+00,on,33.352787017822266,70.20217895507812,,
dc:b4:d9:13:ed:8c,2026-05-25 13:43:08+00,on,33.382164001464844,70.16860961914062,,
dc:b4:d9:13:ed:8c,2026-05-25 13:43:13+00,on,33.352787017822266,70.16098022460938,,
dc:b4:d9:13:ed:8c,2026-05-25 13:43:18+00,on,33.382164001464844,70.19760131835938,,
dc:b4:d9:13:ed:8c,2026-05-25 13:43:23+00,on,33.42755889892578,70.15487670898438,,
dc:b4:d9:13:ed:8c,2026-05-25 13:43:28+00,on,33.44091033935547,70.12741088867188,,
dc:b4:d9:13:ed:8c,2026-05-25 13:43:33+00,on,33.411537170410156,70.09689331054688,,
dc:b4:d9:13:ed:8c,2026-05-25 13:43:38+00,on,33.411537170410156,70.08621215820312,,
dc:b4:d9:13:ed:8c,2026-05-25 13:43:43+00,on,33.411537170410156,70.09689331054688,,
dc:b4:d9:13:ed:8c,2026-05-25 13:43:49+00,on,33.44091033935547,70.13656616210938,,
dc:b4:d9:13:ed:8c,2026-05-25 13:43:54+00,on,33.467613220214844,70.09078979492188,,
dc:b4:d9:13:ed:8c,2026-05-25 13:43:59+00,on,33.467613220214844,70.04501342773438,,
dc:b4:d9:13:ed:8c,2026-05-25 13:44:04+00,on,33.467613220214844,70.03585815429688,,
dc:b4:d9:13:ed:8c,2026-05-25 13:44:09+00,on,33.467613220214844,70.04501342773438,,
dc:b4:d9:13:ed:8c,2026-05-25 13:44:14+00,on,33.467613220214844,70.02670288085938,,
dc:b4:d9:13:ed:8c,2026-05-25 13:44:19+00,on,33.454261779785156,69.96871948242188,,
dc:b4:d9:13:ed:8c,2026-05-25 13:44:24+00,on,33.467613220214844,69.99465942382812,,
dc:b4:d9:13:ed:8c,2026-05-25 13:44:29+00,on,33.454261779785156,69.94888305664062,,
dc:b4:d9:13:ed:8c,2026-05-25 13:44:34+00,on,33.467613220214844,69.96261596679688,,
dc:b4:d9:13:ed:8c,2026-05-25 13:44:39+00,on,33.454261779785156,69.95803833007812,,
dc:b4:d9:13:ed:8c,2026-05-25 13:44:44+00,on,33.454261779785156,70.00076293945312,,
dc:b4:d9:13:ed:8c,2026-05-25 13:44:49+00,on,33.411537170410156,69.99160766601562,,
dc:b4:d9:13:ed:8c,2026-05-25 13:44:54+00,on,33.44091033935547,70.01907348632812,,
dc:b4:d9:13:ed:8c,2026-05-25 13:44:59+00,on,33.42755889892578,70.01754760742188,,
dc:b4:d9:13:ed:8c,2026-05-25 13:45:04+00,on,33.467613220214844,70.05569458007812,,
dc:b4:d9:13:ed:8c,2026-05-25 13:45:09+00,on,33.467613220214844,70.03585815429688,,
dc:b4:d9:13:ed:8c,2026-05-25 13:45:15+00,on,33.467613220214844,70.09078979492188,,
dc:b4:d9:13:ed:8c,2026-05-25 13:45:20+00,on,33.48363494873047,70.06942749023438,,
dc:b4:d9:13:ed:8c,2026-05-25 13:45:25+00,on,33.510337829589844,70.04501342773438,,
dc:b4:d9:13:ed:8c,2026-05-25 13:45:30+00,on,33.510337829589844,70.02365112304688,,
dc:b4:d9:13:ed:8c,2026-05-25 13:45:35+00,on,33.510337829589844,70.00381469726562,,
dc:b4:d9:13:ed:8c,2026-05-25 13:45:40+00,on,33.510337829589844,69.95040893554688,,
dc:b4:d9:13:ed:8c,2026-05-25 13:45:45+00,on,33.496986389160156,70.00076293945312,,
dc:b4:d9:13:ed:8c,2026-05-25 13:45:50+00,on,33.496986389160156,70.01907348632812,,
dc:b4:d9:13:ed:8c,2026-05-25 13:45:55+00,on,33.48363494873047,70.04043579101562,,
dc:b4:d9:13:ed:8c,2026-05-25 13:46:00+00,on,33.496986389160156,70.04196166992188,,
dc:b4:d9:13:ed:8c,2026-05-25 13:46:05+00,on,33.496986389160156,70.05111694335938,,
dc:b4:d9:13:ed:8c,2026-05-25 13:46:10+00,on,33.496986389160156,70.04196166992188,,
dc:b4:d9:13:ed:8c,2026-05-25 13:46:15+00,on,33.510337829589844,70.07705688476562,,
dc:b4:d9:13:ed:8c,2026-05-25 13:46:20+00,on,33.510337829589844,70.3196792602539,,
dc:b4:d9:13:ed:8c,2026-05-25 13:46:25+00,on,33.52368927001953,70.4173355102539,,
dc:b4:d9:13:ed:8c,2026-05-25 13:46:30+00,on,33.510337829589844,70.35172271728516,,
dc:b4:d9:13:ed:8c,2026-05-25 13:46:35+00,on,33.510337829589844,70.53177642822266,,
dc:b4:d9:13:ed:8c,2026-05-25 13:46:41+00,on,33.48363494873047,70.3990249633789,,
dc:b4:d9:13:ed:8c,2026-05-25 13:46:46+00,on,33.48363494873047,70.2616958618164,,
dc:b4:d9:13:ed:8c,2026-05-25 13:46:51+00,on,33.467613220214844,70.20523071289062,,
dc:b4:d9:13:ed:8c,2026-05-25 13:46:56+00,on,33.48363494873047,70.20980834960938,,
dc:b4:d9:13:ed:8c,2026-05-25 13:47:01+00,on,33.467613220214844,70.3013687133789,,
dc:b4:d9:13:ed:8c,2026-05-25 13:47:06+00,on,33.454261779785156,70.2983169555664,,
dc:b4:d9:13:ed:8c,2026-05-25 13:47:11+00,on,33.44091033935547,70.29373931884766,,
dc:b4:d9:13:ed:8c,2026-05-25 13:47:16+00,on,33.44091033935547,70.3288345336914,,
dc:b4:d9:13:ed:8c,2026-05-25 13:47:21+00,on,33.39818572998047,70.33951568603516,,
dc:b4:d9:13:ed:8c,2026-05-25 13:47:26+00,on,33.411537170410156,70.3624038696289,,
dc:b4:d9:13:ed:8c,2026-05-25 13:47:31+00,on,33.42755889892578,70.3990249633789,,
dc:b4:d9:13:ed:8c,2026-05-25 13:47:36+00,on,33.382164001464844,70.3898696899414,,
dc:b4:d9:13:ed:8c,2026-05-25 13:47:41+00,on,33.382164001464844,70.35782623291016,,
dc:b4:d9:13:ed:8c,2026-05-25 13:47:46+00,on,33.3688087463379,70.4081802368164,,
dc:b4:d9:13:ed:8c,2026-05-25 13:47:51+00,on,33.3688087463379,70.4814224243164,,
dc:b4:d9:13:ed:8c,2026-05-25 13:47:56+00,on,33.3688087463379,70.44937896728516,,
dc:b4:d9:13:ed:8c,2026-05-25 13:48:02+00,on,33.3688087463379,70.44022369384766,,
dc:b4:d9:13:ed:8c,2026-05-25 13:48:07+00,on,33.352787017822266,70.4356460571289,,
dc:b4:d9:13:ed:8c,2026-05-25 13:48:12+00,on,33.352787017822266,70.3715591430664,,
dc:b4:d9:13:ed:8c,2026-05-25 13:48:17+00,on,33.352787017822266,70.4478530883789,,
dc:b4:d9:13:ed:8c,2026-05-25 13:48:22+00,on,33.29671096801758,70.28763580322266,,
dc:b4:d9:13:ed:8c,2026-05-25 13:48:27+00,on,33.3127326965332,70.2891616821289,,
dc:b4:d9:13:ed:8c,2026-05-25 13:48:32+00,on,33.29671096801758,70.4448013305664,,
dc:b4:d9:13:ed:8c,2026-05-25 13:48:37+00,on,33.29671096801758,70.48905181884766,,
dc:b4:d9:13:ed:8c,2026-05-25 13:48:42+00,on,33.2833595275879,70.5271987915039,,
dc:b4:d9:13:ed:8c,2026-05-25 13:48:47+00,on,33.2833595275879,70.58060455322266,,
dc:b4:d9:13:ed:8c,2026-05-25 13:48:52+00,on,33.256656646728516,70.4478530883789,,
dc:b4:d9:13:ed:8c,2026-05-25 13:48:57+00,on,33.256656646728516,70.46768951416016,,
dc:b4:d9:13:ed:8c,2026-05-25 13:49:02+00,on,33.2406349182129,70.5394058227539,,
dc:b4:d9:13:ed:8c,2026-05-25 13:49:07+00,on,33.256656646728516,70.54093170166016,,
dc:b4:d9:13:ed:8c,2026-05-25 13:49:07+00,on,33.256656646728516,70.54093170166016,,
dc:b4:d9:13:ed:8c,2026-05-25 13:49:12+00,on,33.2833595275879,70.6126480102539,,
dc:b4:d9:13:ed:8c,2026-05-25 13:49:17+00,on,33.2406349182129,70.6034927368164,,
dc:b4:d9:13:ed:8c,2026-05-25 13:49:22+00,on,33.2833595275879,70.51651763916016,,
dc:b4:d9:13:ed:8c,2026-05-25 13:49:28+00,on,33.2406349182129,70.49820709228516,,
dc:b4:d9:13:ed:8c,2026-05-25 13:49:33+00,on,33.2700080871582,70.52567291259766,,
dc:b4:d9:13:ed:8c,2026-05-25 13:49:38+00,on,33.2406349182129,70.5180435180664,,
dc:b4:d9:13:ed:8c,2026-05-25 13:49:43+00,on,33.2406349182129,70.50736236572266,,
dc:b4:d9:13:ed:8c,2026-05-25 13:49:48+00,on,33.2272834777832,70.4936294555664,,
dc:b4:d9:13:ed:8c,2026-05-25 13:49:53+00,on,33.2272834777832,70.43106842041016,,
dc:b4:d9:13:ed:8c,2026-05-25 13:49:58+00,on,33.2272834777832,70.4936294555664,,
dc:b4:d9:13:ed:8c,2026-05-25 13:50:03+00,on,33.2272834777832,70.6309585571289,,
dc:b4:d9:13:ed:8c,2026-05-25 13:50:08+00,on,33.2272834777832,70.6767349243164,,
dc:b4:d9:13:ed:8c,2026-05-25 13:50:13+00,on,33.2406349182129,70.6675796508789,,
dc:b4:d9:13:ed:8c,2026-05-25 13:50:18+00,on,33.2272834777832,70.65384674072266,,
dc:b4:d9:13:ed:8c,2026-05-25 13:50:23+00,on,33.2272834777832,70.6309585571289,,
dc:b4:d9:13:ed:8c,2026-05-25 13:50:28+00,on,33.2272834777832,70.6218032836914,,
dc:b4:d9:13:ed:8c,2026-05-25 13:50:33+00,on,33.213932037353516,70.5546646118164,,
dc:b4:d9:13:ed:8c,2026-05-25 13:50:38+00,on,33.2272834777832,70.6858901977539,,
dc:b4:d9:13:ed:8c,2026-05-25 13:50:43+00,on,33.213932037353516,70.66300201416016,,
dc:b4:d9:13:ed:8c,2026-05-25 13:50:48+00,on,33.213932037353516,70.65079498291016,,
dc:b4:d9:13:ed:8c,2026-05-25 13:50:54+00,on,33.1845588684082,70.58060455322266,,
dc:b4:d9:13:ed:8c,2026-05-25 13:50:59+00,on,33.213932037353516,70.5668716430664,,
dc:b4:d9:13:ed:8c,2026-05-25 13:51:04+00,on,33.20058059692383,70.60501861572266,,
dc:b4:d9:13:ed:8c,2026-05-25 13:51:09+00,on,33.213932037353516,70.5760269165039,,
dc:b4:d9:13:ed:8c,2026-05-25 13:51:14+00,on,33.20058059692383,70.5302505493164,,
dc:b4:d9:13:ed:8c,2026-05-25 13:51:19+00,on,33.1845588684082,70.5912857055664,,
dc:b4:d9:13:ed:8c,2026-05-25 13:51:24+00,on,33.20058059692383,70.62638092041016,,
dc:b4:d9:13:ed:8c,2026-05-25 13:51:29+00,on,33.20058059692383,70.61722564697266,,
dc:b4:d9:13:ed:8c,2026-05-25 13:51:34+00,on,33.15785598754883,70.61722564697266,,
dc:b4:d9:13:ed:8c,2026-05-25 13:51:39+00,on,33.1845588684082,70.63248443603516,,
dc:b4:d9:13:ed:8c,2026-05-25 13:51:44+00,on,33.213932037353516,70.6279067993164,,
dc:b4:d9:13:ed:8c,2026-05-25 13:51:49+00,on,33.171207427978516,70.57755279541016,,
dc:b4:d9:13:ed:8c,2026-05-25 13:51:54+00,on,33.20058059692383,70.5821304321289,,
dc:b4:d9:13:ed:8c,2026-05-25 13:51:59+00,on,33.1845588684082,70.6034927368164,,
dc:b4:d9:13:ed:8c,2026-05-25 13:52:04+00,on,33.1845588684082,70.55924224853516,,
dc:b4:d9:13:ed:8c,2026-05-25 13:52:09+00,on,33.1845588684082,70.6034927368164,,
dc:b4:d9:13:ed:8c,2026-05-25 13:52:15+00,on,33.15785598754883,70.5638198852539,,
dc:b4:d9:13:ed:8c,2026-05-25 13:52:20+00,on,33.1845588684082,70.6034927368164,,
dc:b4:d9:13:ed:8c,2026-05-25 13:52:25+00,on,33.171207427978516,70.53482818603516,,
dc:b4:d9:13:ed:8c,2026-05-25 13:52:30+00,on,33.15785598754883,70.53177642822266,,
dc:b4:d9:13:ed:8c,2026-05-25 13:52:35+00,on,33.171207427978516,70.59891510009766,,
dc:b4:d9:13:ed:8c,2026-05-25 13:52:40+00,on,33.171207427978516,70.59891510009766,,
dc:b4:d9:13:ed:8c,2026-05-25 13:52:45+00,on,33.171207427978516,70.5577163696289,,
dc:b4:d9:13:ed:8c,2026-05-25 13:52:50+00,on,33.15785598754883,70.53177642822266,,
dc:b4:d9:13:ed:8c,2026-05-25 13:52:55+00,on,33.14450454711914,70.55008697509766,,
dc:b4:d9:13:ed:8c,2026-05-25 13:53:00+00,on,33.13115310668945,70.56839752197266,,
dc:b4:d9:13:ed:8c,2026-05-25 13:53:05+00,on,33.13115310668945,70.5485610961914,,
dc:b4:d9:13:ed:8c,2026-05-25 13:53:10+00,on,33.13115310668945,70.5485610961914,,
dc:b4:d9:13:ed:8c,2026-05-25 13:53:15+00,on,33.13115310668945,70.50736236572266,,
dc:b4:d9:13:ed:8c,2026-05-25 13:53:20+00,on,33.14450454711914,70.55924224853516,,
dc:b4:d9:13:ed:8c,2026-05-25 13:53:25+00,on,33.11512756347656,70.4814224243164,,
dc:b4:d9:13:ed:8c,2026-05-25 13:53:30+00,on,33.08842468261719,70.50736236572266,,
dc:b4:d9:13:ed:8c,2026-05-25 13:53:35+00,on,33.11512756347656,70.5455093383789,,
dc:b4:d9:13:ed:8c,2026-05-25 13:53:41+00,on,33.11512756347656,70.5546646118164,,
dc:b4:d9:13:ed:8c,2026-05-25 13:53:46+00,on,33.11512756347656,70.5668716430664,,
dc:b4:d9:13:ed:8c,2026-05-25 13:53:51+00,on,33.08842468261719,70.5912857055664,,
dc:b4:d9:13:ed:8c,2026-05-25 13:53:56+00,on,33.08842468261719,70.63553619384766,,
dc:b4:d9:13:ed:8c,2026-05-25 13:54:01+00,on,33.101776123046875,70.59586334228516,,
dc:b4:d9:13:ed:8c,2026-05-25 13:54:06+00,on,33.101776123046875,70.59586334228516,,
dc:b4:d9:13:ed:8c,2026-05-25 13:54:11+00,on,33.0750732421875,70.6218032836914,,
dc:b4:d9:13:ed:8c,2026-05-25 13:54:16+00,on,33.0750732421875,70.6218032836914,,
dc:b4:d9:13:ed:8c,2026-05-25 13:54:21+00,on,33.0750732421875,70.59891510009766,,
dc:b4:d9:13:ed:8c,2026-05-25 13:54:26+00,on,33.059051513671875,70.60807037353516,,
dc:b4:d9:13:ed:8c,2026-05-25 13:54:31+00,on,33.04570007324219,70.6034927368164,,
dc:b4:d9:13:ed:8c,2026-05-25 13:54:36+00,on,33.0323486328125,70.64163970947266,,
dc:b4:d9:13:ed:8c,2026-05-25 13:54:41+00,on,33.0323486328125,70.63248443603516,,
dc:b4:d9:13:ed:8c,2026-05-25 13:54:46+00,on,33.0323486328125,70.62332916259766,,
dc:b4:d9:13:ed:8c,2026-05-25 13:54:51+00,on,33.04570007324219,70.6553726196289,,
dc:b4:d9:13:ed:8c,2026-05-25 13:54:56+00,on,33.0323486328125,70.6767349243164,,
dc:b4:d9:13:ed:8c,2026-05-25 13:55:01+00,on,33.00297546386719,70.6584243774414,,
dc:b4:d9:13:ed:8c,2026-05-25 13:55:07+00,on,32.97627258300781,70.64163970947266,,
dc:b4:d9:13:ed:8c,2026-05-25 13:55:12+00,on,32.962921142578125,70.6401138305664,,
dc:b4:d9:13:ed:8c,2026-05-25 13:55:17+00,on,32.962921142578125,70.65079498291016,,
dc:b4:d9:13:ed:8c,2026-05-25 13:55:22+00,on,32.91752624511719,70.65079498291016,,
dc:b4:d9:13:ed:8c,2026-05-25 13:55:27+00,on,32.9468994140625,70.7606658935547,,
dc:b4:d9:13:ed:8c,2026-05-25 13:55:32+00,on,32.91752624511719,70.75608825683594,,
dc:b4:d9:13:ed:8c,2026-05-25 13:55:37+00,on,32.9041748046875,70.84764099121094,,
dc:b4:d9:13:ed:8c,2026-05-25 13:55:42+00,on,32.888153076171875,70.9102020263672,,
dc:b4:d9:13:ed:8c,2026-05-25 13:55:47+00,on,32.888153076171875,70.92088317871094,,
dc:b4:d9:13:ed:8c,2026-05-25 13:55:52+00,on,32.87479782104492,70.9071502685547,,
dc:b4:d9:13:ed:8c,2026-05-25 13:55:57+00,on,32.888153076171875,70.98497009277344,,
dc:b4:d9:13:ed:8c,2026-05-25 13:56:02+00,on,32.888153076171875,70.9742889404297,,
dc:b4:d9:13:ed:8c,2026-05-25 13:56:07+00,on,32.888153076171875,70.98497009277344,,
dc:b4:d9:13:ed:8c,2026-05-25 13:56:12+00,on,32.888153076171875,70.99412536621094,,
dc:b4:d9:13:ed:8c,2026-05-25 13:56:17+00,on,32.9041748046875,70.9468231201172,,
dc:b4:d9:13:ed:8c,2026-05-25 13:56:22+00,on,32.9041748046875,70.92393493652344,,
dc:b4:d9:13:ed:8c,2026-05-25 13:56:28+00,on,32.888153076171875,70.9102020263672,,
dc:b4:d9:13:ed:8c,2026-05-25 13:56:33+00,on,32.87479782104492,70.87510681152344,,
dc:b4:d9:13:ed:8c,2026-05-25 13:56:38+00,on,32.87479782104492,70.9071502685547,,
dc:b4:d9:13:ed:8c,2026-05-25 13:56:43+00,on,32.861446380615234,70.8613739013672,,
dc:b4:d9:13:ed:8c,2026-05-25 13:56:48+00,on,32.84809494018555,70.8888397216797,,
dc:b4:d9:13:ed:8c,2026-05-25 13:56:53+00,on,32.861446380615234,70.89341735839844,,
dc:b4:d9:13:ed:8c,2026-05-25 13:56:58+00,on,32.83207321166992,70.8979949951172,,
dc:b4:d9:13:ed:8c,2026-05-25 13:57:03+00,on,32.83207321166992,70.8552703857422,,
dc:b4:d9:13:ed:8c,2026-05-25 13:57:08+00,on,32.84809494018555,70.8796844482422,,
dc:b4:d9:13:ed:8c,2026-05-25 13:57:13+00,on,32.80537033081055,70.83848571777344,,
dc:b4:d9:13:ed:8c,2026-05-25 13:57:18+00,on,32.80537033081055,70.9437713623047,,
dc:b4:d9:13:ed:8c,2026-05-25 13:57:23+00,on,32.775997161865234,70.9925994873047,,
dc:b4:d9:13:ed:8c,2026-05-25 13:57:28+00,on,32.775997161865234,70.96971130371094,,
dc:b4:d9:13:ed:8c,2026-05-25 13:57:33+00,on,32.79201889038086,70.9742889404297,,
dc:b4:d9:13:ed:8c,2026-05-25 13:57:38+00,on,32.76264572143555,70.9987030029297,,
dc:b4:d9:13:ed:8c,2026-05-25 13:57:43+00,on,32.76264572143555,71.0200653076172,,
dc:b4:d9:13:ed:8c,2026-05-25 13:57:48+00,on,32.80537033081055,70.99717712402344,,
dc:b4:d9:13:ed:8c,2026-05-25 13:57:54+00,on,32.775997161865234,71.0017547607422,,
dc:b4:d9:13:ed:8c,2026-05-25 13:57:59+00,on,32.76264572143555,71.03074645996094,,
dc:b4:d9:13:ed:8c,2026-05-25 13:58:04+00,on,32.79201889038086,71.07957458496094,,
dc:b4:d9:13:ed:8c,2026-05-25 13:58:09+00,on,32.76264572143555,71.03074645996094,,
dc:b4:d9:13:ed:8c,2026-05-25 13:58:14+00,on,32.79201889038086,71.0261688232422,,
dc:b4:d9:13:ed:8c,2026-05-25 13:58:19+00,on,32.775997161865234,71.0017547607422,,
dc:b4:d9:13:ed:8c,2026-05-25 13:58:24+00,on,32.74929428100586,71.0078582763672,,
dc:b4:d9:13:ed:8c,2026-05-25 13:58:29+00,on,32.775997161865234,71.0444793701172,,
dc:b4:d9:13:ed:8c,2026-05-25 13:58:34+00,on,32.775997161865234,71.08567810058594,,
dc:b4:d9:13:ed:8c,2026-05-25 13:58:39+00,on,32.76264572143555,71.09483337402344,,
dc:b4:d9:13:ed:8c,2026-05-25 13:58:44+00,on,32.775997161865234,71.1299285888672,,
dc:b4:d9:13:ed:8c,2026-05-25 13:58:49+00,on,32.74929428100586,71.0170135498047,,
dc:b4:d9:13:ed:8c,2026-05-25 13:58:54+00,on,32.775997161865234,71.0444793701172,,
dc:b4:d9:13:ed:8c,2026-05-25 13:58:59+00,on,32.79201889038086,71.05821228027344,,
dc:b4:d9:13:ed:8c,2026-05-25 13:59:04+00,on,32.73594284057617,71.00328063964844,,
dc:b4:d9:13:ed:8c,2026-05-25 13:59:09+00,on,32.74929428100586,70.98497009277344,,
dc:b4:d9:13:ed:8c,2026-05-25 13:59:14+00,on,32.73594284057617,70.94224548339844,,
dc:b4:d9:13:ed:8c,2026-05-25 13:59:20+00,on,32.73594284057617,70.95140075683594,,
dc:b4:d9:13:ed:8c,2026-05-25 13:59:25+00,on,32.73594284057617,70.9712371826172,,
dc:b4:d9:13:ed:8c,2026-05-25 13:59:30+00,on,32.70656967163086,70.9468231201172,,
dc:b4:d9:13:ed:8c,2026-05-25 13:59:35+00,on,32.71992111206055,70.96971130371094,,
dc:b4:d9:13:ed:8c,2026-05-25 13:59:40+00,on,32.70656967163086,70.98802185058594,,
dc:b4:d9:13:ed:8c,2026-05-25 13:59:45+00,on,32.73594284057617,71.00328063964844,,
dc:b4:d9:13:ed:8c,2026-05-25 13:59:50+00,on,32.73594284057617,71.01548767089844,,
dc:b4:d9:13:ed:8c,2026-05-25 13:59:55+00,on,32.69321823120117,71.06736755371094,,
dc:b4:d9:13:ed:8c,2026-05-25 14:00:00+00,on,32.70656967163086,71.0933074951172,,
dc:b4:d9:13:ed:8c,2026-05-25 14:00:05+00,on,32.70656967163086,71.03990173339844,,
dc:b4:d9:13:ed:8c,2026-05-25 14:00:10+00,on,32.69321823120117,71.0261688232422,,
dc:b4:d9:13:ed:8c,2026-05-25 14:00:15+00,on,32.70656967163086,71.04905700683594,,
dc:b4:d9:13:ed:8c,2026-05-25 14:00:20+00,on,32.69321823120117,71.05821228027344,,
dc:b4:d9:13:ed:8c,2026-05-25 14:00:25+00,on,32.71992111206055,71.09788513183594,,
dc:b4:d9:13:ed:8c,2026-05-25 14:00:30+00,on,32.70656967163086,71.1543426513672,,
dc:b4:d9:13:ed:8c,2026-05-25 14:00:35+00,on,32.73594284057617,71.1085662841797,,
dc:b4:d9:13:ed:8c,2026-05-25 14:00:40+00,on,32.70656967163086,71.12535095214844,,
dc:b4:d9:13:ed:8c,2026-05-25 14:00:46+00,on,32.71992111206055,71.14976501464844,,
dc:b4:d9:13:ed:8c,2026-05-25 14:00:51+00,on,32.69321823120117,71.1116180419922,,
dc:b4:d9:13:ed:8c,2026-05-25 14:00:56+00,on,32.71992111206055,71.1390838623047,,
dc:b4:d9:13:ed:8c,2026-05-25 14:01:01+00,on,32.73594284057617,71.0566864013672,,
dc:b4:d9:13:ed:8c,2026-05-25 14:01:06+00,on,32.74929428100586,71.07041931152344,,
dc:b4:d9:13:ed:8c,2026-05-25 14:01:11+00,on,32.73594284057617,71.0566864013672,,
dc:b4:d9:13:ed:8c,2026-05-25 14:01:16+00,on,32.73594284057617,71.0353240966797,,
dc:b4:d9:13:ed:8c,2026-05-25 14:01:21+00,on,32.74929428100586,71.0292205810547,,
dc:b4:d9:13:ed:8c,2026-05-25 14:01:26+00,on,32.76264572143555,71.0200653076172,,
dc:b4:d9:13:ed:8c,2026-05-25 14:01:31+00,on,32.71992111206055,71.03379821777344,,
dc:b4:d9:13:ed:8c,2026-05-25 14:01:36+00,on,32.73594284057617,71.01548767089844,,
dc:b4:d9:13:ed:8c,2026-05-25 14:01:41+00,on,32.73594284057617,70.9834442138672,,
dc:b4:d9:13:ed:8c,2026-05-25 14:01:46+00,on,32.73594284057617,70.9712371826172,,
dc:b4:d9:13:ed:8c,2026-05-25 14:01:51+00,on,32.73594284057617,71.00328063964844,,
dc:b4:d9:13:ed:8c,2026-05-25 14:01:56+00,on,32.71992111206055,71.0017547607422,,
dc:b4:d9:13:ed:8c,2026-05-25 14:02:01+00,on,32.73594284057617,71.00328063964844,,
dc:b4:d9:13:ed:8c,2026-05-25 14:02:07+00,on,32.74929428100586,71.0170135498047,,
dc:b4:d9:13:ed:8c,2026-05-25 14:02:12+00,on,32.73594284057617,71.0353240966797,,
dc:b4:d9:13:ed:8c,2026-05-25 14:02:17+00,on,32.74929428100586,71.0811004638672,,
dc:b4:d9:13:ed:8c,2026-05-25 14:02:22+00,on,32.775997161865234,71.0749969482422,,
dc:b4:d9:13:ed:8c,2026-05-25 14:02:27+00,on,32.775997161865234,71.0566864013672,,
dc:b4:d9:13:ed:8c,2026-05-25 14:02:32+00,on,32.76264572143555,71.0109100341797,,
dc:b4:d9:13:ed:8c,2026-05-25 14:02:37+00,on,32.79201889038086,71.0170135498047,,
dc:b4:d9:13:ed:8c,2026-05-25 14:02:42+00,on,32.80537033081055,70.99717712402344,,
dc:b4:d9:13:ed:8c,2026-05-25 14:02:47+00,on,32.79201889038086,70.93003845214844,,
dc:b4:d9:13:ed:8c,2026-05-25 14:02:52+00,on,32.80537033081055,70.90257263183594,,
dc:b4:d9:13:ed:8c,2026-05-25 14:02:57+00,on,32.79201889038086,70.87815856933594,,
dc:b4:d9:13:ed:8c,2026-05-25 14:03:02+00,on,32.80537033081055,70.85069274902344,,
dc:b4:d9:13:ed:8c,2026-05-25 14:03:07+00,on,32.80537033081055,70.85069274902344,,
dc:b4:d9:13:ed:8c,2026-05-25 14:03:12+00,on,32.80537033081055,70.85069274902344,,
dc:b4:d9:13:ed:8c,2026-05-25 14:03:17+00,on,32.76264572143555,70.82933044433594,,
dc:b4:d9:13:ed:8c,2026-05-25 14:03:22+00,on,32.818721771240234,70.81101989746094,,
dc:b4:d9:13:ed:8c,2026-05-25 14:03:27+00,on,32.79201889038086,70.80491638183594,,
dc:b4:d9:13:ed:8c,2026-05-25 14:03:33+00,on,32.76264572143555,70.8613739013672,,
dc:b4:d9:13:ed:8c,2026-05-25 14:03:38+00,on,32.775997161865234,70.86595153808594,,
dc:b4:d9:13:ed:8c,2026-05-25 14:03:43+00,on,32.775997161865234,70.9193572998047,,
dc:b4:d9:13:ed:8c,2026-05-25 14:03:48+00,on,32.74929428100586,70.8918914794922,,
dc:b4:d9:13:ed:8c,2026-05-25 14:03:53+00,on,32.76264572143555,70.95750427246094,,
dc:b4:d9:13:ed:8c,2026-05-25 14:03:58+00,on,32.775997161865234,70.9285125732422,,
dc:b4:d9:13:ed:8c,2026-05-25 14:04:03+00,on,32.775997161865234,70.96971130371094,,
dc:b4:d9:13:ed:8c,2026-05-25 14:04:08+00,on,32.76264572143555,70.95750427246094,,
dc:b4:d9:13:ed:8c,2026-05-25 14:04:13+00,on,32.775997161865234,70.93919372558594,,
dc:b4:d9:13:ed:8c,2026-05-25 14:04:18+00,on,32.76264572143555,70.9468231201172,,
dc:b4:d9:13:ed:8c,2026-05-25 14:04:23+00,on,32.80537033081055,70.98802185058594,,
dc:b4:d9:13:ed:8c,2026-05-25 14:04:28+00,on,32.79201889038086,70.93003845214844,,
dc:b4:d9:13:ed:8c,2026-05-25 14:04:33+00,on,32.775997161865234,70.9193572998047,,
dc:b4:d9:13:ed:8c,2026-05-25 14:04:38+00,on,32.80537033081055,70.8918914794922,,
dc:b4:d9:13:ed:8c,2026-05-25 14:04:43+00,on,32.775997161865234,70.88426208496094,,
dc:b4:d9:13:ed:8c,2026-05-25 14:04:48+00,on,32.79201889038086,70.87815856933594,,
dc:b4:d9:13:ed:8c,2026-05-25 14:04:53+00,on,32.775997161865234,70.9193572998047,,
dc:b4:d9:13:ed:8c,2026-05-25 14:04:59+00,on,32.775997161865234,70.9285125732422,,
dc:b4:d9:13:ed:8c,2026-05-25 14:05:04+00,on,32.79201889038086,70.9102020263672,,
dc:b4:d9:13:ed:8c,2026-05-25 14:05:09+00,on,32.80537033081055,70.93309020996094,,
dc:b4:d9:13:ed:8c,2026-05-25 14:05:14+00,on,32.76264572143555,70.92393493652344,,
dc:b4:d9:13:ed:8c,2026-05-25 14:05:19+00,on,32.79201889038086,70.9529266357422,,
dc:b4:d9:13:ed:8c,2026-05-25 14:05:24+00,on,32.775997161865234,70.9285125732422,,
dc:b4:d9:13:ed:8c,2026-05-25 14:05:29+00,on,32.79201889038086,70.9834442138672,,
dc:b4:d9:13:ed:8c,2026-05-25 14:05:34+00,on,32.775997161865234,70.94834899902344,,
dc:b4:d9:13:ed:8c,2026-05-25 14:05:39+00,on,32.79201889038086,70.92088317871094,,
dc:b4:d9:13:ed:8c,2026-05-25 14:05:44+00,on,32.775997161865234,70.9071502685547,,
dc:b4:d9:13:ed:8c,2026-05-25 14:05:49+00,on,32.79201889038086,70.94224548339844,,
dc:b4:d9:13:ed:8c,2026-05-25 14:05:54+00,on,32.79201889038086,70.9651336669922,,
dc:b4:d9:13:ed:8c,2026-05-25 14:05:59+00,on,32.80537033081055,70.91477966308594,,
dc:b4:d9:13:ed:8c,2026-05-25 14:06:04+00,on,32.775997161865234,70.9193572998047,,
dc:b4:d9:13:ed:8c,2026-05-25 14:06:09+00,on,32.80537033081055,70.90257263183594,,
dc:b4:d9:13:ed:8c,2026-05-25 14:06:14+00,on,32.79201889038086,70.9010467529297,,
dc:b4:d9:13:ed:8c,2026-05-25 14:06:20+00,on,32.818721771240234,70.89341735839844,,
dc:b4:d9:13:ed:8c,2026-05-25 14:06:25+00,on,32.79201889038086,70.9102020263672,,
dc:b4:d9:13:ed:8c,2026-05-25 14:06:30+00,on,32.818721771240234,70.89341735839844,,
dc:b4:d9:13:ed:8c,2026-05-25 14:06:35+00,on,32.818721771240234,70.88426208496094,,
dc:b4:d9:13:ed:8c,2026-05-25 14:06:40+00,on,32.83207321166992,70.93919372558594,,
dc:b4:d9:13:ed:8c,2026-05-25 14:06:45+00,on,32.861446380615234,70.97886657714844,,
dc:b4:d9:13:ed:8c,2026-05-25 14:06:50+00,on,32.861446380615234,70.96665954589844,,
dc:b4:d9:13:ed:8c,2026-05-25 14:06:55+00,on,32.83207321166992,70.9925994873047,,
dc:b4:d9:13:ed:8c,2026-05-25 14:07:00+00,on,32.861446380615234,70.98802185058594,,
dc:b4:d9:13:ed:8c,2026-05-25 14:07:05+00,on,32.87479782104492,70.9895477294922,,
dc:b4:d9:13:ed:8c,2026-05-25 14:07:10+00,on,32.87479782104492,70.9895477294922,,
dc:b4:d9:13:ed:8c,2026-05-25 14:07:15+00,on,32.87479782104492,70.9803924560547,,
dc:b4:d9:13:ed:8c,2026-05-25 14:07:20+00,on,32.87479782104492,70.93919372558594,,
dc:b4:d9:13:ed:8c,2026-05-25 14:07:25+00,on,32.888153076171875,70.8979949951172,,
dc:b4:d9:13:ed:8c,2026-05-25 14:07:30+00,on,32.87479782104492,70.88731384277344,,
dc:b4:d9:13:ed:8c,2026-05-25 14:07:35+00,on,32.861446380615234,70.8613739013672,,
dc:b4:d9:13:ed:8c,2026-05-25 14:07:40+00,on,32.87479782104492,70.87510681152344,,
dc:b4:d9:13:ed:8c,2026-05-25 14:07:46+00,on,32.861446380615234,70.90257263183594,,
dc:b4:d9:13:ed:8c,2026-05-25 14:07:51+00,on,32.861446380615234,70.9376678466797,,
dc:b4:d9:13:ed:8c,2026-05-25 14:07:56+00,on,32.861446380615234,70.97886657714844,,
dc:b4:d9:13:ed:8c,2026-05-25 14:08:01+00,on,32.888153076171875,70.9620819091797,,
dc:b4:d9:13:ed:8c,2026-05-25 14:08:06+00,on,32.861446380615234,70.97886657714844,,
dc:b4:d9:13:ed:8c,2026-05-25 14:08:11+00,on,32.87479782104492,71.0658416748047,,
dc:b4:d9:13:ed:8c,2026-05-25 14:08:16+00,on,32.861446380615234,70.96665954589844,,
dc:b4:d9:13:ed:8c,2026-05-25 14:08:21+00,on,32.87479782104492,70.94834899902344,,
dc:b4:d9:13:ed:8c,2026-05-25 14:08:26+00,on,32.83207321166992,70.8979949951172,,
dc:b4:d9:13:ed:8c,2026-05-25 14:08:31+00,on,32.818721771240234,70.8522186279297,,
dc:b4:d9:13:ed:8c,2026-05-25 14:08:36+00,on,32.83207321166992,70.8979949951172,,
dc:b4:d9:13:ed:8c,2026-05-25 14:08:41+00,on,32.83207321166992,70.95140075683594,,
dc:b4:d9:13:ed:8c,2026-05-25 14:08:46+00,on,32.83207321166992,70.93003845214844,,
dc:b4:d9:13:ed:8c,2026-05-25 14:08:51+00,on,32.80537033081055,70.9559783935547,,
dc:b4:d9:13:ed:8c,2026-05-25 14:08:56+00,on,32.83207321166992,70.9620819091797,,
dc:b4:d9:13:ed:8c,2026-05-25 14:09:01+00,on,32.84809494018555,70.94224548339844,,
dc:b4:d9:13:ed:8c,2026-05-25 14:09:06+00,on,32.818721771240234,70.9468231201172,,
dc:b4:d9:13:ed:8c,2026-05-25 14:09:12+00,on,32.80537033081055,70.92393493652344,,
dc:b4:d9:13:ed:8c,2026-05-25 14:09:17+00,on,32.79201889038086,70.92088317871094,,
dc:b4:d9:13:ed:8c,2026-05-25 14:09:22+00,on,32.79201889038086,70.94224548339844,,
dc:b4:d9:13:ed:8c,2026-05-25 14:09:27+00,on,32.80537033081055,70.98802185058594,,
dc:b4:d9:13:ed:8c,2026-05-25 14:09:32+00,on,32.79201889038086,70.93003845214844,,
dc:b4:d9:13:ed:8c,2026-05-25 14:09:37+00,on,32.775997161865234,70.96055603027344,,
dc:b4:d9:13:ed:8c,2026-05-25 14:09:42+00,on,32.775997161865234,70.96971130371094,,
dc:b4:d9:13:ed:8c,2026-05-25 14:09:47+00,on,32.79201889038086,71.0170135498047,,
dc:b4:d9:13:ed:8c,2026-05-25 14:09:52+00,on,32.79201889038086,71.0475311279297,,
dc:b4:d9:13:ed:8c,2026-05-25 14:09:57+00,on,32.80537033081055,71.06126403808594,,
dc:b4:d9:13:ed:8c,2026-05-25 14:10:02+00,on,32.74929428100586,71.05821228027344,,
dc:b4:d9:13:ed:8c,2026-05-25 14:10:07+00,on,32.73594284057617,71.1085662841797,,
dc:b4:d9:13:ed:8c,2026-05-25 14:10:12+00,on,32.70656967163086,71.1451873779297,,
dc:b4:d9:13:ed:8c,2026-05-25 14:10:17+00,on,32.70656967163086,71.1543426513672,,
dc:b4:d9:13:ed:8c,2026-05-25 14:10:22+00,on,32.71992111206055,71.18028259277344,,
dc:b4:d9:13:ed:8c,2026-05-25 14:10:27+00,on,32.73594284057617,71.21385192871094,,
dc:b4:d9:13:ed:8c,2026-05-25 14:10:33+00,on,32.73594284057617,71.22605895996094,,
dc:b4:d9:13:ed:8c,2026-05-25 14:10:38+00,on,32.73594284057617,71.19554138183594,,
dc:b4:d9:13:ed:8c,2026-05-25 14:10:43+00,on,32.76264572143555,71.18028259277344,,
dc:b4:d9:13:ed:8c,2026-05-25 14:10:48+00,on,32.76264572143555,71.2092742919922,,
dc:b4:d9:13:ed:8c,2026-05-25 14:10:53+00,on,32.74929428100586,71.1634979248047,,
dc:b4:d9:13:ed:8c,2026-05-25 14:10:58+00,on,32.76264572143555,71.18028259277344,,
dc:b4:d9:13:ed:8c,2026-05-25 14:11:03+00,on,32.71992111206055,71.15892028808594,,
dc:b4:d9:13:ed:8c,2026-05-25 14:11:08+00,on,32.74929428100586,71.1634979248047,,
dc:b4:d9:13:ed:8c,2026-05-25 14:11:13+00,on,32.73594284057617,71.16197204589844,,
dc:b4:d9:13:ed:8c,2026-05-25 14:11:18+00,on,32.73594284057617,71.20469665527344,,
dc:b4:d9:13:ed:8c,2026-05-25 14:11:23+00,on,32.74929428100586,71.2184295654297,,
dc:b4:d9:13:ed:8c,2026-05-25 14:11:28+00,on,32.76264572143555,71.18943786621094,,
dc:b4:d9:13:ed:8c,2026-05-25 14:11:33+00,on,32.74929428100586,71.18638610839844,,
dc:b4:d9:13:ed:8c,2026-05-25 14:11:38+00,on,32.74929428100586,71.19859313964844,,
dc:b4:d9:13:ed:8c,2026-05-25 14:11:43+00,on,32.73594284057617,71.22605895996094,,
dc:b4:d9:13:ed:8c,2026-05-25 14:11:48+00,on,32.71992111206055,71.18028259277344,,
dc:b4:d9:13:ed:8c,2026-05-25 14:11:53+00,on,32.73594284057617,71.22605895996094,,
dc:b4:d9:13:ed:8c,2026-05-25 14:11:59+00,on,32.74929428100586,71.2275848388672,,
dc:b4:d9:13:ed:8c,2026-05-25 14:12:04+00,on,32.73594284057617,71.1848602294922,,
dc:b4:d9:13:ed:8c,2026-05-25 14:12:09+00,on,32.71992111206055,71.2642135620117,,
dc:b4:d9:13:ed:8c,2026-05-25 14:12:14+00,on,32.73594284057617,71.29930877685547,,
dc:b4:d9:13:ed:8c,2026-05-25 14:12:19+00,on,32.71992111206055,71.30541229248047,,
dc:b4:d9:13:ed:8c,2026-05-25 14:12:24+00,on,32.71992111206055,71.3496627807617,,
dc:b4:d9:13:ed:8c,2026-05-25 14:12:29+00,on,32.70656967163086,71.3374557495117,,
dc:b4:d9:13:ed:8c,2026-05-25 14:12:34+00,on,32.69321823120117,71.3221969604492,,
dc:b4:d9:13:ed:8c,2026-05-25 14:12:39+00,on,32.69321823120117,71.3771286010742,,
dc:b4:d9:13:ed:8c,2026-05-25 14:12:44+00,on,32.70656967163086,71.4198532104492,,
dc:b4:d9:13:ed:8c,2026-05-25 14:12:49+00,on,32.70656967163086,71.40001678466797,,
dc:b4:d9:13:ed:8c,2026-05-25 14:12:54+00,on,32.69321823120117,71.3771286010742,,
dc:b4:d9:13:ed:8c,2026-05-25 14:12:59+00,on,32.679866790771484,71.3923873901367,,
dc:b4:d9:13:ed:8c,2026-05-25 14:13:04+00,on,32.71992111206055,71.43358612060547,,
dc:b4:d9:13:ed:8c,2026-05-25 14:13:09+00,on,32.70656967163086,71.4198532104492,,
dc:b4:d9:13:ed:8c,2026-05-25 14:13:14+00,on,32.66384506225586,71.45494842529297,,
dc:b4:d9:13:ed:8c,2026-05-25 14:13:19+00,on,32.66384506225586,71.46410369873047,,
dc:b4:d9:13:ed:8c,2026-05-25 14:13:25+00,on,32.679866790771484,71.47936248779297,,
dc:b4:d9:13:ed:8c,2026-05-25 14:13:30+00,on,32.66384506225586,71.45494842529297,,
dc:b4:d9:13:ed:8c,2026-05-25 14:13:35+00,on,32.66384506225586,71.46410369873047,,
dc:b4:d9:13:ed:8c,2026-05-25 14:13:40+00,on,32.679866790771484,71.50988006591797,,
dc:b4:d9:13:ed:8c,2026-05-25 14:13:45+00,on,32.66384506225586,71.52819061279297,,
dc:b4:d9:13:ed:8c,2026-05-25 14:13:50+00,on,32.637142181396484,71.55260467529297,,
dc:b4:d9:13:ed:8c,2026-05-25 14:13:55+00,on,32.637142181396484,71.55260467529297,,
dc:b4:d9:13:ed:8c,2026-05-25 14:14:00+00,on,32.637142181396484,71.54344940185547,,
dc:b4:d9:13:ed:8c,2026-05-25 14:14:05+00,on,32.637142181396484,71.57396697998047,,
dc:b4:d9:13:ed:8c,2026-05-25 14:14:10+00,on,32.66384506225586,71.6243209838867,,
dc:b4:d9:13:ed:8c,2026-05-25 14:14:15+00,on,32.66384506225586,71.59227752685547,,
dc:b4:d9:13:ed:8c,2026-05-25 14:14:20+00,on,32.70656967163086,71.61058807373047,,
dc:b4:d9:13:ed:8c,2026-05-25 14:14:25+00,on,32.679866790771484,71.62584686279297,,
dc:b4:d9:13:ed:8c,2026-05-25 14:14:30+00,on,32.66384506225586,71.60143280029297,,
dc:b4:d9:13:ed:8c,2026-05-25 14:14:35+00,on,32.66384506225586,71.6243209838867,,
dc:b4:d9:13:ed:8c,2026-05-25 14:14:40+00,on,32.65049362182617,71.6395797729492,,
dc:b4:d9:13:ed:8c,2026-05-25 14:14:45+00,on,32.66384506225586,71.7494430541992,,
dc:b4:d9:13:ed:8c,2026-05-25 14:14:51+00,on,32.66384506225586,71.781494140625,,
dc:b4:d9:13:ed:8c,2026-05-25 14:14:56+00,on,32.679866790771484,71.76318359375,,
dc:b4:d9:13:ed:8c,2026-05-25 14:15:01+00,on,32.679866790771484,71.7845458984375,,
dc:b4:d9:13:ed:8c,2026-05-25 14:15:06+00,on,32.66384506225586,71.781494140625,,
dc:b4:d9:13:ed:8c,2026-05-25 14:15:11+00,on,32.65049362182617,71.92645263671875,,
dc:b4:d9:13:ed:8c,2026-05-25 14:15:16+00,on,32.65049362182617,71.9676513671875,,
dc:b4:d9:13:ed:8c,2026-05-25 14:15:21+00,on,32.637142181396484,72.05157470703125,,
dc:b4:d9:13:ed:8c,2026-05-25 14:15:26+00,on,32.62378692626953,72.09124755859375,,
dc:b4:d9:13:ed:8c,2026-05-25 14:15:31+00,on,32.6077651977539,72.11871337890625,,
dc:b4:d9:13:ed:8c,2026-05-25 14:15:36+00,on,32.637142181396484,72.12481689453125,,
dc:b4:d9:13:ed:8c,2026-05-25 14:15:41+00,on,32.637142181396484,72.12481689453125,,
dc:b4:d9:13:ed:8c,2026-05-25 14:15:46+00,on,32.679866790771484,72.16448974609375,,
dc:b4:d9:13:ed:8c,2026-05-25 14:15:51+00,on,32.69321823120117,72.2621536254883,,
dc:b4:d9:13:ed:8c,2026-05-25 14:15:56+00,on,32.70656967163086,72.2560501098633,,
dc:b4:d9:13:ed:8c,2026-05-25 14:16:01+00,on,32.71992111206055,72.21636962890625,,
dc:b4:d9:13:ed:8c,2026-05-25 14:16:06+00,on,32.71992111206055,72.16448974609375,,
dc:b4:d9:13:ed:8c,2026-05-25 14:16:12+00,on,32.71992111206055,72.15228271484375,,
dc:b4:d9:13:ed:8c,2026-05-25 14:16:17+00,on,32.73594284057617,72.1141357421875,,
dc:b4:d9:13:ed:8c,2026-05-25 14:16:22+00,on,32.76264572143555,72.08819580078125,,
dc:b4:d9:13:ed:8c,2026-05-25 14:16:27+00,on,32.76264572143555,72.08819580078125,,
dc:b4:d9:13:ed:8c,2026-05-25 14:16:32+00,on,32.76264572143555,72.03326416015625,,
dc:b4:d9:13:ed:8c,2026-05-25 14:16:37+00,on,32.79201889038086,72.074462890625,,
dc:b4:d9:13:ed:8c,2026-05-25 14:16:42+00,on,32.79201889038086,72.0408935546875,,
dc:b4:d9:13:ed:8c,2026-05-25 14:16:47+00,on,32.818721771240234,71.96307373046875,,
dc:b4:d9:13:ed:8c,2026-05-25 14:16:47+00,on,32.818721771240234,71.96307373046875,,
dc:b4:d9:13:ed:8c,2026-05-25 14:16:52+00,on,32.80537033081055,71.91729736328125,,
dc:b4:d9:13:ed:8c,2026-05-25 14:16:57+00,on,32.83207321166992,71.92340087890625,,
dc:b4:d9:13:ed:8c,2026-05-25 14:17:02+00,on,32.84809494018555,71.92645263671875,,
dc:b4:d9:13:ed:8c,2026-05-25 14:17:07+00,on,32.84809494018555,71.9493408203125,,
dc:b4:d9:13:ed:8c,2026-05-25 14:17:12+00,on,32.80537033081055,71.91729736328125,,
dc:b4:d9:13:ed:8c,2026-05-25 14:17:17+00,on,32.818721771240234,71.921875,,
dc:b4:d9:13:ed:8c,2026-05-25 14:17:22+00,on,32.83207321166992,72.050048828125,,
dc:b4:d9:13:ed:8c,2026-05-25 14:17:27+00,on,32.79201889038086,72.20111083984375,,
dc:b4:d9:13:ed:8c,2026-05-25 14:17:32+00,on,32.80537033081055,72.3201370239258,,
dc:b4:d9:13:ed:8c,2026-05-25 14:17:38+00,on,32.83207321166992,72.4635696411133,,
dc:b4:d9:13:ed:8c,2026-05-25 14:17:43+00,on,32.861446380615234,72.41626739501953,,
dc:b4:d9:13:ed:8c,2026-05-25 14:17:48+00,on,32.861446380615234,72.34302520751953,,
dc:b4:d9:13:ed:8c,2026-05-25 14:17:53+00,on,32.84809494018555,72.3811721801758,,
dc:b4:d9:13:ed:8c,2026-05-25 14:17:58+00,on,32.83207321166992,72.3994827270508,,
dc:b4:d9:13:ed:8c,2026-05-25 14:18:03+00,on,32.818721771240234,72.45899200439453,,
dc:b4:d9:13:ed:8c,2026-05-25 14:18:08+00,on,32.79201889038086,72.50782012939453,,
dc:b4:d9:13:ed:8c,2026-05-25 14:18:13+00,on,32.79201889038086,72.4849319458008,,
dc:b4:d9:13:ed:8c,2026-05-25 14:18:18+00,on,32.83207321166992,72.5276565551758,,
dc:b4:d9:13:ed:8c,2026-05-25 14:18:23+00,on,32.79201889038086,72.44373321533203,,
dc:b4:d9:13:ed:8c,2026-05-25 14:18:28+00,on,32.80537033081055,72.4452590942383,,
dc:b4:d9:13:ed:8c,2026-05-25 14:18:33+00,on,32.80537033081055,72.43457794189453,,
dc:b4:d9:13:ed:8c,2026-05-25 14:18:38+00,on,32.79201889038086,72.4116897583008,,
dc:b4:d9:13:ed:8c,2026-05-25 14:18:43+00,on,32.76264572143555,72.2987747192383,,
dc:b4:d9:13:ed:8c,2026-05-25 14:18:48+00,on,32.775997161865234,72.123291015625,,
dc:b4:d9:13:ed:8c,2026-05-25 14:18:53+00,on,32.79201889038086,72.03173828125,,
dc:b4:d9:13:ed:8c,2026-05-25 14:18:58+00,on,32.76264572143555,71.95086669921875,,
dc:b4:d9:13:ed:8c,2026-05-25 14:19:04+00,on,32.76264572143555,71.940185546875,,
dc:b4:d9:13:ed:8c,2026-05-25 14:19:09+00,on,32.74929428100586,71.91729736328125,,
dc:b4:d9:13:ed:8c,2026-05-25 14:19:14+00,on,32.73594284057617,71.85015869140625,,
dc:b4:d9:13:ed:8c,2026-05-25 14:19:19+00,on,32.76264572143555,71.854736328125,,
dc:b4:d9:13:ed:8c,2026-05-25 14:19:24+00,on,32.73594284057617,71.85015869140625,,
dc:b4:d9:13:ed:8c,2026-05-25 14:19:29+00,on,32.775997161865234,71.8272705078125,,
dc:b4:d9:13:ed:8c,2026-05-25 14:19:34+00,on,32.775997161865234,71.76318359375,,
dc:b4:d9:13:ed:8c,2026-05-25 14:19:39+00,on,32.775997161865234,71.72045135498047,,
dc:b4:d9:13:ed:8c,2026-05-25 14:19:44+00,on,32.80537033081055,71.7998046875,,
dc:b4:d9:13:ed:8c,2026-05-25 14:19:49+00,on,32.79201889038086,71.8089599609375,,
dc:b4:d9:13:ed:8c,2026-05-25 14:19:54+00,on,32.80537033081055,71.73876190185547,,
dc:b4:d9:13:ed:8c,2026-05-25 14:19:59+00,on,32.775997161865234,71.65636444091797,,
dc:b4:d9:13:ed:8c,2026-05-25 14:20:04+00,on,32.775997161865234,71.6792526245117,,
dc:b4:d9:13:ed:8c,2026-05-25 14:20:09+00,on,32.775997161865234,71.71129608154297,,
dc:b4:d9:13:ed:8c,2026-05-25 14:20:14+00,on,32.80537033081055,71.65331268310547,,
dc:b4:d9:13:ed:8c,2026-05-25 14:20:19+00,on,32.79201889038086,71.67162322998047,,
dc:b4:d9:13:ed:8c,2026-05-25 14:20:25+00,on,32.775997161865234,71.62584686279297,,
dc:b4:d9:13:ed:8c,2026-05-25 14:20:30+00,on,32.775997161865234,71.6151657104492,,
dc:b4:d9:13:ed:8c,2026-05-25 14:20:35+00,on,32.76264572143555,71.6121139526367,,
dc:b4:d9:13:ed:8c,2026-05-25 14:20:40+00,on,32.775997161865234,71.57396697998047,,
dc:b4:d9:13:ed:8c,2026-05-25 14:20:45+00,on,32.775997161865234,71.72045135498047,,
dc:b4:d9:13:ed:8c,2026-05-25 14:20:50+00,on,32.79201889038086,71.74791717529297,,
dc:b4:d9:13:ed:8c,2026-05-25 14:20:55+00,on,32.80537033081055,71.66246795654297,,
dc:b4:d9:13:ed:8c,2026-05-25 14:21:00+00,on,32.79201889038086,71.6609420776367,,
dc:b4:d9:13:ed:8c,2026-05-25 14:21:05+00,on,32.76264572143555,71.58007049560547,,
dc:b4:d9:13:ed:8c,2026-05-25 14:21:10+00,on,32.79201889038086,71.5876998901367,,
dc:b4:d9:13:ed:8c,2026-05-25 14:21:15+00,on,32.775997161865234,71.5297164916992,,
dc:b4:d9:13:ed:8c,2026-05-25 14:21:20+00,on,32.79201889038086,71.59838104248047,,
dc:b4:d9:13:ed:8c,2026-05-25 14:21:25+00,on,32.76264572143555,71.5388717651367,,
dc:b4:d9:13:ed:8c,2026-05-25 14:21:30+00,on,32.76264572143555,71.43358612060547,,
dc:b4:d9:13:ed:8c,2026-05-25 14:21:35+00,on,32.775997161865234,71.57396697998047,,
dc:b4:d9:13:ed:8c,2026-05-25 14:21:40+00,on,32.775997161865234,71.58312225341797,,
dc:b4:d9:13:ed:8c,2026-05-25 14:21:45+00,on,32.76264572143555,71.4961471557617,,
dc:b4:d9:13:ed:8c,2026-05-25 14:21:51+00,on,32.73594284057617,71.47936248779297,,
dc:b4:d9:13:ed:8c,2026-05-25 14:21:56+00,on,32.74929428100586,71.4412155151367,,
dc:b4:d9:13:ed:8c,2026-05-25 14:22:01+00,on,32.71992111206055,71.3923873901367,,
dc:b4:d9:13:ed:8c,2026-05-25 14:22:06+00,on,32.70656967163086,71.32677459716797,,
dc:b4:d9:13:ed:8c,2026-05-25 14:22:11+00,on,32.71992111206055,71.3405075073242,,
dc:b4:d9:13:ed:8c,2026-05-25 14:22:16+00,on,32.71992111206055,71.43358612060547,,
dc:b4:d9:13:ed:8c,2026-05-25 14:22:21+00,on,32.70656967163086,71.4412155151367,,
dc:b4:d9:13:ed:8c,2026-05-25 14:22:26+00,on,32.679866790771484,71.4564743041992,,
dc:b4:d9:13:ed:8c,2026-05-25 14:22:31+00,on,32.69321823120117,71.5754928588867,,
dc:b4:d9:13:ed:8c,2026-05-25 14:22:36+00,on,32.70656967163086,71.61058807373047,,
dc:b4:d9:13:ed:8c,2026-05-25 14:22:41+00,on,32.69321823120117,71.5022506713867,,
dc:b4:d9:13:ed:8c,2026-05-25 14:22:46+00,on,32.70656967163086,71.4320602416992,,
dc:b4:d9:13:ed:8c,2026-05-25 14:22:51+00,on,32.70656967163086,71.4320602416992,,
dc:b4:d9:13:ed:8c,2026-05-25 14:22:56+00,on,32.69321823120117,71.47020721435547,,
dc:b4:d9:13:ed:8c,2026-05-25 14:23:01+00,on,32.70656967163086,71.4320602416992,,
dc:b4:d9:13:ed:8c,2026-05-25 14:23:06+00,on,32.69321823120117,71.3862838745117,,
dc:b4:d9:13:ed:8c,2026-05-25 14:23:11+00,on,32.69321823120117,71.4290084838867,,
dc:b4:d9:13:ed:8c,2026-05-25 14:23:17+00,on,32.66384506225586,71.40001678466797,,
dc:b4:d9:13:ed:8c,2026-05-25 14:23:22+00,on,32.66384506225586,71.3466110229492,,
dc:b4:d9:13:ed:8c,2026-05-25 14:23:27+00,on,32.65049362182617,71.32372283935547,,
dc:b4:d9:13:ed:8c,2026-05-25 14:23:32+00,on,32.65049362182617,71.39696502685547,,
dc:b4:d9:13:ed:8c,2026-05-25 14:23:37+00,on,32.65049362182617,71.47325897216797,,
dc:b4:d9:13:ed:8c,2026-05-25 14:23:42+00,on,32.637142181396484,71.41832733154297,,
dc:b4:d9:13:ed:8c,2026-05-25 14:23:47+00,on,32.637142181396484,71.41832733154297,,
dc:b4:d9:13:ed:8c,2026-05-25 14:23:52+00,on,32.65049362182617,71.4198532104492,,
dc:b4:d9:13:ed:8c,2026-05-25 14:23:57+00,on,32.637142181396484,71.43663787841797,,
dc:b4:d9:13:ed:8c,2026-05-25 14:24:02+00,on,32.62378692626953,71.29625701904297,,
dc:b4:d9:13:ed:8c,2026-05-25 14:24:07+00,on,32.6077651977539,71.3038864135742,,
dc:b4:d9:13:ed:8c,2026-05-25 14:24:12+00,on,32.6077651977539,71.27184295654297,,
dc:b4:d9:13:ed:8c,2026-05-25 14:24:17+00,on,32.6077651977539,71.31456756591797,,
dc:b4:d9:13:ed:8c,2026-05-25 14:24:22+00,on,32.6077651977539,71.3038864135742,,
dc:b4:d9:13:ed:8c,2026-05-25 14:24:27+00,on,32.567710876464844,71.29625701904297,,
dc:b4:d9:13:ed:8c,2026-05-25 14:24:32+00,on,32.567710876464844,71.25353240966797,,
dc:b4:d9:13:ed:8c,2026-05-25 14:24:38+00,on,32.567710876464844,71.23216247558594,,
dc:b4:d9:13:ed:8c,2026-05-25 14:24:43+00,on,32.53833770751953,71.21385192871094,,
dc:b4:d9:13:ed:8c,2026-05-25 14:24:48+00,on,32.524986267089844,71.2123260498047,,
dc:b4:d9:13:ed:8c,2026-05-25 14:24:53+00,on,32.524986267089844,71.2123260498047,,
dc:b4:d9:13:ed:8c,2026-05-25 14:24:58+00,on,32.53833770751953,71.1848602294922,,
dc:b4:d9:13:ed:8c,2026-05-25 14:25:03+00,on,32.511634826660156,71.17723083496094,,
dc:b4:d9:13:ed:8c,2026-05-25 14:25:08+00,on,32.511634826660156,71.1665496826172,,
dc:b4:d9:13:ed:8c,2026-05-25 14:25:13+00,on,32.524986267089844,71.15892028808594,,
dc:b4:d9:13:ed:8c,2026-05-25 14:25:18+00,on,32.511634826660156,71.2184295654297,,
dc:b4:d9:13:ed:8c,2026-05-25 14:25:23+00,on,32.524986267089844,71.17112731933594,,
dc:b4:d9:13:ed:8c,2026-05-25 14:25:28+00,on,32.49561309814453,71.14366149902344,,
dc:b4:d9:13:ed:8c,2026-05-25 14:25:33+00,on,32.524986267089844,71.2031707763672,,
dc:b4:d9:13:ed:8c,2026-05-25 14:25:38+00,on,32.53833770751953,71.20469665527344,,
dc:b4:d9:13:ed:8c,2026-05-25 14:25:43+00,on,32.524986267089844,71.2031707763672,,
dc:b4:d9:13:ed:8c,2026-05-25 14:25:48+00,on,32.511634826660156,71.2184295654297,,
dc:b4:d9:13:ed:8c,2026-05-25 14:25:53+00,on,32.53833770751953,71.1726531982422,,
dc:b4:d9:13:ed:8c,2026-05-25 14:25:58+00,on,32.524986267089844,71.08567810058594,,
dc:b4:d9:13:ed:8c,2026-05-25 14:26:04+00,on,32.511634826660156,71.10398864746094,,
dc:b4:d9:13:ed:8c,2026-05-25 14:26:09+00,on,32.524986267089844,71.11619567871094,,
dc:b4:d9:13:ed:8c,2026-05-25 14:26:14+00,on,32.49561309814453,71.06736755371094,,
dc:b4:d9:13:ed:8c,2026-05-25 14:26:19+00,on,32.511634826660156,71.0292205810547,,
dc:b4:d9:13:ed:8c,2026-05-25 14:26:24+00,on,32.511634826660156,70.9987030029297,,
dc:b4:d9:13:ed:8c,2026-05-25 14:26:29+00,on,32.53833770751953,71.08872985839844,,
dc:b4:d9:13:ed:8c,2026-05-25 14:26:34+00,on,32.55168914794922,71.11314392089844,,
dc:b4:d9:13:ed:8c,2026-05-25 14:26:39+00,on,32.53833770751953,71.02464294433594,,
dc:b4:d9:13:ed:8c,2026-05-25 14:26:44+00,on,32.524986267089844,71.0536346435547,,
dc:b4:d9:13:ed:8c,2026-05-25 14:26:49+00,on,32.524986267089844,71.0017547607422,,
dc:b4:d9:13:ed:8c,2026-05-25 14:26:54+00,on,32.524986267089844,70.9254608154297,,
dc:b4:d9:13:ed:8c,2026-05-25 14:26:59+00,on,32.482261657714844,70.8339080810547,,
dc:b4:d9:13:ed:8c,2026-05-25 14:27:04+00,on,32.53833770751953,70.88731384277344,,
dc:b4:d9:13:ed:8c,2026-05-25 14:27:09+00,on,32.482261657714844,70.7698211669922,,
dc:b4:d9:13:ed:8c,2026-05-25 14:27:14+00,on,32.49561309814453,70.79576110839844,,
dc:b4:d9:13:ed:8c,2026-05-25 14:27:19+00,on,32.511634826660156,70.77745056152344,,
dc:b4:d9:13:ed:8c,2026-05-25 14:27:24+00,on,32.53833770751953,70.7499771118164,,
dc:b4:d9:13:ed:8c,2026-05-25 14:27:30+00,on,32.524986267089844,70.70572662353516,,
dc:b4:d9:13:ed:8c,2026-05-25 14:27:35+00,on,32.524986267089844,70.6828384399414,,
dc:b4:d9:13:ed:8c,2026-05-25 14:27:40+00,on,32.524986267089844,70.66300201416016,,
dc:b4:d9:13:ed:8c,2026-05-25 14:27:45+00,on,32.511634826660156,70.66910552978516,,
dc:b4:d9:13:ed:8c,2026-05-25 14:27:50+00,on,32.511634826660156,70.7042007446289,,
dc:b4:d9:13:ed:8c,2026-05-25 14:27:55+00,on,32.511634826660156,70.66910552978516,,
dc:b4:d9:13:ed:8c,2026-05-25 14:28:00+00,on,32.49561309814453,70.5943374633789,,
dc:b4:d9:13:ed:8c,2026-05-25 14:28:05+00,on,32.49561309814453,70.5943374633789,,
dc:b4:d9:13:ed:8c,2026-05-25 14:28:10+00,on,32.46623992919922,70.57755279541016,,
dc:b4:d9:13:ed:8c,2026-05-25 14:28:15+00,on,32.49561309814453,70.60501861572266,,
dc:b4:d9:13:ed:8c,2026-05-25 14:28:20+00,on,32.46623992919922,70.65995025634766,,
dc:b4:d9:13:ed:8c,2026-05-25 14:28:25+00,on,32.45288848876953,70.66910552978516,,
dc:b4:d9:13:ed:8c,2026-05-25 14:28:30+00,on,32.482261657714844,70.71793365478516,,
dc:b4:d9:13:ed:8c,2026-05-25 14:28:35+00,on,32.46623992919922,70.6828384399414,,
dc:b4:d9:13:ed:8c,2026-05-25 14:28:40+00,on,32.46623992919922,70.67215728759766,,
dc:b4:d9:13:ed:8c,2026-05-25 14:28:45+00,on,32.482261657714844,70.6218032836914,,
dc:b4:d9:13:ed:8c,2026-05-25 14:28:50+00,on,32.482261657714844,70.6126480102539,,
dc:b4:d9:13:ed:8c,2026-05-25 14:28:56+00,on,32.45288848876953,70.54398345947266,,
dc:b4:d9:13:ed:8c,2026-05-25 14:29:01+00,on,32.46623992919922,70.5577163696289,,
dc:b4:d9:13:ed:8c,2026-05-25 14:29:06+00,on,32.46623992919922,70.52262115478516,,
dc:b4:d9:13:ed:8c,2026-05-25 14:29:11+00,on,32.46623992919922,70.4814224243164,,
dc:b4:d9:13:ed:8c,2026-05-25 14:29:16+00,on,32.46623992919922,70.5455093383789,,
dc:b4:d9:13:ed:8c,2026-05-25 14:29:21+00,on,32.45288848876953,70.5210952758789,,
dc:b4:d9:13:ed:8c,2026-05-25 14:29:26+00,on,32.46623992919922,70.4936294555664,,
dc:b4:d9:13:ed:8c,2026-05-25 14:29:31+00,on,32.46623992919922,70.4173355102539,,
dc:b4:d9:13:ed:8c,2026-05-25 14:29:36+00,on,32.511634826660156,70.4905776977539,,
dc:b4:d9:13:ed:8c,2026-05-25 14:29:41+00,on,32.49561309814453,70.5210952758789,,
dc:b4:d9:13:ed:8c,2026-05-25 14:29:46+00,on,32.482261657714844,70.5271987915039,,
dc:b4:d9:13:ed:8c,2026-05-25 14:29:51+00,on,32.49561309814453,70.43412017822266,,
dc:b4:d9:13:ed:8c,2026-05-25 14:29:56+00,on,32.482261657714844,70.3166275024414,,
dc:b4:d9:13:ed:8c,2026-05-25 14:30:01+00,on,32.482261657714844,70.3257827758789,,
dc:b4:d9:13:ed:8c,2026-05-25 14:30:06+00,on,32.482261657714844,70.37003326416016,,
dc:b4:d9:13:ed:8c,2026-05-25 14:30:11+00,on,32.46623992919922,70.36698150634766,,
dc:b4:d9:13:ed:8c,2026-05-25 14:30:17+00,on,32.49561309814453,70.40360260009766,,
dc:b4:d9:13:ed:8c,2026-05-25 14:30:22+00,on,32.46623992919922,70.39749908447266,,
dc:b4:d9:13:ed:8c,2026-05-25 14:30:27+00,on,32.46623992919922,70.45243072509766,,
dc:b4:d9:13:ed:8c,2026-05-25 14:30:32+00,on,32.46623992919922,70.47074127197266,,
dc:b4:d9:13:ed:8c,2026-05-25 14:30:37+00,on,32.482261657714844,70.4661636352539,,
dc:b4:d9:13:ed:8c,2026-05-25 14:30:42+00,on,32.45288848876953,70.4478530883789,,
dc:b4:d9:13:ed:8c,2026-05-25 14:30:47+00,on,32.45288848876953,70.46768951416016,,
dc:b4:d9:13:ed:8c,2026-05-25 14:30:52+00,on,32.46623992919922,70.50431060791016,,
dc:b4:d9:13:ed:8c,2026-05-25 14:30:57+00,on,32.46623992919922,70.37613677978516,,
dc:b4:d9:13:ed:8c,2026-05-25 14:31:02+00,on,32.482261657714844,70.4020767211914,,
dc:b4:d9:13:ed:8c,2026-05-25 14:31:07+00,on,32.45288848876953,70.41580963134766,,
dc:b4:d9:13:ed:8c,2026-05-25 14:31:12+00,on,32.45288848876953,70.4478530883789,,
dc:b4:d9:13:ed:8c,2026-05-25 14:31:17+00,on,32.45288848876953,70.4905776977539,,
dc:b4:d9:13:ed:8c,2026-05-25 14:31:22+00,on,32.49561309814453,70.49820709228516,,
dc:b4:d9:13:ed:8c,2026-05-25 14:31:27+00,on,32.482261657714844,70.56839752197266,,
dc:b4:d9:13:ed:8c,2026-05-25 14:31:32+00,on,32.482261657714844,70.5271987915039,,
dc:b4:d9:13:ed:8c,2026-05-25 14:31:37+00,on,32.4368667602539,70.43412017822266,,
dc:b4:d9:13:ed:8c,2026-05-25 14:31:43+00,on,32.4368667602539,70.4448013305664,,
dc:b4:d9:13:ed:8c,2026-05-25 14:31:48+00,on,32.4368667602539,70.43412017822266,,
dc:b4:d9:13:ed:8c,2026-05-25 14:31:53+00,on,32.4368667602539,70.4112319946289,,
dc:b4:d9:13:ed:8c,2026-05-25 14:31:58+00,on,32.41016387939453,70.3440933227539,,
dc:b4:d9:13:ed:8c,2026-05-25 14:32:03+00,on,32.42351531982422,70.36698150634766,,
dc:b4:d9:13:ed:8c,2026-05-25 14:32:08+00,on,32.396812438964844,70.3837661743164,,
dc:b4:d9:13:ed:8c,2026-05-25 14:32:13+00,on,32.42351531982422,70.38834381103516,,
dc:b4:d9:13:ed:8c,2026-05-25 14:32:18+00,on,32.38079071044922,70.3990249633789,,
dc:b4:d9:13:ed:8c,2026-05-25 14:32:23+00,on,32.396812438964844,70.40360260009766,,
dc:b4:d9:13:ed:8c,2026-05-25 14:32:28+00,on,32.42351531982422,70.46158599853516,,
dc:b4:d9:13:ed:8c,2026-05-25 14:32:33+00,on,32.41016387939453,70.4814224243164,,
dc:b4:d9:13:ed:8c,2026-05-25 14:32:38+00,on,32.396812438964844,70.48905181884766,,
dc:b4:d9:13:ed:8c,2026-05-25 14:32:43+00,on,32.41016387939453,70.4905776977539,,
dc:b4:d9:13:ed:8c,2026-05-25 14:32:48+00,on,32.396812438964844,70.47684478759766,,
dc:b4:d9:13:ed:8c,2026-05-25 14:32:53+00,on,32.38079071044922,70.45243072509766,,
dc:b4:d9:13:ed:8c,2026-05-25 14:32:58+00,on,32.396812438964844,70.48905181884766,,
dc:b4:d9:13:ed:8c,2026-05-25 14:33:03+00,on,32.41016387939453,70.4814224243164,,
dc:b4:d9:13:ed:8c,2026-05-25 14:33:09+00,on,32.396812438964844,70.48905181884766,,
dc:b4:d9:13:ed:8c,2026-05-25 14:33:14+00,on,32.38079071044922,70.4753189086914,,
dc:b4:d9:13:ed:8c,2026-05-25 14:33:19+00,on,32.41016387939453,70.47074127197266,,
dc:b4:d9:13:ed:8c,2026-05-25 14:33:24+00,on,32.396812438964844,70.4478530883789,,
dc:b4:d9:13:ed:8c,2026-05-25 14:33:29+00,on,32.396812438964844,70.46768951416016,,
dc:b4:d9:13:ed:8c,2026-05-25 14:33:34+00,on,32.396812438964844,70.4478530883789,,
dc:b4:d9:13:ed:8c,2026-05-25 14:33:39+00,on,32.396812438964844,70.4570083618164,,
dc:b4:d9:13:ed:8c,2026-05-25 14:33:44+00,on,32.367435455322266,70.4722671508789,,
dc:b4:d9:13:ed:8c,2026-05-25 14:33:49+00,on,32.367435455322266,70.44937896728516,,
dc:b4:d9:13:ed:8c,2026-05-25 14:33:54+00,on,32.38079071044922,70.51651763916016,,
dc:b4:d9:13:ed:8c,2026-05-25 14:33:59+00,on,32.367435455322266,70.5363540649414,,
dc:b4:d9:13:ed:8c,2026-05-25 14:34:04+00,on,32.41016387939453,70.5760269165039,,
dc:b4:d9:13:ed:8c,2026-05-25 14:34:09+00,on,32.41016387939453,70.5119400024414,,
dc:b4:d9:13:ed:8c,2026-05-25 14:34:14+00,on,32.41016387939453,70.5027847290039,,
dc:b4:d9:13:ed:8c,2026-05-25 14:34:19+00,on,32.41016387939453,70.5119400024414,,
dc:b4:d9:13:ed:8c,2026-05-25 14:34:24+00,on,32.41016387939453,70.47074127197266,,
dc:b4:d9:13:ed:8c,2026-05-25 14:34:30+00,on,32.38079071044922,70.45243072509766,,
dc:b4:d9:13:ed:8c,2026-05-25 14:34:35+00,on,32.38079071044922,70.48600006103516,,
dc:b4:d9:13:ed:8c,2026-05-25 14:34:40+00,on,32.35408401489258,70.52262115478516,,
dc:b4:d9:13:ed:8c,2026-05-25 14:34:45+00,on,32.38079071044922,70.5485610961914,,
dc:b4:d9:13:ed:8c,2026-05-25 14:34:50+00,on,32.396812438964844,70.5210952758789,,
dc:b4:d9:13:ed:8c,2026-05-25 14:34:55+00,on,32.38079071044922,70.4753189086914,,
dc:b4:d9:13:ed:8c,2026-05-25 14:35:00+00,on,32.38079071044922,70.4631118774414,,
dc:b4:d9:13:ed:8c,2026-05-25 14:35:05+00,on,32.396812438964844,70.4997329711914,,
dc:b4:d9:13:ed:8c,2026-05-25 14:35:10+00,on,32.396812438964844,70.46768951416016,,
dc:b4:d9:13:ed:8c,2026-05-25 14:35:15+00,on,32.41016387939453,70.5027847290039,,
dc:b4:d9:13:ed:8c,2026-05-25 14:35:20+00,on,32.41016387939453,70.4905776977539,,
dc:b4:d9:13:ed:8c,2026-05-25 14:35:25+00,on,32.4368667602539,70.57144927978516,,
dc:b4:d9:13:ed:8c,2026-05-25 14:35:30+00,on,32.4368667602539,70.5088882446289,,
dc:b4:d9:13:ed:8c,2026-05-25 14:35:35+00,on,32.41016387939453,70.4173355102539,,
dc:b4:d9:13:ed:8c,2026-05-25 14:35:40+00,on,32.41016387939453,70.4264907836914,,
dc:b4:d9:13:ed:8c,2026-05-25 14:35:45+00,on,32.42351531982422,70.46158599853516,,
dc:b4:d9:13:ed:8c,2026-05-25 14:35:50+00,on,32.42351531982422,70.45243072509766,,
dc:b4:d9:13:ed:8c,2026-05-25 14:35:56+00,on,32.4368667602539,70.4112319946289,,
dc:b4:d9:13:ed:8c,2026-05-25 14:36:01+00,on,32.45288848876953,70.4356460571289,,
dc:b4:d9:13:ed:8c,2026-05-25 14:36:06+00,on,32.4368667602539,70.4112319946289,,
dc:b4:d9:13:ed:8c,2026-05-25 14:36:11+00,on,32.45288848876953,70.39444732666016,,
dc:b4:d9:13:ed:8c,2026-05-25 14:36:16+00,on,32.46623992919922,70.33341217041016,,
dc:b4:d9:13:ed:8c,2026-05-25 14:36:21+00,on,32.45288848876953,70.34256744384766,,
dc:b4:d9:13:ed:8c,2026-05-25 14:36:26+00,on,32.46623992919922,70.33341217041016,,
dc:b4:d9:13:ed:8c,2026-05-25 14:36:31+00,on,32.45288848876953,70.3105239868164,,
dc:b4:d9:13:ed:8c,2026-05-25 14:36:36+00,on,32.42351531982422,70.31510162353516,,
dc:b4:d9:13:ed:8c,2026-05-25 14:36:41+00,on,32.4368667602539,70.29679107666016,,
dc:b4:d9:13:ed:8c,2026-05-25 14:36:46+00,on,32.4368667602539,70.3288345336914,,
dc:b4:d9:13:ed:8c,2026-05-25 14:36:51+00,on,32.42351531982422,70.3471450805664,,
dc:b4:d9:13:ed:8c,2026-05-25 14:36:56+00,on,32.4368667602539,70.3929214477539,,
dc:b4:d9:13:ed:8c,2026-05-25 14:37:01+00,on,32.42351531982422,70.4203872680664,,
dc:b4:d9:13:ed:8c,2026-05-25 14:37:06+00,on,32.41016387939453,70.4264907836914,,
dc:b4:d9:13:ed:8c,2026-05-25 14:37:11+00,on,32.41016387939453,70.44937896728516,,
dc:b4:d9:13:ed:8c,2026-05-25 14:37:16+00,on,32.396812438964844,70.3837661743164,,
dc:b4:d9:13:ed:8c,2026-05-25 14:37:22+00,on,32.396812438964844,70.40360260009766,,
dc:b4:d9:13:ed:8c,2026-05-25 14:37:27+00,on,32.41016387939453,70.40665435791016,,
dc:b4:d9:13:ed:8c,2026-05-25 14:37:32+00,on,32.41016387939453,70.44937896728516,,
dc:b4:d9:13:ed:8c,2026-05-25 14:37:37+00,on,32.42351531982422,70.45243072509766,,
dc:b4:d9:13:ed:8c,2026-05-25 14:37:42+00,on,32.396812438964844,70.4478530883789,,
dc:b4:d9:13:ed:8c,2026-05-25 14:37:47+00,on,32.41016387939453,70.4905776977539,,
dc:b4:d9:13:ed:8c,2026-05-25 14:37:52+00,on,32.396812438964844,70.5210952758789,,
dc:b4:d9:13:ed:8c,2026-05-25 14:37:57+00,on,32.396812438964844,70.48905181884766,,
dc:b4:d9:13:ed:8c,2026-05-25 14:38:02+00,on,32.396812438964844,70.5210952758789,,
dc:b4:d9:13:ed:8c,2026-05-25 14:38:07+00,on,32.396812438964844,70.4997329711914,,
dc:b4:d9:13:ed:8c,2026-05-25 14:38:12+00,on,32.41016387939453,70.53482818603516,,
dc:b4:d9:13:ed:8c,2026-05-25 14:38:17+00,on,32.38079071044922,70.5271987915039,,
dc:b4:d9:13:ed:8c,2026-05-25 14:38:22+00,on,32.38079071044922,70.5271987915039,,
dc:b4:d9:13:ed:8c,2026-05-25 14:38:27+00,on,32.41016387939453,70.5119400024414,,
dc:b4:d9:13:ed:8c,2026-05-25 14:38:32+00,on,32.41016387939453,70.5027847290039,,
dc:b4:d9:13:ed:8c,2026-05-25 14:38:37+00,on,32.42351531982422,70.49515533447266,,
dc:b4:d9:13:ed:8c,2026-05-25 14:38:43+00,on,32.38079071044922,70.5271987915039,,
dc:b4:d9:13:ed:8c,2026-05-25 14:38:48+00,on,32.41016387939453,70.4814224243164,,
dc:b4:d9:13:ed:8c,2026-05-25 14:38:53+00,on,32.396812438964844,70.5088882446289,,
dc:b4:d9:13:ed:8c,2026-05-25 14:38:58+00,on,32.396812438964844,70.46768951416016,,
dc:b4:d9:13:ed:8c,2026-05-25 14:39:03+00,on,32.41016387939453,70.5119400024414,,
dc:b4:d9:13:ed:8c,2026-05-25 14:39:08+00,on,32.396812438964844,70.46768951416016,,
dc:b4:d9:13:ed:8c,2026-05-25 14:39:13+00,on,32.41016387939453,70.45853424072266,,
dc:b4:d9:13:ed:8c,2026-05-25 14:39:18+00,on,32.396812438964844,70.5088882446289,,
dc:b4:d9:13:ed:8c,2026-05-25 14:39:23+00,on,32.396812438964844,70.47684478759766,,
dc:b4:d9:13:ed:8c,2026-05-25 14:39:28+00,on,32.367435455322266,70.4936294555664,,
dc:b4:d9:13:ed:8c,2026-05-25 14:39:33+00,on,32.38079071044922,70.5271987915039,,
dc:b4:d9:13:ed:8c,2026-05-25 14:39:38+00,on,32.35408401489258,70.4997329711914,,
dc:b4:d9:13:ed:8c,2026-05-25 14:39:43+00,on,32.35408401489258,70.52262115478516,,
dc:b4:d9:13:ed:8c,2026-05-25 14:39:48+00,on,32.35408401489258,70.5638198852539,,
dc:b4:d9:13:ed:8c,2026-05-25 14:39:53+00,on,32.35408401489258,70.5760269165039,,
dc:b4:d9:13:ed:8c,2026-05-25 14:39:58+00,on,32.324710845947266,70.56839752197266,,
dc:b4:d9:13:ed:8c,2026-05-25 14:40:03+00,on,32.35408401489258,70.59586334228516,,
dc:b4:d9:13:ed:8c,2026-05-25 14:40:09+00,on,32.35408401489258,70.60501861572266,,
dc:b4:d9:13:ed:8c,2026-05-25 14:40:14+00,on,32.367435455322266,70.5668716430664,,
dc:b4:d9:13:ed:8c,2026-05-25 14:40:19+00,on,32.35408401489258,70.59586334228516,,
dc:b4:d9:13:ed:8c,2026-05-25 14:40:24+00,on,32.35408401489258,70.55313873291016,,
dc:b4:d9:13:ed:8c,2026-05-25 14:40:29+00,on,32.35408401489258,70.5760269165039,,
dc:b4:d9:13:ed:8c,2026-05-25 14:40:34+00,on,32.367435455322266,70.6095962524414,,
dc:b4:d9:13:ed:8c,2026-05-25 14:40:39+00,on,32.396812438964844,70.6584243774414,,
dc:b4:d9:13:ed:8c,2026-05-25 14:40:44+00,on,32.41016387939453,70.6492691040039,,
dc:b4:d9:13:ed:8c,2026-05-25 14:40:49+00,on,32.4368667602539,70.68741607666016,,
dc:b4:d9:13:ed:8c,2026-05-25 14:40:54+00,on,32.4368667602539,70.62332916259766,,
dc:b4:d9:13:ed:8c,2026-05-25 14:40:59+00,on,32.42351531982422,70.5577163696289,,
dc:b4:d9:13:ed:8c,2026-05-25 14:41:04+00,on,32.4368667602539,70.6034927368164,,
dc:b4:d9:13:ed:8c,2026-05-25 14:41:09+00,on,32.42351531982422,70.5485610961914,,
dc:b4:d9:13:ed:8c,2026-05-25 14:41:14+00,on,32.4368667602539,70.5180435180664,,
dc:b4:d9:13:ed:8c,2026-05-25 14:41:19+00,on,32.41016387939453,70.45853424072266,,
dc:b4:d9:13:ed:8c,2026-05-25 14:41:24+00,on,32.42351531982422,70.49515533447266,,
dc:b4:d9:13:ed:8c,2026-05-25 14:41:29+00,on,32.41016387939453,70.52262115478516,,
dc:b4:d9:13:ed:8c,2026-05-25 14:41:35+00,on,32.396812438964844,70.46768951416016,,
dc:b4:d9:13:ed:8c,2026-05-25 14:41:40+00,on,32.367435455322266,70.46158599853516,,
dc:b4:d9:13:ed:8c,2026-05-25 14:41:45+00,on,32.38079071044922,70.4753189086914,,
dc:b4:d9:13:ed:8c,2026-05-25 14:41:50+00,on,32.38079071044922,70.50431060791016,,
dc:b4:d9:13:ed:8c,2026-05-25 14:41:55+00,on,32.38079071044922,70.49515533447266,,
dc:b4:d9:13:ed:8c,2026-05-25 14:42:00+00,on,32.3407325744629,70.42496490478516,,
dc:b4:d9:13:ed:8c,2026-05-25 14:42:05+00,on,32.3407325744629,70.56229400634766,,
dc:b4:d9:13:ed:8c,2026-05-25 14:42:10+00,on,32.324710845947266,70.5577163696289,,
dc:b4:d9:13:ed:8c,2026-05-25 14:42:15+00,on,32.35408401489258,70.5760269165039,,
dc:b4:d9:13:ed:8c,2026-05-25 14:42:20+00,on,32.35408401489258,70.59586334228516,,
dc:b4:d9:13:ed:8c,2026-05-25 14:42:25+00,on,32.3407325744629,70.70877838134766,,
dc:b4:d9:13:ed:8c,2026-05-25 14:42:30+00,on,32.2980079650879,70.78355407714844,,
dc:b4:d9:13:ed:8c,2026-05-25 14:42:35+00,on,32.3407325744629,70.7820281982422,,
dc:b4:d9:13:ed:8c,2026-05-25 14:42:40+00,on,32.324710845947266,70.8003387451172,,
dc:b4:d9:13:ed:8c,2026-05-25 14:42:45+00,on,32.2846565246582,70.7698211669922,,
dc:b4:d9:13:ed:8c,2026-05-25 14:42:50+00,on,32.2846565246582,70.80186462402344,,
dc:b4:d9:13:ed:8c,2026-05-25 14:42:55+00,on,32.271305084228516,70.88426208496094,,
dc:b4:d9:13:ed:8c,2026-05-25 14:43:01+00,on,32.2419319152832,70.87815856933594,,
dc:b4:d9:13:ed:8c,2026-05-25 14:43:06+00,on,32.2419319152832,70.9010467529297,,
dc:b4:d9:13:ed:8c,2026-05-25 14:43:11+00,on,32.2552833557129,70.9529266357422,,
dc:b4:d9:13:ed:8c,2026-05-25 14:43:16+00,on,32.21522903442383,70.9987030029297,,
dc:b4:d9:13:ed:8c,2026-05-25 14:43:21+00,on,32.1992073059082,71.05821228027344,,
dc:b4:d9:13:ed:8c,2026-05-25 14:43:26+00,on,32.21522903442383,71.05210876464844,,
dc:b4:d9:13:ed:8c,2026-05-25 14:43:31+00,on,32.1992073059082,71.13450622558594,,
dc:b4:d9:13:ed:8c,2026-05-25 14:43:36+00,on,32.2419319152832,71.16197204589844,,
dc:b4:d9:13:ed:8c,2026-05-25 14:43:41+00,on,32.2419319152832,71.1726531982422,,
dc:b4:d9:13:ed:8c,2026-05-25 14:43:46+00,on,32.2552833557129,71.2306365966797,,
dc:b4:d9:13:ed:8c,2026-05-25 14:43:51+00,on,32.228580474853516,71.1909637451172,,
dc:b4:d9:13:ed:8c,2026-05-25 14:43:56+00,on,32.228580474853516,71.17112731933594,,
dc:b4:d9:13:ed:8c,2026-05-25 14:44:01+00,on,32.2552833557129,71.1665496826172,,
dc:b4:d9:13:ed:8c,2026-05-25 14:44:06+00,on,32.271305084228516,71.11619567871094,,
dc:b4:d9:13:ed:8c,2026-05-25 14:44:11+00,on,32.2552833557129,71.1024627685547,,
dc:b4:d9:13:ed:8c,2026-05-25 14:44:16+00,on,32.2552833557129,71.04905700683594,,
dc:b4:d9:13:ed:8c,2026-05-25 14:44:22+00,on,32.2419319152832,71.0475311279297,,
dc:b4:d9:13:ed:8c,2026-05-25 14:44:27+00,on,32.21522903442383,71.03074645996094,,
dc:b4:d9:13:ed:8c,2026-05-25 14:44:32+00,on,32.1992073059082,71.05821228027344,,
dc:b4:d9:13:ed:8c,2026-05-25 14:44:37+00,on,32.185855865478516,71.0658416748047,,
dc:b4:d9:13:ed:8c,2026-05-25 14:44:42+00,on,32.17250442504883,71.0627899169922,,
dc:b4:d9:13:ed:8c,2026-05-25 14:44:47+00,on,32.143131256103516,71.06736755371094,,
dc:b4:d9:13:ed:8c,2026-05-25 14:44:52+00,on,32.15915298461914,71.0902557373047,,
dc:b4:d9:13:ed:8c,2026-05-25 14:44:57+00,on,32.143131256103516,71.1299285888672,,
dc:b4:d9:13:ed:8c,2026-05-25 14:45:02+00,on,32.143131256103516,71.1726531982422,,
dc:b4:d9:13:ed:8c,2026-05-25 14:45:07+00,on,32.116424560546875,71.19859313964844,,
dc:b4:d9:13:ed:8c,2026-05-25 14:45:12+00,on,32.116424560546875,71.27184295654297,,
dc:b4:d9:13:ed:8c,2026-05-25 14:45:17+00,on,32.116424560546875,71.2825241088867,,
dc:b4:d9:13:ed:8c,2026-05-25 14:45:22+00,on,32.116424560546875,71.2184295654297,,
dc:b4:d9:13:ed:8c,2026-05-25 14:45:27+00,on,32.10307312011719,71.20774841308594,,
dc:b4:d9:13:ed:8c,2026-05-25 14:45:32+00,on,32.10307312011719,71.20774841308594,,
dc:b4:d9:13:ed:8c,2026-05-25 14:45:37+00,on,32.10307312011719,71.2489471435547,,
dc:b4:d9:13:ed:8c,2026-05-25 14:45:42+00,on,32.116424560546875,71.19859313964844,,
dc:b4:d9:13:ed:8c,2026-05-25 14:45:48+00,on,32.10307312011719,71.21690368652344,,
dc:b4:d9:13:ed:8c,2026-05-25 14:45:53+00,on,32.116424560546875,71.18943786621094,,
dc:b4:d9:13:ed:8c,2026-05-25 14:45:58+00,on,32.10307312011719,71.14366149902344,,
dc:b4:d9:13:ed:8c,2026-05-25 14:46:03+00,on,32.08705139160156,71.14976501464844,,
dc:b4:d9:13:ed:8c,2026-05-25 14:46:08+00,on,32.073699951171875,71.18028259277344,,
dc:b4:d9:13:ed:8c,2026-05-25 14:46:13+00,on,32.01762390136719,71.17723083496094,,
dc:b4:d9:13:ed:8c,2026-05-25 14:46:18+00,on,32.00160217285156,71.2275848388672,,
dc:b4:d9:13:ed:8c,2026-05-25 14:46:23+00,on,31.988250732421875,71.2550582885742,,
dc:b4:d9:13:ed:8c,2026-05-25 14:46:28+00,on,31.988250732421875,71.27794647216797,,
dc:b4:d9:13:ed:8c,2026-05-25 14:46:33+00,on,32.00160217285156,71.3008346557617,,
dc:b4:d9:13:ed:8c,2026-05-25 14:46:38+00,on,31.988250732421875,71.2367401123047,,
dc:b4:d9:13:ed:8c,2026-05-25 14:46:43+00,on,31.958877563476562,71.3130416870117,,
dc:b4:d9:13:ed:8c,2026-05-25 14:46:48+00,on,31.945526123046875,71.42443084716797,,
dc:b4:d9:13:ed:8c,2026-05-25 14:46:53+00,on,31.945526123046875,71.42443084716797,,
dc:b4:d9:13:ed:8c,2026-05-25 14:46:58+00,on,31.958877563476562,71.40917205810547,,
dc:b4:d9:13:ed:8c,2026-05-25 14:47:03+00,on,31.91615104675293,71.3771286010742,,
dc:b4:d9:13:ed:8c,2026-05-25 14:47:08+00,on,31.932172775268555,71.4869918823242,,
dc:b4:d9:13:ed:8c,2026-05-25 14:47:14+00,on,31.91615104675293,71.5144577026367,,
dc:b4:d9:13:ed:8c,2026-05-25 14:47:19+00,on,31.91615104675293,71.5144577026367,,
dc:b4:d9:13:ed:8c,2026-05-25 14:47:24+00,on,31.889448165893555,71.57091522216797,,
dc:b4:d9:13:ed:8c,2026-05-25 14:47:29+00,on,31.876096725463867,71.60143280029297,,
dc:b4:d9:13:ed:8c,2026-05-25 14:47:34+00,on,31.846723556518555,71.5846481323242,,
dc:b4:d9:13:ed:8c,2026-05-25 14:47:39+00,on,31.82002067565918,71.76776123046875,,
dc:b4:d9:13:ed:8c,2026-05-25 14:47:44+00,on,31.82002067565918,71.74791717529297,,
dc:b4:d9:13:ed:8c,2026-05-25 14:47:49+00,on,31.803997039794922,71.7540283203125,,
dc:b4:d9:13:ed:8c,2026-05-25 14:47:54+00,on,31.833372116088867,71.82269287109375,,
dc:b4:d9:13:ed:8c,2026-05-25 14:47:59+00,on,31.833372116088867,71.781494140625,,
dc:b4:d9:13:ed:8c,2026-05-25 14:48:04+00,on,31.82002067565918,71.78912353515625,,
dc:b4:d9:13:ed:8c,2026-05-25 14:48:09+00,on,31.876096725463867,71.71739959716797,,
dc:b4:d9:13:ed:8c,2026-05-25 14:48:14+00,on,31.846723556518555,71.69908905029297,,
dc:b4:d9:13:ed:8c,2026-05-25 14:48:19+00,on,31.876096725463867,71.65331268310547,,
dc:b4:d9:13:ed:8c,2026-05-25 14:48:24+00,on,31.860074996948242,71.5968551635742,,
dc:b4:d9:13:ed:8c,2026-05-25 14:48:29+00,on,31.803997039794922,71.63805389404297,,
dc:b4:d9:13:ed:8c,2026-05-25 14:48:35+00,on,31.790645599365234,71.58007049560547,,
dc:b4:d9:13:ed:8c,2026-05-25 14:48:40+00,on,31.777294158935547,71.6121139526367,,
dc:b4:d9:13:ed:8c,2026-05-25 14:48:45+00,on,31.76394271850586,71.67162322998047,,
dc:b4:d9:13:ed:8c,2026-05-25 14:48:50+00,on,31.734569549560547,71.72655487060547,,
dc:b4:d9:13:ed:8c,2026-05-25 14:48:55+00,on,31.707866668701172,71.76318359375,,
dc:b4:d9:13:ed:8c,2026-05-25 14:49:00+00,on,31.691844940185547,71.82269287109375,,
dc:b4:d9:13:ed:8c,2026-05-25 14:49:05+00,on,31.707866668701172,71.921875,,
dc:b4:d9:13:ed:8c,2026-05-25 14:49:10+00,on,31.707866668701172,71.9005126953125,,
dc:b4:d9:13:ed:8c,2026-05-25 14:49:15+00,on,31.707866668701172,71.95391845703125,,
dc:b4:d9:13:ed:8c,2026-05-25 14:49:20+00,on,31.678491592407227,71.9462890625,,
dc:b4:d9:13:ed:8c,2026-05-25 14:49:25+00,on,31.691844940185547,71.9920654296875,,
dc:b4:d9:13:ed:8c,2026-05-25 14:49:30+00,on,31.691844940185547,71.97222900390625,,
dc:b4:d9:13:ed:8c,2026-05-25 14:49:35+00,on,31.691844940185547,71.940185546875,,
dc:b4:d9:13:ed:8c,2026-05-25 14:49:40+00,on,31.678491592407227,71.91729736328125,,
dc:b4:d9:13:ed:8c,2026-05-25 14:49:45+00,on,31.691844940185547,71.90814208984375,,
dc:b4:d9:13:ed:8c,2026-05-25 14:49:50+00,on,31.691844940185547,71.97222900390625,,
dc:b4:d9:13:ed:8c,2026-05-25 14:49:55+00,on,31.707866668701172,72.02716064453125,,
dc:b4:d9:13:ed:8c,2026-05-25 14:50:01+00,on,31.678491592407227,71.92645263671875,,
dc:b4:d9:13:ed:8c,2026-05-25 14:50:06+00,on,31.691844940185547,71.89593505859375,,
dc:b4:d9:13:ed:8c,2026-05-25 14:50:11+00,on,31.707866668701172,71.9737548828125,,
dc:b4:d9:13:ed:8c,2026-05-25 14:50:16+00,on,31.691844940185547,71.9493408203125,,
dc:b4:d9:13:ed:8c,2026-05-25 14:50:21+00,on,31.707866668701172,71.9005126953125,,
dc:b4:d9:13:ed:8c,2026-05-25 14:50:26+00,on,31.72121810913086,71.903564453125,,
dc:b4:d9:13:ed:8c,2026-05-25 14:50:31+00,on,31.76394271850586,71.818115234375,,
dc:b4:d9:13:ed:8c,2026-05-25 14:50:36+00,on,31.777294158935547,71.7906494140625,,
dc:b4:d9:13:ed:8c,2026-05-25 14:50:41+00,on,31.76394271850586,71.757080078125,,
dc:b4:d9:13:ed:8c,2026-05-25 14:50:46+00,on,31.747920989990234,71.6243209838867,,
dc:b4:d9:13:ed:8c,2026-05-25 14:50:51+00,on,31.734569549560547,71.64415740966797,,
dc:b4:d9:13:ed:8c,2026-05-25 14:50:56+00,on,31.747920989990234,71.6578903198242,,
dc:b4:d9:13:ed:8c,2026-05-25 14:51:01+00,on,31.747920989990234,71.63500213623047,,
dc:b4:d9:13:ed:8c,2026-05-25 14:51:06+00,on,31.747920989990234,71.6578903198242,,
dc:b4:d9:13:ed:8c,2026-05-25 14:51:11+00,on,31.734569549560547,71.67467498779297,,
dc:b4:d9:13:ed:8c,2026-05-25 14:51:16+00,on,31.734569549560547,71.66551971435547,,
dc:b4:d9:13:ed:8c,2026-05-25 14:51:21+00,on,31.790645599365234,71.70824432373047,,
dc:b4:d9:13:ed:8c,2026-05-25 14:51:27+00,on,31.777294158935547,71.72655487060547,,
dc:b4:d9:13:ed:8c,2026-05-25 14:51:32+00,on,31.803997039794922,71.6700973510742,,
dc:b4:d9:13:ed:8c,2026-05-25 14:51:37+00,on,31.82002067565918,71.66246795654297,,
dc:b4:d9:13:ed:8c,2026-05-25 14:51:42+00,on,31.803997039794922,71.56481170654297,,
dc:b4:d9:13:ed:8c,2026-05-25 14:51:47+00,on,31.82002067565918,71.61058807373047,,
dc:b4:d9:13:ed:8c,2026-05-25 14:51:52+00,on,31.803997039794922,71.6060104370117,,
dc:b4:d9:13:ed:8c,2026-05-25 14:51:57+00,on,31.790645599365234,71.57091522216797,,
dc:b4:d9:13:ed:8c,2026-05-25 14:52:02+00,on,31.76394271850586,71.5144577026367,,
dc:b4:d9:13:ed:8c,2026-05-25 14:52:07+00,on,31.734569549560547,71.52819061279297,,
dc:b4:d9:13:ed:8c,2026-05-25 14:52:12+00,on,31.707866668701172,71.6609420776367,,
dc:b4:d9:13:ed:8c,2026-05-25 14:52:17+00,on,31.72121810913086,71.7128219604492,,
dc:b4:d9:13:ed:8c,2026-05-25 14:52:22+00,on,31.72121810913086,71.7662353515625,,
dc:b4:d9:13:ed:8c,2026-05-25 14:52:27+00,on,31.678491592407227,71.73876190185547,,
dc:b4:d9:13:ed:8c,2026-05-25 14:52:32+00,on,31.66514015197754,71.80743408203125,,
dc:b4:d9:13:ed:8c,2026-05-25 14:52:37+00,on,31.66514015197754,71.85931396484375,,
dc:b4:d9:13:ed:8c,2026-05-25 14:52:42+00,on,31.66514015197754,71.818115234375,,
dc:b4:d9:13:ed:8c,2026-05-25 14:52:48+00,on,31.65178871154785,71.8455810546875,,
dc:b4:d9:13:ed:8c,2026-05-25 14:52:53+00,on,31.678491592407227,71.85321044921875,,
dc:b4:d9:13:ed:8c,2026-05-25 14:52:58+00,on,31.691844940185547,71.8455810546875,,
dc:b4:d9:13:ed:8c,2026-05-25 14:53:03+00,on,31.65178871154785,71.86846923828125,,
dc:b4:d9:13:ed:8c,2026-05-25 14:53:08+00,on,31.678491592407227,71.88525390625,,
dc:b4:d9:13:ed:8c,2026-05-25 14:53:13+00,on,31.65178871154785,71.89898681640625,,
dc:b4:d9:13:ed:8c,2026-05-25 14:53:18+00,on,31.707866668701172,71.95391845703125,,
dc:b4:d9:13:ed:8c,2026-05-25 14:53:23+00,on,31.72121810913086,71.93560791015625,,
dc:b4:d9:13:ed:8c,2026-05-25 14:53:28+00,on,31.747920989990234,71.8486328125,,
dc:b4:d9:13:ed:8c,2026-05-25 14:53:33+00,on,31.734569549560547,71.82269287109375,,
dc:b4:d9:13:ed:8c,2026-05-25 14:53:38+00,on,31.734569549560547,71.73876190185547,,
dc:b4:d9:13:ed:8c,2026-05-25 14:53:43+00,on,31.734569549560547,71.81201171875,,
dc:b4:d9:13:ed:8c,2026-05-25 14:53:48+00,on,31.76394271850586,71.7662353515625,,
dc:b4:d9:13:ed:8c,2026-05-25 14:53:53+00,on,31.747920989990234,71.75250244140625,,
dc:b4:d9:13:ed:8c,2026-05-25 14:53:58+00,on,31.790645599365234,71.7494430541992,,
dc:b4:d9:13:ed:8c,2026-05-25 14:54:03+00,on,31.803997039794922,71.7311325073242,,
dc:b4:d9:13:ed:8c,2026-05-25 14:54:08+00,on,31.846723556518555,71.6792526245117,,
dc:b4:d9:13:ed:8c,2026-05-25 14:54:14+00,on,31.860074996948242,71.5876998901367,,
dc:b4:d9:13:ed:8c,2026-05-25 14:54:19+00,on,31.876096725463867,71.53734588623047,,
dc:b4:d9:13:ed:8c,2026-05-25 14:54:24+00,on,31.902799606323242,71.55565643310547,,
dc:b4:d9:13:ed:8c,2026-05-25 14:54:29+00,on,31.876096725463867,71.52819061279297,,
dc:b4:d9:13:ed:8c,2026-05-25 14:54:34+00,on,31.876096725463867,71.45494842529297,,
dc:b4:d9:13:ed:8c,2026-05-25 14:54:39+00,on,31.902799606323242,71.34203338623047,,
dc:b4:d9:13:ed:8c,2026-05-25 14:54:44+00,on,31.889448165893555,71.3283004760742,,
dc:b4:d9:13:ed:8c,2026-05-25 14:54:49+00,on,31.91615104675293,71.45189666748047,,
dc:b4:d9:13:ed:8c,2026-05-25 14:54:54+00,on,31.932172775268555,71.49767303466797,,
dc:b4:d9:13:ed:8c,2026-05-25 14:54:59+00,on,31.945526123046875,71.4595260620117,,
dc:b4:d9:13:ed:8c,2026-05-25 14:55:04+00,on,31.932172775268555,71.36034393310547,,
dc:b4:d9:13:ed:8c,2026-05-25 14:55:09+00,on,31.91615104675293,71.32372283935547,,
dc:b4:d9:13:ed:8c,2026-05-25 14:55:14+00,on,31.860074996948242,71.27184295654297,,
dc:b4:d9:13:ed:8c,2026-05-25 14:55:19+00,on,31.82002067565918,71.3038864135742,,
dc:b4:d9:13:ed:8c,2026-05-25 14:55:24+00,on,31.833372116088867,71.3283004760742,,
dc:b4:d9:13:ed:8c,2026-05-25 14:55:29+00,on,31.803997039794922,71.3862838745117,,
dc:b4:d9:13:ed:8c,2026-05-25 14:55:34+00,on,31.803997039794922,71.3954391479492,,
dc:b4:d9:13:ed:8c,2026-05-25 14:55:40+00,on,31.846723556518555,71.49767303466797,,
dc:b4:d9:13:ed:8c,2026-05-25 14:55:45+00,on,31.846723556518555,71.5205612182617,,
dc:b4:d9:13:ed:8c,2026-05-25 14:55:50+00,on,31.833372116088867,71.59227752685547,,
dc:b4:d9:13:ed:8c,2026-05-25 14:55:55+00,on,31.846723556518555,71.5846481323242,,
dc:b4:d9:13:ed:8c,2026-05-25 14:56:00+00,on,31.860074996948242,71.53429412841797,,
dc:b4:d9:13:ed:8c,2026-05-25 14:56:05+00,on,31.82002067565918,71.52513885498047,,
dc:b4:d9:13:ed:8c,2026-05-25 14:56:10+00,on,31.82002067565918,71.53734588623047,,
dc:b4:d9:13:ed:8c,2026-05-25 14:56:15+00,on,31.803997039794922,71.5754928588867,,
dc:b4:d9:13:ed:8c,2026-05-25 14:56:20+00,on,31.803997039794922,71.68077850341797,,
dc:b4:d9:13:ed:8c,2026-05-25 14:56:25+00,on,31.790645599365234,71.64415740966797,,
dc:b4:d9:13:ed:8c,2026-05-25 14:56:30+00,on,31.790645599365234,71.5510787963867,,
dc:b4:d9:13:ed:8c,2026-05-25 14:56:35+00,on,31.777294158935547,71.52819061279297,,
dc:b4:d9:13:ed:8c,2026-05-25 14:56:40+00,on,31.803997039794922,71.61669158935547,,
dc:b4:d9:13:ed:8c,2026-05-25 14:56:45+00,on,31.76394271850586,71.55565643310547,,
dc:b4:d9:13:ed:8c,2026-05-25 14:56:50+00,on,31.803997039794922,71.62889862060547,,
dc:b4:d9:13:ed:8c,2026-05-25 14:56:55+00,on,31.790645599365234,71.56175994873047,,
dc:b4:d9:13:ed:8c,2026-05-25 14:57:00+00,on,31.76394271850586,71.52513885498047,,
dc:b4:d9:13:ed:8c,2026-05-25 14:57:06+00,on,31.790645599365234,71.5388717651367,,
dc:b4:d9:13:ed:8c,2026-05-25 14:57:11+00,on,31.76394271850586,71.5663375854492,,
dc:b4:d9:13:ed:8c,2026-05-25 14:57:16+00,on,31.790645599365234,71.65636444091797,,
dc:b4:d9:13:ed:8c,2026-05-25 14:57:21+00,on,31.777294158935547,71.60143280029297,,
dc:b4:d9:13:ed:8c,2026-05-25 14:57:26+00,on,31.777294158935547,71.5693893432617,,
dc:b4:d9:13:ed:8c,2026-05-25 14:57:31+00,on,31.777294158935547,71.5693893432617,,
dc:b4:d9:13:ed:8c,2026-05-25 14:57:36+00,on,31.747920989990234,71.55260467529297,,
dc:b4:d9:13:ed:8c,2026-05-25 14:57:41+00,on,31.747920989990234,71.6151657104492,,
dc:b4:d9:13:ed:8c,2026-05-25 14:57:46+00,on,31.76394271850586,71.68077850341797,,
dc:b4:d9:13:ed:8c,2026-05-25 14:57:51+00,on,31.777294158935547,71.68383026123047,,
dc:b4:d9:13:ed:8c,2026-05-25 14:57:56+00,on,31.803997039794922,71.7219772338867,,
dc:b4:d9:13:ed:8c,2026-05-25 14:58:01+00,on,31.833372116088867,71.7067184448242,,
dc:b4:d9:13:ed:8c,2026-05-25 14:58:06+00,on,31.846723556518555,71.6670455932617,,
dc:b4:d9:13:ed:8c,2026-05-25 14:58:11+00,on,31.82002067565918,71.5876998901367,,
dc:b4:d9:13:ed:8c,2026-05-25 14:58:16+00,on,31.846723556518555,71.5938034057617,,
dc:b4:d9:13:ed:8c,2026-05-25 14:58:21+00,on,31.860074996948242,71.5236129760742,,
dc:b4:d9:13:ed:8c,2026-05-25 14:58:27+00,on,31.82002067565918,71.52513885498047,,
dc:b4:d9:13:ed:8c,2026-05-25 14:58:32+00,on,31.860074996948242,71.5022506713867,,
dc:b4:d9:13:ed:8c,2026-05-25 14:58:37+00,on,31.82002067565918,71.39696502685547,,
dc:b4:d9:13:ed:8c,2026-05-25 14:58:42+00,on,31.803997039794922,71.3954391479492,,
dc:b4:d9:13:ed:8c,2026-05-25 14:58:47+00,on,31.833372116088867,71.43358612060547,,
dc:b4:d9:13:ed:8c,2026-05-25 14:58:52+00,on,31.876096725463867,71.45494842529297,,
dc:b4:d9:13:ed:8c,2026-05-25 14:58:57+00,on,31.82002067565918,71.37865447998047,,
dc:b4:d9:13:ed:8c,2026-05-25 14:59:02+00,on,31.860074996948242,71.3862838745117,,
dc:b4:d9:13:ed:8c,2026-05-25 14:59:07+00,on,31.902799606323242,71.41527557373047,,
dc:b4:d9:13:ed:8c,2026-05-25 14:59:12+00,on,31.902799606323242,71.39696502685547,,
dc:b4:d9:13:ed:8c,2026-05-25 14:59:17+00,on,31.91615104675293,71.33592987060547,,
dc:b4:d9:13:ed:8c,2026-05-25 14:59:22+00,on,31.902799606323242,71.3130416870117,,
dc:b4:d9:13:ed:8c,2026-05-25 14:59:27+00,on,31.91615104675293,71.2214813232422,,
dc:b4:d9:13:ed:8c,2026-05-25 14:59:32+00,on,31.902799606323242,71.19554138183594,,
dc:b4:d9:13:ed:8c,2026-05-25 14:59:37+00,on,31.876096725463867,71.11619567871094,,
dc:b4:d9:13:ed:8c,2026-05-25 14:59:42+00,on,31.889448165893555,71.1299285888672,,
dc:b4:d9:13:ed:8c,2026-05-25 14:59:47+00,on,31.876096725463867,71.2123260498047,,
dc:b4:d9:13:ed:8c,2026-05-25 14:59:53+00,on,31.833372116088867,71.2031707763672,,
dc:b4:d9:13:ed:8c,2026-05-25 14:59:58+00,on,31.846723556518555,71.21385192871094,,
dc:b4:d9:13:ed:8c,2026-05-25 15:00:03+00,on,31.846723556518555,71.35118865966797,,
dc:b4:d9:13:ed:8c,2026-05-25 15:00:08+00,on,31.846723556518555,71.3313522338867,,
dc:b4:d9:13:ed:8c,2026-05-25 15:00:13+00,on,31.876096725463867,71.39086151123047,,
dc:b4:d9:13:ed:8c,2026-05-25 15:00:18+00,on,31.876096725463867,71.39086151123047,,
dc:b4:d9:13:ed:8c,2026-05-25 15:00:23+00,on,31.860074996948242,71.40612030029297,,
dc:b4:d9:13:ed:8c,2026-05-25 15:00:28+00,on,31.860074996948242,71.3649215698242,,
dc:b4:d9:13:ed:8c,2026-05-25 15:00:33+00,on,31.876096725463867,71.3374557495117,,
dc:b4:d9:13:ed:8c,2026-05-25 15:00:38+00,on,31.876096725463867,71.3496627807617,,
dc:b4:d9:13:ed:8c,2026-05-25 15:00:43+00,on,31.902799606323242,71.4503707885742,,
dc:b4:d9:13:ed:8c,2026-05-25 15:00:48+00,on,31.91615104675293,71.46410369873047,,
dc:b4:d9:13:ed:8c,2026-05-25 15:00:53+00,on,31.902799606323242,71.26879119873047,,
dc:b4:d9:13:ed:8c,2026-05-25 15:00:58+00,on,31.876096725463867,71.30541229248047,,
dc:b4:d9:13:ed:8c,2026-05-25 15:01:03+00,on,31.876096725463867,71.37865447998047,,
dc:b4:d9:13:ed:8c,2026-05-25 15:01:08+00,on,31.91615104675293,71.33592987060547,,
dc:b4:d9:13:ed:8c,2026-05-25 15:01:13+00,on,31.91615104675293,71.3038864135742,,
dc:b4:d9:13:ed:8c,2026-05-25 15:01:19+00,on,31.932172775268555,71.30846405029297,,
dc:b4:d9:13:ed:8c,2026-05-25 15:01:24+00,on,31.91615104675293,71.3038864135742,,
dc:b4:d9:13:ed:8c,2026-05-25 15:01:29+00,on,31.932172775268555,71.30846405029297,,
dc:b4:d9:13:ed:8c,2026-05-25 15:01:34+00,on,31.932172775268555,71.30846405029297,,
dc:b4:d9:13:ed:8c,2026-05-25 15:01:39+00,on,31.91615104675293,71.2825241088867,,
dc:b4:d9:13:ed:8c,2026-05-25 15:01:44+00,on,31.945526123046875,71.29015350341797,,
dc:b4:d9:13:ed:8c,2026-05-25 15:01:49+00,on,31.945526123046875,71.26879119873047,,
dc:b4:d9:13:ed:8c,2026-05-25 15:01:54+00,on,31.945526123046875,71.21690368652344,,
dc:b4:d9:13:ed:8c,2026-05-25 15:01:59+00,on,31.97222900390625,71.18943786621094,,
dc:b4:d9:13:ed:8c,2026-05-25 15:02:04+00,on,31.97222900390625,71.05210876464844,,
dc:b4:d9:13:ed:8c,2026-05-25 15:02:09+00,on,31.958877563476562,71.0902557373047,,
dc:b4:d9:13:ed:8c,2026-05-25 15:02:14+00,on,31.945526123046875,71.15281677246094,,
dc:b4:d9:13:ed:8c,2026-05-25 15:02:19+00,on,31.958877563476562,71.13450622558594,,
dc:b4:d9:13:ed:8c,2026-05-25 15:02:24+00,on,31.97222900390625,71.08567810058594,,
dc:b4:d9:13:ed:8c,2026-05-25 15:02:29+00,on,31.97222900390625,71.0627899169922,,
dc:b4:d9:13:ed:8c,2026-05-25 15:02:34+00,on,31.958877563476562,71.0292205810547,,
dc:b4:d9:13:ed:8c,2026-05-25 15:02:40+00,on,31.958877563476562,71.06126403808594,,
dc:b4:d9:13:ed:8c,2026-05-25 15:02:45+00,on,31.958877563476562,71.1024627685547,,
dc:b4:d9:13:ed:8c,2026-05-25 15:02:50+00,on,31.97222900390625,71.03990173339844,,
dc:b4:d9:13:ed:8c,2026-05-25 15:02:55+00,on,31.988250732421875,71.00328063964844,,
dc:b4:d9:13:ed:8c,2026-05-25 15:03:00+00,on,31.97222900390625,70.9895477294922,,
dc:b4:d9:13:ed:8c,2026-05-25 15:03:05+00,on,31.97222900390625,70.97886657714844,,
dc:b4:d9:13:ed:8c,2026-05-25 15:03:10+00,on,31.97222900390625,70.96971130371094,,
dc:b4:d9:13:ed:8c,2026-05-25 15:03:15+00,on,31.945526123046875,70.94224548339844,,
dc:b4:d9:13:ed:8c,2026-05-25 15:03:20+00,on,31.91615104675293,70.98802185058594,,
dc:b4:d9:13:ed:8c,2026-05-25 15:03:25+00,on,31.945526123046875,70.99412536621094,,
dc:b4:d9:13:ed:8c,2026-05-25 15:03:30+00,on,31.97222900390625,71.02159118652344,,
dc:b4:d9:13:ed:8c,2026-05-25 15:03:35+00,on,32.00160217285156,71.0902557373047,,
dc:b4:d9:13:ed:8c,2026-05-25 15:03:40+00,on,32.00160217285156,71.0383758544922,,
dc:b4:d9:13:ed:8c,2026-05-25 15:03:45+00,on,32.030975341796875,70.9163055419922,,
dc:b4:d9:13:ed:8c,2026-05-25 15:03:50+00,on,32.00160217285156,70.8918914794922,,
dc:b4:d9:13:ed:8c,2026-05-25 15:03:55+00,on,32.00160217285156,70.83848571777344,,
dc:b4:d9:13:ed:8c,2026-05-25 15:04:00+00,on,32.00160217285156,70.84764099121094,,
dc:b4:d9:13:ed:8c,2026-05-25 15:04:06+00,on,32.00160217285156,70.83848571777344,,
dc:b4:d9:13:ed:8c,2026-05-25 15:04:11+00,on,32.00160217285156,70.83848571777344,,
dc:b4:d9:13:ed:8c,2026-05-25 15:04:16+00,on,32.00160217285156,70.8155975341797,,
dc:b4:d9:13:ed:8c,2026-05-25 15:04:21+00,on,31.932172775268555,70.7698211669922,,
dc:b4:d9:13:ed:8c,2026-05-25 15:04:26+00,on,31.958877563476562,70.83848571777344,,
dc:b4:d9:13:ed:8c,2026-05-25 15:04:31+00,on,31.958877563476562,70.8918914794922,,
dc:b4:d9:13:ed:8c,2026-05-25 15:04:36+00,on,31.945526123046875,70.85679626464844,,
dc:b4:d9:13:ed:8c,2026-05-25 15:04:41+00,on,31.97222900390625,70.90562438964844,,
dc:b4:d9:13:ed:8c,2026-05-25 15:04:46+00,on,31.958877563476562,70.91172790527344,,
dc:b4:d9:13:ed:8c,2026-05-25 15:04:51+00,on,31.945526123046875,70.95140075683594,,
dc:b4:d9:13:ed:8c,2026-05-25 15:04:56+00,on,31.958877563476562,70.9010467529297,,
dc:b4:d9:13:ed:8c,2026-05-25 15:05:01+00,on,31.988250732421875,70.9834442138672,,
dc:b4:d9:13:ed:8c,2026-05-25 15:05:06+00,on,31.945526123046875,70.92088317871094,,
dc:b4:d9:13:ed:8c,2026-05-25 15:05:11+00,on,31.902799606323242,70.85984802246094,,
dc:b4:d9:13:ed:8c,2026-05-25 15:05:16+00,on,31.91615104675293,70.8735809326172,,
dc:b4:d9:13:ed:8c,2026-05-25 15:05:21+00,on,31.945526123046875,70.93309020996094,,
dc:b4:d9:13:ed:8c,2026-05-25 15:05:26+00,on,31.91615104675293,71.03990173339844,,
dc:b4:d9:13:ed:8c,2026-05-25 15:05:32+00,on,31.932172775268555,71.08567810058594,,
dc:b4:d9:13:ed:8c,2026-05-25 15:05:37+00,on,31.945526123046875,71.07957458496094,,
dc:b4:d9:13:ed:8c,2026-05-25 15:05:42+00,on,31.932172775268555,70.9712371826172,,
dc:b4:d9:13:ed:8c,2026-05-25 15:05:47+00,on,31.91615104675293,70.90257263183594,,
dc:b4:d9:13:ed:8c,2026-05-25 15:05:52+00,on,31.945526123046875,70.86900329589844,,
dc:b4:d9:13:ed:8c,2026-05-25 15:05:57+00,on,31.945526123046875,70.94224548339844,,
dc:b4:d9:13:ed:8c,2026-05-25 15:06:02+00,on,31.945526123046875,70.9620819091797,,
dc:b4:d9:13:ed:8c,2026-05-25 15:06:07+00,on,31.932172775268555,70.9071502685547,,
dc:b4:d9:13:ed:8c,2026-05-25 15:06:12+00,on,31.945526123046875,70.94224548339844,,
dc:b4:d9:13:ed:8c,2026-05-25 15:06:17+00,on,31.932172775268555,70.89646911621094,,
dc:b4:d9:13:ed:8c,2026-05-25 15:06:22+00,on,31.91615104675293,70.8827362060547,,
dc:b4:d9:13:ed:8c,2026-05-25 15:06:27+00,on,31.945526123046875,70.87815856933594,,
dc:b4:d9:13:ed:8c,2026-05-25 15:06:32+00,on,31.945526123046875,70.92088317871094,,
dc:b4:d9:13:ed:8c,2026-05-25 15:06:37+00,on,31.945526123046875,71.0353240966797,,
dc:b4:d9:13:ed:8c,2026-05-25 15:06:42+00,on,31.945526123046875,71.0475311279297,,
dc:b4:d9:13:ed:8c,2026-05-25 15:06:47+00,on,32.01762390136719,71.0719451904297,,
dc:b4:d9:13:ed:8c,2026-05-25 15:06:53+00,on,31.988250732421875,71.0353240966797,,
dc:b4:d9:13:ed:8c,2026-05-25 15:06:58+00,on,32.01762390136719,70.98802185058594,,
dc:b4:d9:13:ed:8c,2026-05-25 15:07:03+00,on,32.00160217285156,70.9742889404297,,
dc:b4:d9:13:ed:8c,2026-05-25 15:07:08+00,on,32.030975341796875,70.87510681152344,,
dc:b4:d9:13:ed:8c,2026-05-25 15:07:13+00,on,32.01762390136719,70.8064422607422,,
dc:b4:d9:13:ed:8c,2026-05-25 15:07:18+00,on,32.0469970703125,70.7408218383789,,
dc:b4:d9:13:ed:8c,2026-05-25 15:07:23+00,on,32.06034851074219,70.7133560180664,,
dc:b4:d9:13:ed:8c,2026-05-25 15:07:28+00,on,32.030975341796875,70.6736831665039,,
dc:b4:d9:13:ed:8c,2026-05-25 15:07:33+00,on,32.030975341796875,70.69657135009766,,
dc:b4:d9:13:ed:8c,2026-05-25 15:07:38+00,on,32.00160217285156,70.67826080322266,,
dc:b4:d9:13:ed:8c,2026-05-25 15:07:43+00,on,32.030975341796875,70.66300201416016,,
dc:b4:d9:13:ed:8c,2026-05-25 15:07:48+00,on,32.01762390136719,70.65995025634766,,
dc:b4:d9:13:ed:8c,2026-05-25 15:07:53+00,on,32.030975341796875,70.6218032836914,,
dc:b4:d9:13:ed:8c,2026-05-25 15:07:58+00,on,31.988250732421875,70.6034927368164,,
dc:b4:d9:13:ed:8c,2026-05-25 15:08:03+00,on,31.988250732421875,70.5821304321289,,
dc:b4:d9:13:ed:8c,2026-05-25 15:08:08+00,on,31.958877563476562,70.61722564697266,,
dc:b4:d9:13:ed:8c,2026-05-25 15:08:13+00,on,31.97222900390625,70.75608825683594,,
dc:b4:d9:13:ed:8c,2026-05-25 15:08:19+00,on,31.958877563476562,70.78660583496094,,
dc:b4:d9:13:ed:8c,2026-05-25 15:08:24+00,on,31.945526123046875,70.70877838134766,,
dc:b4:d9:13:ed:8c,2026-05-25 15:08:29+00,on,31.91615104675293,70.74539947509766,,
dc:b4:d9:13:ed:8c,2026-05-25 15:08:34+00,on,31.932172775268555,70.7911834716797,,
dc:b4:d9:13:ed:8c,2026-05-25 15:08:39+00,on,31.932172775268555,70.82322692871094,,
dc:b4:d9:13:ed:8c,2026-05-25 15:08:44+00,on,31.932172775268555,70.7911834716797,,
dc:b4:d9:13:ed:8c,2026-05-25 15:08:49+00,on,31.945526123046875,70.7515106201172,,
dc:b4:d9:13:ed:8c,2026-05-25 15:08:54+00,on,31.932172775268555,70.80186462402344,,
dc:b4:d9:13:ed:8c,2026-05-25 15:08:59+00,on,31.932172775268555,70.7469253540039,,
dc:b4:d9:13:ed:8c,2026-05-25 15:09:04+00,on,31.932172775268555,70.7820281982422,,
dc:b4:d9:13:ed:8c,2026-05-25 15:09:09+00,on,31.902799606323242,70.7225112915039,,
dc:b4:d9:13:ed:8c,2026-05-25 15:09:14+00,on,31.876096725463867,70.77745056152344,,
dc:b4:d9:13:ed:8c,2026-05-25 15:09:19+00,on,31.876096725463867,70.89341735839844,,
dc:b4:d9:13:ed:8c,2026-05-25 15:09:34+00,on,31.91615104675293,70.78660583496094,,
dc:b4:d9:13:ed:8c,2026-05-25 15:09:39+00,on,31.932172775268555,70.71793365478516,,
dc:b4:d9:13:ed:8c,2026-05-25 15:09:44+00,on,31.945526123046875,70.70877838134766,,
dc:b4:d9:13:ed:8c,2026-05-25 15:09:49+00,on,31.932172775268555,70.6767349243164,,
dc:b4:d9:13:ed:8c,2026-05-25 15:09:54+00,on,31.945526123046875,70.6553726196289,,
dc:b4:d9:13:ed:8c,2026-05-25 15:09:59+00,on,31.988250732421875,70.63553619384766,,
dc:b4:d9:13:ed:8c,2026-05-25 15:10:04+00,on,31.945526123046875,70.5729751586914,,
dc:b4:d9:13:ed:8c,2026-05-25 15:10:09+00,on,31.97222900390625,70.5668716430664,,
dc:b4:d9:13:ed:8c,2026-05-25 15:10:14+00,on,31.945526123046875,70.4997329711914,,
dc:b4:d9:13:ed:8c,2026-05-25 15:10:19+00,on,31.958877563476562,70.5119400024414,,
dc:b4:d9:13:ed:8c,2026-05-25 15:10:24+00,on,31.945526123046875,70.48905181884766,,
dc:b4:d9:13:ed:8c,2026-05-25 15:10:29+00,on,31.889448165893555,70.4539566040039,,
dc:b4:d9:13:ed:8c,2026-05-25 15:10:34+00,on,31.902799606323242,70.4997329711914,,
dc:b4:d9:13:ed:8c,2026-05-25 15:10:39+00,on,31.889448165893555,70.63248443603516,,
dc:b4:d9:13:ed:8c,2026-05-25 15:10:44+00,on,31.889448165893555,70.61417388916016,0,
dc:b4:d9:13:ed:8c,2026-05-25 15:10:50+00,on,31.902799606323242,70.6370620727539,0,
dc:b4:d9:13:ed:8c,2026-05-25 15:10:55+00,on,31.860074996948242,70.65995025634766,0,0
dc:b4:d9:13:ed:8c,2026-05-25 15:11:00+00,on,31.876096725463867,70.72708892822266,0,0
dc:b4:d9:13:ed:8c,2026-05-25 15:11:05+00,on,31.876096725463867,70.6736831665039,0,0
dc:b4:d9:13:ed:8c,2026-05-25 15:11:10+00,on,31.860074996948242,70.69046783447266,0,0
dc:b4:d9:13:ed:8c,2026-05-25 15:11:15+00,on,31.833372116088867,70.6858901977539,0,0
dc:b4:d9:13:ed:8c,2026-05-25 15:11:20+00,on,31.82002067565918,70.6828384399414,0,0
dc:b4:d9:13:ed:8c,2026-05-25 15:11:25+00,on,31.803997039794922,70.69046783447266,0,0
dc:b4:d9:13:ed:8c,2026-05-25 15:11:30+00,on,31.833372116088867,70.7606658935547,0,0
dc:b4:d9:13:ed:8c,2026-05-25 15:11:35+00,on,31.846723556518555,70.7637176513672,0,0
dc:b4:d9:13:ed:8c,2026-05-25 15:11:40+00,on,31.846723556518555,70.7637176513672,0,0
dc:b4:d9:13:ed:8c,2026-05-25 15:11:45+00,on,31.846723556518555,70.7637176513672,0,0
dc:b4:d9:13:ed:8c,2026-05-25 15:11:50+00,on,31.876096725463867,70.72708892822266,0,0
dc:b4:d9:13:ed:8c,2026-05-25 15:11:55+00,on,31.860074996948242,70.74234771728516,0,0
dc:b4:d9:13:ed:8c,2026-05-25 15:12:00+00,on,31.833372116088867,70.7377700805664,0,0
dc:b4:d9:13:ed:8c,2026-05-25 15:12:05+00,on,31.82002067565918,70.72403717041016,0,0
dc:b4:d9:13:ed:8c,2026-05-25 15:12:10+00,on,31.777294158935547,70.71488189697266,0,0
dc:b4:d9:13:ed:8c,2026-05-25 15:12:16+00,on,31.790645599365234,70.82322692871094,0,0
dc:b4:d9:13:ed:8c,2026-05-25 15:12:21+00,on,31.76394271850586,70.85984802246094,0,0
dc:b4:d9:13:ed:8c,2026-05-25 15:12:26+00,on,31.76394271850586,70.8705291748047,0,0
dc:b4:d9:13:ed:8c,2026-05-25 15:12:31+00,on,31.747920989990234,70.93003845214844,0,0
dc:b4:d9:13:ed:8c,2026-05-25 15:12:36+00,on,31.76394271850586,70.9346160888672,0,0
dc:b4:d9:13:ed:8c,2026-05-25 15:12:41+00,on,31.747920989990234,70.9742889404297,0,0
dc:b4:d9:13:ed:8c,2026-05-25 15:12:46+00,on,31.777294158935547,70.97886657714844,0,0
dc:b4:d9:13:ed:8c,2026-05-25 15:12:51+00,on,31.777294158935547,71.0109100341797,0,0
dc:b4:d9:13:ed:8c,2026-05-25 15:12:56+00,on,31.76394271850586,71.0078582763672,0,0
dc:b4:d9:13:ed:8c,2026-05-25 15:13:01+00,on,31.734569549560547,70.9895477294922,0,0
dc:b4:d9:13:ed:8c,2026-05-25 15:13:06+00,on,31.747920989990234,71.07957458496094,0,0
dc:b4:d9:13:ed:8c,2026-05-25 15:13:11+00,on,31.777294158935547,71.1390838623047,0,0
dc:b4:d9:13:ed:8c,2026-05-25 15:13:16+00,on,31.790645599365234,71.1177215576172,0,0
dc:b4:d9:13:ed:8c,2026-05-25 15:13:21+00,on,31.803997039794922,71.0902557373047,0,0
dc:b4:d9:13:ed:8c,2026-05-25 15:13:26+00,on,31.777294158935547,71.0109100341797,0,0
dc:b4:d9:13:ed:8c,2026-05-25 15:13:31+00,on,31.790645599365234,70.9834442138672,0,0
dc:b4:d9:13:ed:8c,2026-05-25 15:13:36+00,on,31.76394271850586,70.9651336669922,0,0
dc:b4:d9:13:ed:8c,2026-05-25 15:13:42+00,on,31.777294158935547,70.96971130371094,0,0
dc:b4:d9:13:ed:8c,2026-05-25 15:13:47+00,on,31.82002067565918,71.0078582763672,0,0
dc:b4:d9:13:ed:8c,2026-05-25 15:13:52+00,on,31.790645599365234,71.0444793701172,0,0
dc:b4:d9:13:ed:8c,2026-05-25 15:13:57+00,on,31.777294158935547,71.10398864746094,0,0
dc:b4:d9:13:ed:8c,2026-05-25 15:14:02+00,on,31.777294158935547,71.11619567871094,0,0
dc:b4:d9:13:ed:8c,2026-05-25 15:14:07+00,on,31.846723556518555,71.2672653198242,0,0
dc:b4:d9:13:ed:8c,2026-05-25 15:14:12+00,on,31.860074996948242,71.2275848388672,0,0
dc:b4:d9:13:ed:8c,2026-05-25 15:14:17+00,on,31.833372116088867,71.1268768310547,0,0
dc:b4:d9:13:ed:8c,2026-05-25 15:14:22+00,on,31.876096725463867,71.0719451904297,0,0
dc:b4:d9:13:ed:8c,2026-05-25 15:14:27+00,on,31.91615104675293,71.2092742919922,0,0
dc:b4:d9:13:ed:8c,2026-05-25 15:14:32+00,on,31.876096725463867,71.0719451904297,0,0
dc:b4:d9:13:ed:8c,2026-05-25 15:14:37+00,on,31.902799606323242,70.9010467529297,0,0
dc:b4:d9:13:ed:8c,2026-05-25 15:14:42+00,on,31.889448165893555,70.8552703857422,0,0
dc:b4:d9:13:ed:8c,2026-05-25 15:14:47+00,on,31.91615104675293,70.82017517089844,0,0
dc:b4:d9:13:ed:8c,2026-05-25 15:14:52+00,on,31.932172775268555,70.80186462402344,0,0
dc:b4:d9:13:ed:8c,2026-05-25 15:14:57+00,on,31.902799606323242,70.73319244384766,0,0
dc:b4:d9:13:ed:8c,2026-05-25 15:15:03+00,on,31.889448165893555,70.7499771118164,0,0
dc:b4:d9:13:ed:8c,2026-05-25 15:15:08+00,on,31.902799606323242,70.8369598388672,0,0
dc:b4:d9:13:ed:8c,2026-05-25 15:15:13+00,on,31.902799606323242,70.8278045654297,0,0
dc:b4:d9:13:ed:8c,2026-05-25 15:15:18+00,on,31.932172775268555,70.80186462402344,0,0
dc:b4:d9:13:ed:8c,2026-05-25 15:15:23+00,on,31.932172775268555,70.7698211669922,0,0
dc:b4:d9:13:ed:8c,2026-05-25 15:15:28+00,on,31.932172775268555,70.7469253540039,0,0
dc:b4:d9:13:ed:8c,2026-05-25 15:15:33+00,on,31.958877563476562,70.8064422607422,0,0
dc:b4:d9:13:ed:8c,2026-05-25 15:15:38+00,on,31.97222900390625,71.4106979370117,0,0
dc:b4:d9:13:ed:8c,2026-05-25 15:15:43+00,on,32.073699951171875,71.5480270385742,0,0
dc:b4:d9:13:ed:8c,2026-05-25 15:15:48+00,on,32.143131256103516,71.7540283203125,5000,0
dc:b4:d9:13:ed:8c,2026-05-25 15:15:53+00,on,32.10307312011719,71.05821228027344,5000,0
dc:b4:d9:13:ed:8c,2026-05-25 15:15:58+00,on,32.10307312011719,70.69962310791016,5000,0
dc:b4:d9:13:ed:8c,2026-05-25 15:16:03+00,on,32.10307312011719,70.60501861572266,5000,0
dc:b4:d9:13:ed:8c,2026-05-25 15:16:08+00,on,32.073699951171875,70.4936294555664,5000,0
dc:b4:d9:13:ed:8c,2026-05-25 15:16:13+00,on,32.073699951171875,70.38834381103516,5000,0
dc:b4:d9:13:ed:8c,2026-05-25 15:16:18+00,on,32.06034851074219,70.3654556274414,5000,0
dc:b4:d9:13:ed:8c,2026-05-25 15:16:23+00,on,32.0469970703125,70.3624038696289,5000,0
dc:b4:d9:13:ed:8c,2026-05-25 15:16:29+00,on,32.06034851074219,70.33341217041016,5000,0
dc:b4:d9:13:ed:8c,2026-05-25 15:16:34+00,on,32.06034851074219,70.37613677978516,5000,0
dc:b4:d9:13:ed:8c,2026-05-25 15:16:39+00,on,32.073699951171875,70.38834381103516,5000,0
dc:b4:d9:13:ed:8c,2026-05-25 15:16:44+00,on,32.0469970703125,70.3929214477539,5000,0
dc:b4:d9:13:ed:8c,2026-05-25 15:16:49+00,on,32.06034851074219,70.38529205322266,5000,0
dc:b4:d9:13:ed:8c,2026-05-25 15:16:54+00,on,32.073699951171875,70.37918853759766,5000,0
dc:b4:d9:13:ed:8c,2026-05-25 15:16:59+00,on,32.08705139160156,70.3807144165039,5000,0
dc:b4:d9:13:ed:8c,2026-05-25 15:17:04+00,on,32.073699951171875,70.4081802368164,5000,0
dc:b4:d9:13:ed:8c,2026-05-25 15:17:09+00,on,32.08705139160156,70.48600006103516,5000,0
dc:b4:d9:13:ed:8c,2026-05-25 15:17:14+00,on,32.0469970703125,70.41580963134766,5000,0
dc:b4:d9:13:ed:8c,2026-05-25 15:17:19+00,on,32.0469970703125,70.48905181884766,5000,0
dc:b4:d9:13:ed:8c,2026-05-25 15:17:24+00,on,32.030975341796875,70.4539566040039,5000,0
dc:b4:d9:13:ed:8c,2026-05-25 15:17:29+00,on,32.030975341796875,70.43106842041016,5000,0
dc:b4:d9:13:ed:8c,2026-05-25 15:17:34+00,on,32.030975341796875,70.4539566040039,5000,0
dc:b4:d9:13:ed:8c,2026-05-25 15:17:39+00,on,32.00160217285156,70.5210952758789,5000,0
dc:b4:d9:13:ed:8c,2026-05-25 15:17:44+00,on,32.00160217285156,70.54398345947266,5000,0
dc:b4:d9:13:ed:8c,2026-05-25 15:17:49+00,on,32.01762390136719,70.52262115478516,5000,0
dc:b4:d9:13:ed:8c,2026-05-25 15:17:55+00,on,32.01762390136719,70.5577163696289,5000,0
dc:b4:d9:13:ed:8c,2026-05-25 15:18:00+00,on,32.030975341796875,70.5485610961914,5000,0
dc:b4:d9:13:ed:8c,2026-05-25 15:18:05+00,on,32.06034851074219,70.52262115478516,5000,0
dc:b4:d9:13:ed:8c,2026-05-25 15:18:10+00,on,32.0469970703125,70.5088882446289,5000,0
dc:b4:d9:13:ed:8c,2026-05-25 15:18:15+00,on,32.06034851074219,70.53177642822266,5000,0
dc:b4:d9:13:ed:8c,2026-05-25 15:18:20+00,on,32.030975341796875,70.5363540649414,5000,0
dc:b4:d9:13:ed:8c,2026-05-25 15:18:25+00,on,32.01762390136719,70.53482818603516,5000,0
dc:b4:d9:13:ed:8c,2026-05-25 15:18:30+00,on,32.030975341796875,70.6004409790039,5000,0
dc:b4:d9:13:ed:8c,2026-05-25 15:18:35+00,on,31.988250732421875,70.5912857055664,5000,0
dc:b4:d9:13:ed:8c,2026-05-25 15:18:40+00,on,32.01762390136719,70.6187515258789,5000,0
dc:b4:d9:13:ed:8c,2026-05-25 15:18:45+00,on,31.97222900390625,70.6309585571289,5000,0
dc:b4:d9:13:ed:8c,2026-05-25 15:18:50+00,on,31.97222900390625,70.58975982666016,5000,0
dc:b4:d9:13:ed:8c,2026-05-25 15:18:55+00,on,31.958877563476562,70.65995025634766,5000,0
dc:b4:d9:13:ed:8c,2026-05-25 15:19:00+00,on,32.00160217285156,70.66910552978516,5000,0
dc:b4:d9:13:ed:8c,2026-05-25 15:19:05+00,on,32.01762390136719,70.65995025634766,5000,0
dc:b4:d9:13:ed:8c,2026-05-25 15:19:10+00,on,32.01762390136719,70.6279067993164,5000,0
dc:b4:d9:13:ed:8c,2026-05-25 15:19:16+00,on,32.030975341796875,70.6218032836914,5000,0
dc:b4:d9:13:ed:8c,2026-05-25 15:19:21+00,on,32.00160217285156,70.5851821899414,5000,0
dc:b4:d9:13:ed:8c,2026-05-25 15:19:26+00,on,31.988250732421875,70.62332916259766,5000,0
dc:b4:d9:13:ed:8c,2026-05-25 15:19:31+00,on,32.00160217285156,70.69046783447266,5000,0
dc:b4:d9:13:ed:8c,2026-05-25 15:19:36+00,on,32.030975341796875,70.6858901977539,5000,0
dc:b4:d9:13:ed:8c,2026-05-25 15:19:41+00,on,32.01762390136719,70.73624420166016,5000,0
dc:b4:d9:13:ed:8c,2026-05-25 15:19:46+00,on,32.01762390136719,70.7133560180664,5000,0
dc:b4:d9:13:ed:8c,2026-05-25 15:19:51+00,on,32.0469970703125,70.7194595336914,5000,0
dc:b4:d9:13:ed:8c,2026-05-25 15:19:56+00,on,32.030975341796875,70.66300201416016,5000,0
dc:b4:d9:13:ed:8c,2026-05-25 15:20:01+00,on,32.030975341796875,70.7499771118164,5000,0
dc:b4:d9:13:ed:8c,2026-05-25 15:20:06+00,on,32.030975341796875,70.75914001464844,5000,0
dc:b4:d9:13:ed:8c,2026-05-25 15:20:11+00,on,32.0469970703125,70.7515106201172,5000,0
dc:b4:d9:13:ed:8c,2026-05-25 15:20:16+00,on,32.030975341796875,70.70572662353516,5000,0
dc:b4:d9:13:ed:8c,2026-05-25 15:20:21+00,on,32.0469970703125,70.68741607666016,5000,0
dc:b4:d9:13:ed:8c,2026-05-25 15:20:26+00,on,32.06034851074219,70.65995025634766,5000,0
dc:b4:d9:13:ed:8c,2026-05-25 15:20:31+00,on,32.073699951171875,70.64163970947266,5000,0
dc:b4:d9:13:ed:8c,2026-05-25 15:20:36+00,on,32.10307312011719,70.61722564697266,5000,0
dc:b4:d9:13:ed:8c,2026-05-25 15:20:42+00,on,32.08705139160156,70.7499771118164,5000,0
dc:b4:d9:13:ed:8c,2026-05-25 15:20:47+00,on,32.06034851074219,70.78660583496094,5000,0
dc:b4:d9:13:ed:8c,2026-05-25 15:21:14+00,on,31.72121810913086,71.5663375854492,5000,0
dc:b4:d9:13:ed:8c,2026-05-25 15:21:19+00,on,31.707866668701172,71.62584686279297,5000,0
dc:b4:d9:13:ed:8c,2026-05-25 15:21:24+00,on,31.734569549560547,71.72655487060547,5000,0
dc:b4:d9:13:ed:8c,2026-05-25 15:21:29+00,on,31.76394271850586,71.7036666870117,5000,0
dc:b4:d9:13:ed:8c,2026-05-25 15:21:34+00,on,31.82002067565918,71.6212692260742,5000,0
dc:b4:d9:13:ed:8c,2026-05-25 15:21:39+00,on,31.76394271850586,71.61974334716797,5000,0
dc:b4:d9:13:ed:8c,2026-05-25 15:21:44+00,on,31.777294158935547,71.6212692260742,0,0
dc:b4:d9:13:ed:8c,2026-05-25 15:21:49+00,on,31.790645599365234,71.6670455932617,0,0
dc:b4:d9:13:ed:8c,2026-05-25 15:21:54+00,on,31.833372116088867,71.6762008666992,0,0
dc:b4:d9:13:ed:8c,2026-05-25 15:21:59+00,on,31.833372116088867,71.60143280029297,0,0
dc:b4:d9:13:ed:8c,2026-05-25 15:22:04+00,on,31.833372116088867,71.45494842529297,0,1.5274925231933594
dc:b4:d9:13:ed:8c,2026-05-25 15:22:09+00,on,31.876096725463867,71.4015426635742,0,0
dc:b4:d9:13:ed:8c,2026-05-25 15:22:14+00,on,31.860074996948242,71.3649215698242,0,0
dc:b4:d9:13:ed:8c,2026-05-25 15:22:19+00,on,31.889448165893555,71.43663787841797,0,0
dc:b4:d9:13:ed:8c,2026-05-25 15:22:24+00,on,31.876096725463867,71.3374557495117,0,0
dc:b4:d9:13:ed:8c,2026-05-25 15:22:30+00,on,31.889448165893555,71.28710174560547,0,0
dc:b4:d9:13:ed:8c,2026-05-25 15:22:35+00,on,31.91615104675293,71.3038864135742,0,0
dc:b4:d9:13:ed:8c,2026-05-25 15:22:40+00,on,31.902799606323242,71.29015350341797,0,0
dc:b4:d9:13:ed:8c,2026-05-25 15:22:45+00,on,31.91615104675293,71.2947311401367,0,0
dc:b4:d9:13:ed:8c,2026-05-25 15:22:50+00,on,31.91615104675293,71.32372283935547,0,0
dc:b4:d9:13:ed:8c,2026-05-25 15:22:55+00,on,31.91615104675293,71.25048065185547,0,0
dc:b4:d9:13:ed:8c,2026-05-25 15:23:00+00,on,31.91615104675293,71.24131774902344,0,0
dc:b4:d9:13:ed:8c,2026-05-25 15:23:05+00,on,31.945526123046875,71.1818084716797,0,1.5274925231933594
dc:b4:d9:13:ed:8c,2026-05-25 15:23:10+00,on,31.945526123046875,71.20469665527344,0,0
dc:b4:d9:13:ed:8c,2026-05-25 15:23:15+00,on,31.97222900390625,71.1573944091797,0,0
dc:b4:d9:13:ed:8c,2026-05-25 15:23:20+00,on,31.988250732421875,71.2031707763672,0,0
dc:b4:d9:13:ed:8c,2026-05-25 15:23:25+00,on,31.97222900390625,71.18028259277344,0,0
dc:b4:d9:13:ed:8c,2026-05-25 15:23:30+00,on,31.97222900390625,71.11619567871094,0,0
dc:b4:d9:13:ed:8c,2026-05-25 15:23:35+00,on,31.958877563476562,71.11314392089844,0,0
dc:b4:d9:13:ed:8c,2026-05-25 15:23:40+00,on,31.958877563476562,71.0811004638672,0,0
dc:b4:d9:13:ed:8c,2026-05-25 15:23:45+00,on,32.00160217285156,71.0902557373047,0,0
dc:b4:d9:13:ed:8c,2026-05-25 15:23:50+00,on,32.01762390136719,71.0841522216797,0,0
dc:b4:d9:13:ed:8c,2026-05-25 15:23:56+00,on,32.01762390136719,71.03990173339844,0,0
dc:b4:d9:13:ed:8c,2026-05-25 15:24:01+00,on,32.030975341796875,71.03379821777344,0,0
dc:b4:d9:13:ed:8c,2026-05-25 15:24:06+00,on,32.01762390136719,71.03074645996094,0,0
dc:b4:d9:13:ed:8c,2026-05-25 15:24:11+00,on,32.030975341796875,71.02159118652344,0,0
dc:b4:d9:13:ed:8c,2026-05-25 15:24:16+00,on,32.030975341796875,71.0017547607422,0,0
dc:b4:d9:13:ed:8c,2026-05-25 15:24:21+00,on,32.01762390136719,70.9468231201172,0,0
dc:b4:d9:13:ed:8c,2026-05-25 15:24:26+00,on,32.01762390136719,70.96665954589844,0,0
dc:b4:d9:13:ed:8c,2026-05-25 15:24:31+00,on,32.0469970703125,70.9834442138672,0,0
dc:b4:d9:13:ed:8c,2026-05-25 15:24:36+00,on,32.0469970703125,70.9742889404297,0,0
dc:b4:d9:13:ed:8c,2026-05-25 15:24:41+00,on,32.06034851074219,70.9559783935547,0,0
dc:b4:d9:13:ed:8c,2026-05-25 15:24:46+00,on,32.00160217285156,70.8918914794922,0,0
dc:b4:d9:13:ed:8c,2026-05-25 15:24:51+00,on,32.01762390136719,70.92393493652344,0,0
dc:b4:d9:13:ed:8c,2026-05-25 15:24:56+00,on,32.06034851074219,70.97581481933594,0,0
dc:b4:d9:13:ed:8c,2026-05-25 15:25:01+00,on,32.0469970703125,70.9010467529297,0,0
dc:b4:d9:13:ed:8c,2026-05-25 15:25:06+00,on,32.06034851074219,70.90257263183594,0,0
dc:b4:d9:13:ed:8c,2026-05-25 15:25:11+00,on,32.06034851074219,70.83848571777344,0,0
dc:b4:d9:13:ed:8c,2026-05-25 15:25:16+00,on,32.0469970703125,70.9102020263672,0,0
dc:b4:d9:13:ed:8c,2026-05-25 15:25:22+00,on,32.01762390136719,70.91477966308594,0,0
dc:b4:d9:13:ed:8c,2026-05-25 15:25:27+00,on,32.030975341796875,70.9285125732422,0,0
dc:b4:d9:13:ed:8c,2026-05-25 15:25:32+00,on,32.00160217285156,70.93309020996094,0,0
dc:b4:d9:13:ed:8c,2026-05-25 15:25:37+00,on,32.01762390136719,70.96665954589844,0,0
dc:b4:d9:13:ed:8c,2026-05-25 15:25:42+00,on,32.030975341796875,70.96971130371094,0,0
dc:b4:d9:13:ed:8c,2026-05-25 15:25:47+00,on,32.030975341796875,70.95750427246094,0,0
dc:b4:d9:13:ed:8c,2026-05-25 15:25:52+00,on,31.988250732421875,70.96055603027344,0,0
dc:b4:d9:13:ed:8c,2026-05-25 15:25:57+00,on,32.01762390136719,70.9559783935547,0,0
dc:b4:d9:13:ed:8c,2026-05-25 15:26:02+00,on,31.97222900390625,70.96971130371094,0,0
dc:b4:d9:13:ed:8c,2026-05-25 15:26:07+00,on,32.01762390136719,70.97886657714844,32.98877716064453,0
dc:b4:d9:13:ed:8c,2026-05-25 15:26:12+00,on,32.030975341796875,70.96971130371094,0,0
dc:b4:d9:13:ed:8c,2026-05-25 15:26:17+00,on,32.00160217285156,70.9742889404297,0,0
dc:b4:d9:13:ed:8c,2026-05-25 15:26:22+00,on,32.01762390136719,70.9987030029297,0,0
dc:b4:d9:13:ed:8c,2026-05-25 15:26:27+00,on,32.030975341796875,70.9925994873047,0,0
dc:b4:d9:13:ed:8c,2026-05-25 15:26:32+00,on,32.030975341796875,70.9925994873047,0,0
dc:b4:d9:13:ed:8c,2026-05-25 15:26:37+00,on,32.01762390136719,70.9346160888672,0,0
dc:b4:d9:13:ed:8c,2026-05-25 15:26:43+00,on,32.030975341796875,70.90562438964844,0,0
dc:b4:d9:13:ed:8c,2026-05-25 15:26:48+00,on,32.06034851074219,70.90257263183594,0,0
dc:b4:d9:13:ed:8c,2026-05-25 15:26:53+00,on,32.06034851074219,70.8918914794922,0,0
dc:b4:d9:13:ed:8c,2026-05-25 15:26:58+00,on,32.0469970703125,70.84764099121094,0,0
dc:b4:d9:13:ed:8c,2026-05-25 15:27:03+00,on,32.01762390136719,70.8186492919922,0,0
dc:b4:d9:13:ed:8c,2026-05-25 15:27:08+00,on,32.00160217285156,70.86900329589844,0,0
dc:b4:d9:13:ed:8c,2026-05-25 15:27:13+00,on,31.988250732421875,70.9193572998047,0,0
dc:b4:d9:13:ed:8c,2026-05-25 15:27:18+00,on,32.00160217285156,70.9437713623047,0,0
dc:b4:d9:13:ed:8c,2026-05-25 15:27:23+00,on,32.01762390136719,70.9559783935547,0,0
dc:b4:d9:13:ed:8c,2026-05-25 15:27:28+00,on,32.00160217285156,70.9437713623047,0,0
dc:b4:d9:13:ed:8c,2026-05-25 15:27:33+00,on,31.958877563476562,70.9651336669922,0,0.23571418225765228
dc:b4:d9:13:ed:8c,2026-05-25 15:27:38+00,on,31.958877563476562,70.98802185058594,0,0
dc:b4:d9:13:ed:8c,2026-05-25 15:27:43+00,on,31.988250732421875,71.0353240966797,0,0
dc:b4:d9:13:ed:8c,2026-05-25 15:27:48+00,on,31.958877563476562,71.06126403808594,0,0
dc:b4:d9:13:ed:8c,2026-05-25 15:27:53+00,on,31.945526123046875,71.0475311279297,0,0
dc:b4:d9:13:ed:8c,2026-05-25 15:27:58+00,on,31.958877563476562,71.06126403808594,0,0
dc:b4:d9:13:ed:8c,2026-05-25 15:28:03+00,on,31.958877563476562,71.0170135498047,0,0
dc:b4:d9:13:ed:8c,2026-05-25 15:28:09+00,on,31.958877563476562,71.0383758544922,6.411627769470215,0
dc:b4:d9:13:ed:8c,2026-05-25 15:28:14+00,on,31.988250732421875,71.0658416748047,0,0
dc:b4:d9:13:ed:8c,2026-05-25 15:28:19+00,on,31.988250732421875,70.99412536621094,0,0
dc:b4:d9:13:ed:8c,2026-05-25 15:28:24+00,on,32.00160217285156,71.0261688232422,0,5.6559796333313
dc:b4:d9:13:ed:8c,2026-05-25 15:28:29+00,on,31.988250732421875,71.02464294433594,0,0
dc:b4:d9:13:ed:8c,2026-05-25 15:28:34+00,on,31.988250732421875,70.95140075683594,0,0
dc:b4:d9:13:ed:8c,2026-05-25 15:28:39+00,on,31.97222900390625,70.97886657714844,0,0
dc:b4:d9:13:ed:8c,2026-05-25 15:28:44+00,on,31.958877563476562,71.0292205810547,6.411627769470215,0
dc:b4:d9:13:ed:8c,2026-05-25 15:28:49+00,on,31.91615104675293,71.0200653076172,0,0
dc:b4:d9:13:ed:8c,2026-05-25 15:28:54+00,on,31.91615104675293,71.0933074951172,0,0
dc:b4:d9:13:ed:8c,2026-05-25 15:28:59+00,on,31.902799606323242,71.1024627685547,0,0
dc:b4:d9:13:ed:8c,2026-05-25 15:29:04+00,on,31.91615104675293,71.11619567871094,0,0
dc:b4:d9:13:ed:8c,2026-05-25 15:29:09+00,on,31.932172775268555,71.1177215576172,0,1.5274925231933594
dc:b4:d9:13:ed:8c,2026-05-25 15:29:14+00,on,31.958877563476562,71.11314392089844,0,0
dc:b4:d9:13:ed:8c,2026-05-25 15:29:19+00,on,31.958877563476562,71.1543426513672,0,0
dc:b4:d9:13:ed:8c,2026-05-25 15:29:24+00,on,31.958877563476562,71.1024627685547,0,0
dc:b4:d9:13:ed:8c,2026-05-25 15:29:29+00,on,31.945526123046875,71.08872985839844,0,0
dc:b4:d9:13:ed:8c,2026-05-25 15:29:35+00,on,31.945526123046875,71.0353240966797,0,0
dc:b4:d9:13:ed:8c,2026-05-25 15:29:40+00,on,31.945526123046875,71.06736755371094,13.606450080871582,0
dc:b4:d9:13:ed:8c,2026-05-25 15:29:45+00,on,31.958877563476562,71.06126403808594,0,0
dc:b4:d9:13:ed:8c,2026-05-25 15:29:50+00,on,31.958877563476562,71.0383758544922,0,0
dc:b4:d9:13:ed:8c,2026-05-25 15:29:55+00,on,31.988250732421875,71.08872985839844,0,0
dc:b4:d9:13:ed:8c,2026-05-25 15:30:00+00,on,31.988250732421875,71.0566864013672,0,0
dc:b4:d9:13:ed:8c,2026-05-25 15:30:05+00,on,32.00160217285156,71.00633239746094,0,0
dc:b4:d9:13:ed:8c,2026-05-25 15:30:10+00,on,32.01762390136719,71.0078582763672,0,0
dc:b4:d9:13:ed:8c,2026-05-25 15:30:15+00,on,32.01762390136719,70.98802185058594,0,0
dc:b4:d9:13:ed:8c,2026-05-25 15:30:20+00,on,32.030975341796875,70.96971130371094,0,0
dc:b4:d9:13:ed:8c,2026-05-25 15:30:25+00,on,31.958877563476562,71.0078582763672,0,0
dc:b4:d9:13:ed:8c,2026-05-25 15:30:30+00,on,31.958877563476562,70.9559783935547,0,0
dc:b4:d9:13:ed:8c,2026-05-25 15:30:35+00,on,31.932172775268555,71.0536346435547,0,0
dc:b4:d9:13:ed:8c,2026-05-25 15:30:40+00,on,31.958877563476562,71.0811004638672,0,0
dc:b4:d9:13:ed:8c,2026-05-25 15:30:45+00,on,31.945526123046875,71.1116180419922,0,0
dc:b4:d9:13:ed:8c,2026-05-25 15:30:50+00,on,31.97222900390625,71.10398864746094,0,0
dc:b4:d9:13:ed:8c,2026-05-25 15:30:56+00,on,31.958877563476562,71.0811004638672,0,0
dc:b4:d9:13:ed:8c,2026-05-25 15:31:01+00,on,31.97222900390625,71.08567810058594,0,0
dc:b4:d9:13:ed:8c,2026-05-25 15:31:06+00,on,31.97222900390625,71.03990173339844,0,0
dc:b4:d9:13:ed:8c,2026-05-25 15:31:11+00,on,31.988250732421875,71.02464294433594,0,0
dc:b4:d9:13:ed:8c,2026-05-25 15:31:16+00,on,31.958877563476562,71.0292205810547,0,0
dc:b4:d9:13:ed:8c,2026-05-25 15:31:21+00,on,31.958877563476562,71.06126403808594,0,0
dc:b4:d9:13:ed:8c,2026-05-25 15:31:26+00,on,31.97222900390625,71.0749969482422,0,0
dc:b4:d9:13:ed:8c,2026-05-25 15:31:31+00,on,31.932172775268555,71.08567810058594,0,0
dc:b4:d9:13:ed:8c,2026-05-25 15:31:36+00,on,31.91615104675293,71.10398864746094,0,0
dc:b4:d9:13:ed:8c,2026-05-25 15:31:41+00,on,31.932172775268555,71.09788513183594,0,0
dc:b4:d9:13:ed:8c,2026-05-25 15:31:46+00,on,31.902799606323242,71.14366149902344,0,1.5274925231933594
dc:b4:d9:13:ed:8c,2026-05-25 15:31:51+00,on,31.889448165893555,71.1940155029297,0,0
dc:b4:d9:13:ed:8c,2026-05-25 15:31:56+00,on,31.945526123046875,71.2458953857422,0,0
dc:b4:d9:13:ed:8c,2026-05-25 15:32:01+00,on,31.902799606323242,71.2367401123047,0,0
dc:b4:d9:13:ed:8c,2026-05-25 15:32:06+00,on,31.932172775268555,71.2672653198242,0,0
dc:b4:d9:13:ed:8c,2026-05-25 15:32:11+00,on,31.945526123046875,71.26879119873047,0,0
dc:b4:d9:13:ed:8c,2026-05-25 15:32:16+00,on,31.91615104675293,71.2306365966797,0,0
dc:b4:d9:13:ed:8c,2026-05-25 15:32:22+00,on,31.876096725463867,71.24436950683594,0,0
dc:b4:d9:13:ed:8c,2026-05-25 15:32:27+00,on,31.902799606323242,71.26879119873047,0,0
dc:b4:d9:13:ed:8c,2026-05-25 15:32:32+00,on,31.932172775268555,71.2672653198242,0,0
dc:b4:d9:13:ed:8c,2026-05-25 15:32:37+00,on,31.91615104675293,71.25048065185547,13.606450080871582,0
dc:b4:d9:13:ed:8c,2026-05-25 15:32:42+00,on,31.91615104675293,71.2306365966797,0,0
dc:b4:d9:13:ed:8c,2026-05-25 15:32:47+00,on,31.889448165893555,71.1940155029297,0,0
dc:b4:d9:13:ed:8c,2026-05-25 15:33:24+00,on,31.777294158935547,71.4961471557617,0,0
dc:b4:d9:13:ed:8c,2026-05-25 15:33:29+00,on,31.777294158935547,71.5693893432617,0,0
dc:b4:d9:13:ed:8c,2026-05-25 15:33:34+00,on,31.790645599365234,71.6029586791992,0,0
dc:b4:d9:13:ed:8c,2026-05-25 15:33:39+00,on,31.790645599365234,71.64415740966797,0,0
dc:b4:d9:13:ed:8c,2026-05-25 15:33:44+00,on,31.76394271850586,71.6609420776367,0,0
dc:b4:d9:13:ed:8c,2026-05-25 15:33:49+00,on,31.76394271850586,71.7036666870117,0,0
dc:b4:d9:13:ed:8c,2026-05-25 15:33:54+00,on,31.777294158935547,71.67467498779297,0,0
dc:b4:d9:13:ed:8c,2026-05-25 15:33:59+00,on,31.747920989990234,71.63500213623047,0,0
dc:b4:d9:13:ed:8c,2026-05-25 15:34:04+00,on,31.777294158935547,71.66551971435547,0,0
dc:b4:d9:13:ed:8c,2026-05-25 15:34:09+00,on,31.777294158935547,71.68383026123047,0,0
dc:b4:d9:13:ed:8c,2026-05-25 15:34:14+00,on,31.777294158935547,71.65331268310547,0,0
dc:b4:d9:13:ed:8c,2026-05-25 15:34:19+00,on,31.747920989990234,71.63500213623047,0,0
dc:b4:d9:13:ed:8c,2026-05-25 15:34:24+00,on,31.734569549560547,71.6853561401367,0,0
dc:b4:d9:13:ed:8c,2026-05-25 15:34:29+00,on,31.734569549560547,71.72655487060547,0,0
dc:b4:d9:13:ed:8c,2026-05-25 15:34:34+00,on,31.72121810913086,71.7036666870117,0,0
dc:b4:d9:13:ed:8c,2026-05-25 15:34:40+00,on,31.707866668701172,71.7540283203125,0,0
dc:b4:d9:13:ed:8c,2026-05-25 15:34:45+00,on,31.734569549560547,71.77081298828125,0,0
dc:b4:d9:13:ed:8c,2026-05-25 15:34:50+00,on,31.734569549560547,71.76165771484375,0,0
dc:b4:d9:13:ed:8c,2026-05-25 15:34:55+00,on,31.76394271850586,71.74486541748047,0,0
dc:b4:d9:13:ed:8c,2026-05-25 15:35:00+00,on,31.707866668701172,71.7540283203125,0,0
dc:b4:d9:13:ed:8c,2026-05-25 15:35:05+00,on,31.678491592407227,71.757080078125,0,0
dc:b4:d9:13:ed:8c,2026-05-25 15:35:10+00,on,31.691844940185547,71.8028564453125,0,0
dc:b4:d9:13:ed:8c,2026-05-25 15:35:15+00,on,31.707866668701172,71.88067626953125,0,0
dc:b4:d9:13:ed:8c,2026-05-25 15:35:20+00,on,31.707866668701172,71.93255615234375,0,0
dc:b4:d9:13:ed:8c,2026-05-25 15:35:25+00,on,31.707866668701172,71.921875,0,0
dc:b4:d9:13:ed:8c,2026-05-25 15:35:30+00,on,31.691844940185547,71.88677978515625,0,0
dc:b4:d9:13:ed:8c,2026-05-25 15:35:35+00,on,31.707866668701172,71.93255615234375,0,0
dc:b4:d9:13:ed:8c,2026-05-25 15:35:40+00,on,31.72121810913086,71.92645263671875,0,0
dc:b4:d9:13:ed:8c,2026-05-25 15:35:45+00,on,31.72121810913086,71.903564453125,0,0
dc:b4:d9:13:ed:8c,2026-05-25 15:35:50+00,on,31.747920989990234,71.90966796875,0,0
dc:b4:d9:13:ed:8c,2026-05-25 15:35:55+00,on,31.747920989990234,71.87762451171875,0,0
dc:b4:d9:13:ed:8c,2026-05-25 15:36:00+00,on,31.734569549560547,71.83489990234375,0,0
dc:b4:d9:13:ed:8c,2026-05-25 15:36:06+00,on,31.747920989990234,71.8486328125,0,0
dc:b4:d9:13:ed:8c,2026-05-25 15:36:11+00,on,31.734569549560547,71.81201171875,0,0
dc:b4:d9:13:ed:8c,2026-05-25 15:36:16+00,on,31.76394271850586,71.86236572265625,0,0
dc:b4:d9:13:ed:8c,2026-05-25 15:36:21+00,on,31.76394271850586,71.830322265625,0,0
dc:b4:d9:13:ed:8c,2026-05-25 15:36:26+00,on,31.76394271850586,71.818115234375,0,0
dc:b4:d9:13:ed:8c,2026-05-25 15:36:31+00,on,31.76394271850586,71.85015869140625,0,0
dc:b4:d9:13:ed:8c,2026-05-25 15:36:36+00,on,31.76394271850586,71.87152099609375,0,0
dc:b4:d9:13:ed:8c,2026-05-25 15:36:41+00,on,31.747920989990234,71.83642578125,0,0
dc:b4:d9:13:ed:8c,2026-05-25 15:36:46+00,on,31.76394271850586,71.818115234375,0,0
dc:b4:d9:13:ed:8c,2026-05-25 15:36:51+00,on,31.790645599365234,71.83489990234375,0,0
dc:b4:d9:13:ed:8c,2026-05-25 15:36:56+00,on,31.790645599365234,71.88677978515625,0,0
dc:b4:d9:13:ed:8c,2026-05-25 15:37:01+00,on,31.76394271850586,71.86236572265625,0,0
dc:b4:d9:13:ed:8c,2026-05-25 15:37:06+00,on,31.777294158935547,71.873046875,0,0
dc:b4:d9:13:ed:8c,2026-05-25 15:37:11+00,on,31.790645599365234,71.89898681640625,0,0
dc:b4:d9:13:ed:8c,2026-05-25 15:37:16+00,on,31.790645599365234,71.90966796875,0,0
dc:b4:d9:13:ed:8c,2026-05-25 15:37:21+00,on,31.790645599365234,71.89898681640625,0,0
dc:b4:d9:13:ed:8c,2026-05-25 15:37:26+00,on,31.803997039794922,71.88067626953125,0,0
dc:b4:d9:13:ed:8c,2026-05-25 15:37:32+00,on,31.790645599365234,71.8455810546875,0,0
dc:b4:d9:13:ed:8c,2026-05-25 15:37:37+00,on,31.803997039794922,71.8486328125,0,0
dc:b4:d9:13:ed:8c,2026-05-25 15:37:42+00,on,31.803997039794922,71.83642578125,0,0
dc:b4:d9:13:ed:8c,2026-05-25 15:37:47+00,on,31.803997039794922,71.8272705078125,0,0
dc:b4:d9:13:ed:8c,2026-05-25 15:37:52+00,on,31.777294158935547,71.8211669921875,0,0
dc:b4:d9:13:ed:8c,2026-05-25 15:37:57+00,on,31.803997039794922,71.818115234375,0,0
dc:b4:d9:13:ed:8c,2026-05-25 15:38:02+00,on,31.82002067565918,71.8089599609375,0,0
dc:b4:d9:13:ed:8c,2026-05-25 15:38:07+00,on,31.803997039794922,71.83642578125,0,0
dc:b4:d9:13:ed:8c,2026-05-25 15:38:12+00,on,31.803997039794922,71.83642578125,0,0
dc:b4:d9:13:ed:8c,2026-05-25 15:38:17+00,on,31.777294158935547,71.83184814453125,0,0
dc:b4:d9:13:ed:8c,2026-05-25 15:38:22+00,on,31.82002067565918,71.830322265625,0,0
dc:b4:d9:13:ed:8c,2026-05-25 15:38:27+00,on,31.790645599365234,71.8760986328125,0,0
dc:b4:d9:13:ed:8c,2026-05-25 15:38:32+00,on,31.82002067565918,71.830322265625,0,0
dc:b4:d9:13:ed:8c,2026-05-25 15:38:37+00,on,31.82002067565918,71.85321044921875,0,0
dc:b4:d9:13:ed:8c,2026-05-25 15:38:42+00,on,31.833372116088867,71.81353759765625,0,0
dc:b4:d9:13:ed:8c,2026-05-25 15:38:47+00,on,31.82002067565918,71.8211669921875,0,0
dc:b4:d9:13:ed:8c,2026-05-25 15:38:53+00,on,31.846723556518555,71.81658935546875,0,0
dc:b4:d9:13:ed:8c,2026-05-25 15:38:58+00,on,31.82002067565918,71.78912353515625,0,0
dc:b4:d9:13:ed:8c,2026-05-25 15:39:03+00,on,31.833372116088867,71.82269287109375,0,0
dc:b4:d9:13:ed:8c,2026-05-25 15:39:08+00,on,31.833372116088867,71.81353759765625,0,0
dc:b4:d9:13:ed:8c,2026-05-25 15:39:13+00,on,31.790645599365234,71.76165771484375,0,0
dc:b4:d9:13:ed:8c,2026-05-25 15:39:18+00,on,31.790645599365234,71.8577880859375,0,0
dc:b4:d9:13:ed:8c,2026-05-25 15:39:23+00,on,31.82002067565918,71.84100341796875,0,0
dc:b4:d9:13:ed:8c,2026-05-25 15:39:28+00,on,31.833372116088867,71.866943359375,0,0
dc:b4:d9:13:ed:8c,2026-05-25 15:39:33+00,on,31.833372116088867,71.82269287109375,0,0
dc:b4:d9:13:ed:8c,2026-05-25 15:39:38+00,on,31.833372116088867,71.8760986328125,0,0
dc:b4:d9:13:ed:8c,2026-05-25 15:39:43+00,on,31.860074996948242,71.85015869140625,0,0
dc:b4:d9:13:ed:8c,2026-05-25 15:39:48+00,on,31.846723556518555,71.8455810546875,0,0
dc:b4:d9:13:ed:8c,2026-05-25 15:39:53+00,on,31.846723556518555,71.8272705078125,0,0
dc:b4:d9:13:ed:8c,2026-05-25 15:39:58+00,on,31.876096725463867,71.85321044921875,0,0
dc:b4:d9:13:ed:8c,2026-05-25 15:40:03+00,on,31.876096725463867,71.83184814453125,0,0
dc:b4:d9:13:ed:8c,2026-05-25 15:40:08+00,on,31.846723556518555,71.793701171875,0,0
dc:b4:d9:13:ed:8c,2026-05-25 15:40:13+00,on,31.846723556518555,71.81658935546875,0,0
dc:b4:d9:13:ed:8c,2026-05-25 15:40:19+00,on,31.876096725463867,71.82269287109375,0,0
dc:b4:d9:13:ed:8c,2026-05-25 15:40:24+00,on,31.860074996948242,71.7662353515625,0,0
dc:b4:d9:13:ed:8c,2026-05-25 15:40:29+00,on,31.876096725463867,71.77996826171875,0,0
dc:b4:d9:13:ed:8c,2026-05-25 15:40:34+00,on,31.91615104675293,71.74791717529297,0,0
dc:b4:d9:13:ed:8c,2026-05-25 15:40:39+00,on,31.932172775268555,71.7402877807617,0,0
dc:b4:d9:13:ed:8c,2026-05-25 15:40:44+00,on,31.902799606323242,71.6578903198242,0,0
dc:b4:d9:13:ed:8c,2026-05-25 15:40:49+00,on,31.932172775268555,71.6334762573242,0,0
dc:b4:d9:13:ed:8c,2026-05-25 15:40:54+00,on,31.945526123046875,71.6578903198242,0,0
dc:b4:d9:13:ed:8c,2026-05-25 15:40:59+00,on,31.97222900390625,71.6426315307617,0,0
dc:b4:d9:13:ed:8c,2026-05-25 15:41:04+00,on,31.945526123046875,71.62584686279297,0,0
dc:b4:d9:13:ed:8c,2026-05-25 15:41:09+00,on,31.97222900390625,71.6212692260742,0,0
dc:b4:d9:13:ed:8c,2026-05-25 15:41:14+00,on,31.958877563476562,71.60753631591797,0,0
dc:b4:d9:13:ed:8c,2026-05-25 15:41:19+00,on,31.97222900390625,71.5602340698242,0,0
dc:b4:d9:13:ed:8c,2026-05-25 15:41:24+00,on,32.01762390136719,71.5785446166992,0,0
dc:b4:d9:13:ed:8c,2026-05-25 15:41:29+00,on,32.00160217285156,71.54344940185547,0,0
dc:b4:d9:13:ed:8c,2026-05-25 15:41:34+00,on,32.00160217285156,71.5754928588867,0,0
dc:b4:d9:13:ed:8c,2026-05-25 15:41:39+00,on,31.988250732421875,71.5205612182617,0,0
dc:b4:d9:13:ed:8c,2026-05-25 15:41:45+00,on,31.988250732421875,71.5297164916992,0,0
dc:b4:d9:13:ed:8c,2026-05-25 15:41:50+00,on,31.988250732421875,71.4686813354492,0,0
dc:b4:d9:13:ed:8c,2026-05-25 15:41:55+00,on,31.97222900390625,71.51598358154297,0,0
dc:b4:d9:13:ed:8c,2026-05-25 15:42:00+00,on,31.945526123046875,71.56481170654297,0,0
dc:b4:d9:13:ed:8c,2026-05-25 15:42:05+00,on,31.945526123046875,71.5938034057617,0,0
dc:b4:d9:13:ed:8c,2026-05-25 15:42:10+00,on,31.945526123046875,71.6151657104492,0,0
dc:b4:d9:13:ed:8c,2026-05-25 15:42:15+00,on,31.932172775268555,71.64415740966797,0,0
dc:b4:d9:13:ed:8c,2026-05-25 15:42:20+00,on,31.932172775268555,71.66551971435547,0,0
dc:b4:d9:13:ed:8c,2026-05-25 15:42:25+00,on,31.945526123046875,71.6670455932617,0,0
dc:b4:d9:13:ed:8c,2026-05-25 15:42:30+00,on,31.91615104675293,71.6945114135742,0,0
dc:b4:d9:13:ed:8c,2026-05-25 15:42:35+00,on,31.902799606323242,71.6700973510742,0,0
dc:b4:d9:13:ed:8c,2026-05-25 15:42:40+00,on,31.902799606323242,71.6578903198242,0,0
dc:b4:d9:13:ed:8c,2026-05-25 15:42:45+00,on,31.876096725463867,71.6975631713867,0,0
dc:b4:d9:13:ed:8c,2026-05-25 15:42:50+00,on,31.860074996948242,71.74486541748047,0,0
dc:b4:d9:13:ed:8c,2026-05-25 15:42:55+00,on,31.876096725463867,71.83184814453125,0,0
dc:b4:d9:13:ed:8c,2026-05-25 15:43:00+00,on,31.860074996948242,71.87152099609375,0,0
dc:b4:d9:13:ed:8c,2026-05-25 15:43:06+00,on,31.846723556518555,71.80438232421875,0,0
dc:b4:d9:13:ed:8c,2026-05-25 15:43:11+00,on,31.846723556518555,71.9737548828125,0,0
dc:b4:d9:13:ed:8c,2026-05-25 15:43:16+00,on,31.833372116088867,71.97222900390625,0,0
dc:b4:d9:13:ed:8c,2026-05-25 15:43:21+00,on,31.82002067565918,71.96917724609375,0,0
dc:b4:d9:13:ed:8c,2026-05-25 15:43:26+00,on,31.790645599365234,71.97222900390625,0,0
dc:b4:d9:13:ed:8c,2026-05-25 15:43:31+00,on,31.803997039794922,71.88983154296875,0,0
dc:b4:d9:13:ed:8c,2026-05-25 15:43:36+00,on,31.803997039794922,71.9005126953125,0,0
dc:b4:d9:13:ed:8c,2026-05-25 15:43:41+00,on,31.803997039794922,71.87152099609375,0,0
dc:b4:d9:13:ed:8c,2026-05-25 15:43:46+00,on,31.790645599365234,71.88677978515625,0,0
dc:b4:d9:13:ed:8c,2026-05-25 15:43:51+00,on,31.777294158935547,71.9493408203125,0,0
dc:b4:d9:13:ed:8c,2026-05-25 15:43:56+00,on,31.777294158935547,72.001220703125,0,0
dc:b4:d9:13:ed:8c,2026-05-25 15:44:01+00,on,31.747920989990234,72.03631591796875,0,0
dc:b4:d9:13:ed:8c,2026-05-25 15:44:06+00,on,31.72121810913086,72.03173828125,0,0
dc:b4:d9:13:ed:8c,2026-05-25 15:44:11+00,on,31.734569549560547,72.074462890625,0,0
dc:b4:d9:13:ed:8c,2026-05-25 15:44:16+00,on,31.707866668701172,72.10040283203125,0,0
dc:b4:d9:13:ed:8c,2026-05-25 15:44:21+00,on,31.72121810913086,72.166015625,0,0
dc:b4:d9:13:ed:8c,2026-05-25 15:44:26+00,on,31.691844940185547,72.18280029296875,0,0
dc:b4:d9:13:ed:8c,2026-05-25 15:44:32+00,on,31.678491592407227,72.17974853515625,0,0
dc:b4:d9:13:ed:8c,2026-05-25 15:44:37+00,on,31.678491592407227,72.18890380859375,0,0
dc:b4:d9:13:ed:8c,2026-05-25 15:44:42+00,on,31.66514015197754,72.2392578125,0,0
dc:b4:d9:13:ed:8c,2026-05-25 15:44:47+00,on,31.678491592407227,72.21026611328125,0,0
dc:b4:d9:13:ed:8c,2026-05-25 15:44:52+00,on,31.691844940185547,72.23468017578125,0,0
dc:b4:d9:13:ed:8c,2026-05-25 15:44:57+00,on,31.691844940185547,72.16143798828125,0,0
dc:b4:d9:13:ed:8c,2026-05-25 15:45:02+00,on,31.66514015197754,72.21942138671875,0,0
dc:b4:d9:13:ed:8c,2026-05-25 15:45:07+00,on,31.65178871154785,72.17364501953125,0,0
dc:b4:d9:13:ed:8c,2026-05-25 15:45:12+00,on,31.66514015197754,72.1873779296875,0,0
dc:b4:d9:13:ed:8c,2026-05-25 15:45:17+00,on,31.66514015197754,72.1873779296875,0,0
dc:b4:d9:13:ed:8c,2026-05-25 15:45:22+00,on,31.65178871154785,72.22552490234375,0,0
dc:b4:d9:13:ed:8c,2026-05-25 15:45:27+00,on,31.635766983032227,72.2529983520508,0,0
dc:b4:d9:13:ed:8c,2026-05-25 15:45:32+00,on,31.635766983032227,72.28504180908203,0,0
dc:b4:d9:13:ed:8c,2026-05-25 15:45:37+00,on,31.635766983032227,72.3262405395508,0,0
dc:b4:d9:13:ed:8c,2026-05-25 15:45:42+00,on,31.635766983032227,72.3170852661133,0,0
dc:b4:d9:13:ed:8c,2026-05-25 15:45:47+00,on,31.65178871154785,72.3109817504883,0,0
dc:b4:d9:13:ed:8c,2026-05-25 15:45:52+00,on,31.66514015197754,72.2713088989258,0,0
dc:b4:d9:13:ed:8c,2026-05-25 15:45:58+00,on,31.65178871154785,72.27893829345703,0,0
dc:b4:d9:13:ed:8c,2026-05-25 15:46:03+00,on,31.635766983032227,72.28504180908203,0,0
dc:b4:d9:13:ed:8c,2026-05-25 15:46:08+00,on,31.635766983032227,72.3262405395508,0,0
dc:b4:d9:13:ed:8c,2026-05-25 15:46:13+00,on,31.62241554260254,72.38880157470703,0,0
dc:b4:d9:13:ed:8c,2026-05-25 15:46:18+00,on,31.66514015197754,72.38574981689453,0,0
dc:b4:d9:13:ed:8c,2026-05-25 15:46:23+00,on,31.65178871154785,72.3720169067383,0,0
dc:b4:d9:13:ed:8c,2026-05-25 15:46:28+00,on,31.691844940185547,72.33081817626953,0,0
dc:b4:d9:13:ed:8c,2026-05-25 15:46:33+00,on,31.707866668701172,72.32166290283203,0,0
dc:b4:d9:13:ed:8c,2026-05-25 15:46:38+00,on,31.72121810913086,72.2926712036133,0,0
dc:b4:d9:13:ed:8c,2026-05-25 15:46:43+00,on,31.678491592407227,72.18890380859375,0,0
dc:b4:d9:13:ed:8c,2026-05-25 15:46:48+00,on,31.691844940185547,72.19195556640625,0,0
dc:b4:d9:13:ed:8c,2026-05-25 15:46:53+00,on,31.66514015197754,72.17822265625,0,0
dc:b4:d9:13:ed:8c,2026-05-25 15:46:58+00,on,31.66514015197754,72.21942138671875,0,0
dc:b4:d9:13:ed:8c,2026-05-25 15:47:03+00,on,31.65178871154785,72.26978302001953,0,0
dc:b4:d9:13:ed:8c,2026-05-25 15:47:08+00,on,31.66514015197754,72.2926712036133,0,0
dc:b4:d9:13:ed:8c,2026-05-25 15:47:13+00,on,31.678491592407227,72.29419708251953,0,0
dc:b4:d9:13:ed:8c,2026-05-25 15:47:19+00,on,31.65178871154785,72.33081817626953,0,0
dc:b4:d9:13:ed:8c,2026-05-25 15:47:24+00,on,31.65178871154785,72.40406036376953,0,0
dc:b4:d9:13:ed:8c,2026-05-25 15:47:29+00,on,31.635766983032227,72.4544143676758,0,0
dc:b4:d9:13:ed:8c,2026-05-25 15:47:34+00,on,31.65178871154785,72.46814727783203,0,0
dc:b4:d9:13:ed:8c,2026-05-25 15:47:39+00,on,31.635766983032227,72.4544143676758,0,0
dc:b4:d9:13:ed:8c,2026-05-25 15:47:44+00,on,31.635766983032227,72.42237091064453,0,0
dc:b4:d9:13:ed:8c,2026-05-25 15:47:49+00,on,31.66514015197754,72.38574981689453,0,0
dc:b4:d9:13:ed:8c,2026-05-25 15:47:54+00,on,31.635766983032227,72.30640411376953,0,0
dc:b4:d9:13:ed:8c,2026-05-25 15:47:59+00,on,31.65178871154785,72.3109817504883,0,0
dc:b4:d9:13:ed:8c,2026-05-25 15:48:04+00,on,31.678491592407227,72.3262405395508,0,0
dc:b4:d9:13:ed:8c,2026-05-25 15:48:09+00,on,31.678491592407227,72.29419708251953,0,0
dc:b4:d9:13:ed:8c,2026-05-25 15:48:14+00,on,31.678491592407227,72.29419708251953,0,0
dc:b4:d9:13:ed:8c,2026-05-25 15:48:19+00,on,31.691844940185547,72.2560501098633,0,0
dc:b4:d9:13:ed:8c,2026-05-25 15:48:24+00,on,31.691844940185547,72.2239990234375,0,0
dc:b4:d9:13:ed:8c,2026-05-25 15:48:29+00,on,31.691844940185547,72.20263671875,0,0
dc:b4:d9:13:ed:8c,2026-05-25 15:48:34+00,on,31.72121810913086,72.220947265625,0,0
dc:b4:d9:13:ed:8c,2026-05-25 15:48:39+00,on,31.707866668701172,72.196533203125,0,0
dc:b4:d9:13:ed:8c,2026-05-25 15:48:45+00,on,31.691844940185547,72.19195556640625,0,0
dc:b4:d9:13:ed:8c,2026-05-25 15:48:50+00,on,31.66514015197754,72.21942138671875,0,0
dc:b4:d9:13:ed:8c,2026-05-25 15:48:55+00,on,31.691844940185547,72.20263671875,0,0
dc:b4:d9:13:ed:8c,2026-05-25 15:49:00+00,on,31.72121810913086,72.19805908203125,0,0
dc:b4:d9:13:ed:8c,2026-05-25 15:49:05+00,on,31.707866668701172,72.1751708984375,0,0
dc:b4:d9:13:ed:8c,2026-05-25 15:49:10+00,on,31.691844940185547,72.19195556640625,0,0
dc:b4:d9:13:ed:8c,2026-05-25 15:49:15+00,on,31.707866668701172,72.2056884765625,0,0
dc:b4:d9:13:ed:8c,2026-05-25 15:49:20+00,on,31.691844940185547,72.17059326171875,0,0
dc:b4:d9:13:ed:8c,2026-05-25 15:49:25+00,on,31.707866668701172,72.2392578125,0,0
dc:b4:d9:13:ed:8c,2026-05-25 15:49:30+00,on,31.707866668701172,72.196533203125,0,0
dc:b4:d9:13:ed:8c,2026-05-25 15:49:35+00,on,31.707866668701172,72.1873779296875,0,0
dc:b4:d9:13:ed:8c,2026-05-25 15:49:40+00,on,31.678491592407227,72.17974853515625,0,0
dc:b4:d9:13:ed:8c,2026-05-25 15:49:45+00,on,31.707866668701172,72.1751708984375,0,0
dc:b4:d9:13:ed:8c,2026-05-25 15:49:50+00,on,31.734569549560547,72.18280029296875,0,0
dc:b4:d9:13:ed:8c,2026-05-25 15:49:55+00,on,31.707866668701172,72.13397216796875,0,0
dc:b4:d9:13:ed:8c,2026-05-25 15:50:00+00,on,31.707866668701172,72.13397216796875,0,0
dc:b4:d9:13:ed:8c,2026-05-25 15:50:05+00,on,31.72121810913086,72.14617919921875,0,0
dc:b4:d9:13:ed:8c,2026-05-25 15:50:11+00,on,31.707866668701172,72.123291015625,0,0
dc:b4:d9:13:ed:8c,2026-05-25 15:50:16+00,on,31.678491592407227,72.11566162109375,0,0
dc:b4:d9:13:ed:8c,2026-05-25 15:50:21+00,on,31.707866668701172,72.13397216796875,0,0
dc:b4:d9:13:ed:8c,2026-05-25 15:50:26+00,on,31.72121810913086,72.14617919921875,0,0
dc:b4:d9:13:ed:8c,2026-05-25 15:50:31+00,on,31.707866668701172,72.14312744140625,0,0
dc:b4:d9:13:ed:8c,2026-05-25 15:50:36+00,on,31.72121810913086,72.12481689453125,0,0
dc:b4:d9:13:ed:8c,2026-05-25 15:50:41+00,on,31.707866668701172,72.123291015625,0,0
dc:b4:d9:13:ed:8c,2026-05-25 15:50:46+00,on,31.72121810913086,72.1141357421875,0,0
dc:b4:d9:13:ed:8c,2026-05-25 15:50:51+00,on,31.691844940185547,72.08819580078125,0,0
dc:b4:d9:13:ed:8c,2026-05-25 15:50:56+00,on,31.707866668701172,72.10040283203125,0,0
dc:b4:d9:13:ed:8c,2026-05-25 15:51:01+00,on,31.691844940185547,72.09735107421875,0,0
dc:b4:d9:13:ed:8c,2026-05-25 15:51:06+00,on,31.707866668701172,72.15228271484375,0,0
dc:b4:d9:13:ed:8c,2026-05-25 15:51:11+00,on,31.707866668701172,72.123291015625,0,0
dc:b4:d9:13:ed:8c,2026-05-25 15:51:16+00,on,31.707866668701172,72.123291015625,0,0
dc:b4:d9:13:ed:8c,2026-05-25 15:51:21+00,on,31.72121810913086,72.10498046875,0,0
dc:b4:d9:13:ed:8c,2026-05-25 15:51:26+00,on,31.678491592407227,72.074462890625,0,0
dc:b4:d9:13:ed:8c,2026-05-25 15:51:31+00,on,31.691844940185547,72.12939453125,0,0
dc:b4:d9:13:ed:8c,2026-05-25 15:51:37+00,on,31.707866668701172,72.15228271484375,0,0
dc:b4:d9:13:ed:8c,2026-05-25 15:51:42+00,on,31.707866668701172,72.123291015625,0,0
dc:b4:d9:13:ed:8c,2026-05-25 15:51:47+00,on,31.678491592407227,72.12786865234375,0,0
dc:b4:d9:13:ed:8c,2026-05-25 15:51:52+00,on,31.707866668701172,72.123291015625,0,0
dc:b4:d9:13:ed:8c,2026-05-25 15:51:57+00,on,31.66514015197754,72.12481689453125,0,0
dc:b4:d9:13:ed:8c,2026-05-25 15:52:02+00,on,31.66514015197754,72.12481689453125,0,0
dc:b4:d9:13:ed:8c,2026-05-25 15:52:07+00,on,31.72121810913086,72.18890380859375,0,0
dc:b4:d9:13:ed:8c,2026-05-25 15:52:12+00,on,31.691844940185547,72.11871337890625,0,0
dc:b4:d9:13:ed:8c,2026-05-25 15:52:17+00,on,31.691844940185547,72.12939453125,0,0
dc:b4:d9:13:ed:8c,2026-05-25 15:52:22+00,on,31.707866668701172,72.111083984375,0,0
dc:b4:d9:13:ed:8c,2026-05-25 15:52:27+00,on,31.678491592407227,72.11566162109375,0,0
dc:b4:d9:13:ed:8c,2026-05-25 15:52:32+00,on,31.72121810913086,72.1141357421875,0,0
dc:b4:d9:13:ed:8c,2026-05-25 15:52:37+00,on,31.707866668701172,72.111083984375,0,0
dc:b4:d9:13:ed:8c,2026-05-25 15:52:42+00,on,31.72121810913086,72.10498046875,0,0
dc:b4:d9:13:ed:8c,2026-05-25 15:52:47+00,on,31.72121810913086,72.0958251953125,0,0
dc:b4:d9:13:ed:8c,2026-05-25 15:52:52+00,on,31.734569549560547,72.086669921875,0,0
dc:b4:d9:13:ed:8c,2026-05-25 15:52:58+00,on,31.734569549560547,72.10650634765625,0,0
dc:b4:d9:13:ed:8c,2026-05-25 15:53:03+00,on,31.734569549560547,72.03326416015625,0,0
dc:b4:d9:13:ed:8c,2026-05-25 15:53:08+00,on,31.734569549560547,72.03326416015625,0,0
dc:b4:d9:13:ed:8c,2026-05-25 15:53:13+00,on,31.734569549560547,72.03326416015625,0,0
dc:b4:d9:13:ed:8c,2026-05-25 15:53:18+00,on,31.747920989990234,72.00579833984375,0,0
dc:b4:d9:13:ed:8c,2026-05-25 15:53:23+00,on,31.72121810913086,71.97833251953125,0,0
dc:b4:d9:13:ed:8c,2026-05-25 15:53:28+00,on,31.734569549560547,72.04547119140625,0,0
dc:b4:d9:13:ed:8c,2026-05-25 15:53:33+00,on,31.734569549560547,72.03326416015625,0,0
dc:b4:d9:13:ed:8c,2026-05-25 15:53:38+00,on,31.747920989990234,72.02716064453125,0,0
dc:b4:d9:13:ed:8c,2026-05-25 15:53:43+00,on,31.734569549560547,72.04547119140625,0,0
dc:b4:d9:13:ed:8c,2026-05-25 15:53:48+00,on,31.747920989990234,72.02716064453125,0,0
dc:b4:d9:13:ed:8c,2026-05-25 15:53:53+00,on,31.76394271850586,72.00885009765625,0,0
dc:b4:d9:13:ed:8c,2026-05-25 15:53:58+00,on,31.747920989990234,72.03631591796875,0,0
dc:b4:d9:13:ed:8c,2026-05-25 15:54:03+00,on,31.76394271850586,72.0286865234375,0,0
dc:b4:d9:13:ed:8c,2026-05-25 15:54:08+00,on,31.72121810913086,72.00885009765625,0,0
dc:b4:d9:13:ed:8c,2026-05-25 15:54:13+00,on,31.777294158935547,72.001220703125,0,0
dc:b4:d9:13:ed:8c,2026-05-25 15:54:18+00,on,31.76394271850586,72.01800537109375,0,0
dc:b4:d9:13:ed:8c,2026-05-25 15:54:24+00,on,31.777294158935547,71.96917724609375,0,0
dc:b4:d9:13:ed:8c,2026-05-25 15:54:29+00,on,31.777294158935547,71.96917724609375,0,0
dc:b4:d9:13:ed:8c,2026-05-25 15:54:34+00,on,31.777294158935547,71.96002197265625,0,0
dc:b4:d9:13:ed:8c,2026-05-25 15:54:39+00,on,31.76394271850586,71.976806640625,0,0
dc:b4:d9:13:ed:8c,2026-05-25 15:54:44+00,on,31.76394271850586,71.98748779296875,0,0
dc:b4:d9:13:ed:8c,2026-05-25 15:54:49+00,on,31.76394271850586,72.01800537109375,0,0
dc:b4:d9:13:ed:8c,2026-05-25 15:54:54+00,on,31.76394271850586,72.0286865234375,0,0
dc:b4:d9:13:ed:8c,2026-05-25 15:54:59+00,on,31.76394271850586,71.99969482421875,0,0
dc:b4:d9:13:ed:8c,2026-05-25 15:55:04+00,on,31.777294158935547,71.97833251953125,0,0
dc:b4:d9:13:ed:8c,2026-05-25 15:55:09+00,on,31.777294158935547,71.96917724609375,0,0
dc:b4:d9:13:ed:8c,2026-05-25 15:55:14+00,on,31.747920989990234,71.9951171875,0,0
dc:b4:d9:13:ed:8c,2026-05-25 15:55:19+00,on,31.76394271850586,71.99969482421875,0,0
dc:b4:d9:13:ed:8c,2026-05-25 15:55:24+00,on,31.76394271850586,71.98748779296875,0,0
dc:b4:d9:13:ed:8c,2026-05-25 15:55:29+00,on,31.790645599365234,71.97222900390625,0,0
dc:b4:d9:13:ed:8c,2026-05-25 15:55:34+00,on,31.76394271850586,71.976806640625,0,0
dc:b4:d9:13:ed:8c,2026-05-25 15:55:39+00,on,31.790645599365234,71.98291015625,0,0
dc:b4:d9:13:ed:8c,2026-05-25 15:55:44+00,on,31.790645599365234,71.9920654296875,0,0
dc:b4:d9:13:ed:8c,2026-05-25 15:55:50+00,on,31.790645599365234,71.9920654296875,0,0
dc:b4:d9:13:ed:8c,2026-05-25 15:55:55+00,on,31.777294158935547,71.97833251953125,0,0
dc:b4:d9:13:ed:8c,2026-05-25 15:56:00+00,on,31.790645599365234,72.0042724609375,0,0
dc:b4:d9:13:ed:8c,2026-05-25 15:56:05+00,on,31.76394271850586,71.9554443359375,0,0
dc:b4:d9:13:ed:8c,2026-05-25 15:56:10+00,on,31.790645599365234,71.98291015625,0,0
dc:b4:d9:13:ed:8c,2026-05-25 15:56:15+00,on,31.803997039794922,71.95391845703125,0,0
dc:b4:d9:13:ed:8c,2026-05-25 15:56:20+00,on,31.82002067565918,71.95849609375,0,0
dc:b4:d9:13:ed:8c,2026-05-25 15:56:25+00,on,31.82002067565918,71.93560791015625,0,0
dc:b4:d9:13:ed:8c,2026-05-25 15:56:30+00,on,31.833372116088867,71.96002197265625,0,0
dc:b4:d9:13:ed:8c,2026-05-25 15:56:35+00,on,31.790645599365234,71.95086669921875,0,0
dc:b4:d9:13:ed:8c,2026-05-25 15:56:40+00,on,31.833372116088867,71.96002197265625,0,0
dc:b4:d9:13:ed:8c,2026-05-25 15:56:45+00,on,31.833372116088867,71.97222900390625,0,0
dc:b4:d9:13:ed:8c,2026-05-25 15:56:50+00,on,31.833372116088867,71.9493408203125,0,0
dc:b4:d9:13:ed:8c,2026-05-25 15:56:55+00,on,31.833372116088867,71.96002197265625,0,0
dc:b4:d9:13:ed:8c,2026-05-25 15:57:00+00,on,31.777294158935547,71.96917724609375,0,0
dc:b4:d9:13:ed:8c,2026-05-25 15:57:05+00,on,31.790645599365234,72.0042724609375,0,0
dc:b4:d9:13:ed:8c,2026-05-25 15:57:11+00,on,31.76394271850586,72.0408935546875,0,0
dc:b4:d9:13:ed:8c,2026-05-25 15:57:16+00,on,31.747920989990234,72.0469970703125,0,0
dc:b4:d9:13:ed:8c,2026-05-25 15:57:21+00,on,31.790645599365234,72.08819580078125,0,0
dc:b4:d9:13:ed:8c,2026-05-25 15:57:26+00,on,31.76394271850586,72.08209228515625,0,0
dc:b4:d9:13:ed:8c,2026-05-25 15:57:31+00,on,31.76394271850586,72.0927734375,0,0
dc:b4:d9:13:ed:8c,2026-05-25 15:57:36+00,on,31.76394271850586,72.10498046875,0,0
dc:b4:d9:13:ed:8c,2026-05-25 15:57:41+00,on,31.76394271850586,72.10498046875,0,0
dc:b4:d9:13:ed:8c,2026-05-25 15:57:46+00,on,31.747920989990234,72.1324462890625,0,0
dc:b4:d9:13:ed:8c,2026-05-25 15:57:51+00,on,31.76394271850586,72.123291015625,0,0
dc:b4:d9:13:ed:8c,2026-05-25 15:57:56+00,on,31.76394271850586,72.123291015625,0,0
dc:b4:d9:13:ed:8c,2026-05-25 15:58:01+00,on,31.747920989990234,72.16143798828125,0,0
dc:b4:d9:13:ed:8c,2026-05-25 15:58:06+00,on,31.747920989990234,72.1202392578125,0,0
dc:b4:d9:13:ed:8c,2026-05-25 15:58:11+00,on,31.747920989990234,72.196533203125,0,0
dc:b4:d9:13:ed:8c,2026-05-25 15:58:16+00,on,31.734569549560547,72.18280029296875,0,0
dc:b4:d9:13:ed:8c,2026-05-25 15:58:21+00,on,31.777294158935547,72.233154296875,0,0
dc:b4:d9:13:ed:8c,2026-05-25 15:58:26+00,on,31.747920989990234,72.17364501953125,0,0
dc:b4:d9:13:ed:8c,2026-05-25 15:58:31+00,on,31.76394271850586,72.20721435546875,0,0
dc:b4:d9:13:ed:8c,2026-05-25 15:58:37+00,on,31.76394271850586,72.19805908203125,0,0
dc:b4:d9:13:ed:8c,2026-05-25 15:58:42+00,on,31.76394271850586,72.2713088989258,0,0
dc:b4:d9:13:ed:8c,2026-05-25 15:58:47+00,on,31.76394271850586,72.31250762939453,0,0
dc:b4:d9:13:ed:8c,2026-05-25 15:58:52+00,on,31.707866668701172,72.2896194458008,0,0
dc:b4:d9:13:ed:8c,2026-05-25 15:58:57+00,on,31.734569549560547,72.3170852661133,0,0
dc:b4:d9:13:ed:8c,2026-05-25 15:59:02+00,on,31.707866668701172,72.33386993408203,0,0
dc:b4:d9:13:ed:8c,2026-05-25 15:59:07+00,on,31.678491592407227,72.3994827270508,0,0
dc:b4:d9:13:ed:8c,2026-05-25 15:59:12+00,on,31.707866668701172,72.4300003051758,0,0
dc:b4:d9:13:ed:8c,2026-05-25 15:59:17+00,on,31.691844940185547,72.42542266845703,0,0
dc:b4:d9:13:ed:8c,2026-05-25 15:59:22+00,on,31.707866668701172,72.40711212158203,0,0
dc:b4:d9:13:ed:8c,2026-05-25 15:59:27+00,on,31.707866668701172,72.4300003051758,0,0
dc:b4:d9:13:ed:8c,2026-05-25 15:59:32+00,on,31.707866668701172,72.4300003051758,0,0
dc:b4:d9:13:ed:8c,2026-05-25 15:59:37+00,on,31.707866668701172,72.3750686645508,0,0
dc:b4:d9:13:ed:8c,2026-05-25 15:59:42+00,on,31.707866668701172,72.4300003051758,0,0
dc:b4:d9:13:ed:8c,2026-05-25 15:59:47+00,on,31.678491592407227,72.44068145751953,0,0
dc:b4:d9:13:ed:8c,2026-05-25 15:59:52+00,on,31.72121810913086,72.4727249145508,0,0
dc:b4:d9:13:ed:8c,2026-05-25 15:59:57+00,on,31.72121810913086,72.4849319458008,0,0
dc:b4:d9:13:ed:8c,2026-05-25 16:00:03+00,on,31.747920989990234,72.49866485595703,0,0
dc:b4:d9:13:ed:8c,2026-05-25 16:00:08+00,on,31.747920989990234,72.4269485473633,0,0
dc:b4:d9:13:ed:8c,2026-05-25 16:00:13+00,on,31.747920989990234,72.41626739501953,0,0
dc:b4:d9:13:ed:8c,2026-05-25 16:00:18+00,on,31.734569549560547,72.35828399658203,0,0
dc:b4:d9:13:ed:8c,2026-05-25 16:00:23+00,on,31.734569549560547,72.41321563720703,0,0
dc:b4:d9:13:ed:8c,2026-05-25 16:00:28+00,on,31.72121810913086,72.39795684814453,0,0
dc:b4:d9:13:ed:8c,2026-05-25 16:00:33+00,on,31.72121810913086,72.44068145751953,0,0
dc:b4:d9:13:ed:8c,2026-05-25 16:00:38+00,on,31.72121810913086,72.45288848876953,0,0
dc:b4:d9:13:ed:8c,2026-05-25 16:00:43+00,on,31.707866668701172,72.5001907348633,0,0
dc:b4:d9:13:ed:8c,2026-05-25 16:00:48+00,on,31.691844940185547,72.5276565551758,0,0
dc:b4:d9:13:ed:8c,2026-05-25 16:00:53+00,on,31.72121810913086,72.5459671020508,0,0
dc:b4:d9:13:ed:8c,2026-05-25 16:00:58+00,on,31.72121810913086,72.51392364501953,0,0
dc:b4:d9:13:ed:8c,2026-05-25 16:01:03+00,on,31.707866668701172,72.5123977661133,0,0
dc:b4:d9:13:ed:8c,2026-05-25 16:01:08+00,on,31.734569549560547,72.55970001220703,0,0
dc:b4:d9:13:ed:8c,2026-05-25 16:01:13+00,on,31.734569549560547,72.5276565551758,0,0
dc:b4:d9:13:ed:8c,2026-05-25 16:01:18+00,on,31.707866668701172,72.5123977661133,0,0
dc:b4:d9:13:ed:8c,2026-05-25 16:01:23+00,on,31.72121810913086,72.51392364501953,0,0
dc:b4:d9:13:ed:8c,2026-05-25 16:01:29+00,on,31.747920989990234,72.5215530395508,0,0
dc:b4:d9:13:ed:8c,2026-05-25 16:01:34+00,on,31.734569549560547,72.49561309814453,0,0
dc:b4:d9:13:ed:8c,2026-05-25 16:01:39+00,on,31.76394271850586,72.47119903564453,0,0
dc:b4:d9:13:ed:8c,2026-05-25 16:01:44+00,on,31.777294158935547,72.4635696411133,0,0
dc:b4:d9:13:ed:8c,2026-05-25 16:01:49+00,on,31.747920989990234,72.4574661254883,0,0
dc:b4:d9:13:ed:8c,2026-05-25 16:01:54+00,on,31.76394271850586,72.4300003051758,0,0
dc:b4:d9:13:ed:8c,2026-05-25 16:01:59+00,on,31.76394271850586,72.4086380004883,0,0
dc:b4:d9:13:ed:8c,2026-05-25 16:02:04+00,on,31.734569549560547,72.43457794189453,0,0
dc:b4:d9:13:ed:8c,2026-05-25 16:02:09+00,on,31.734569549560547,72.4666213989258,0,0
dc:b4:d9:13:ed:8c,2026-05-25 16:02:14+00,on,31.747920989990234,72.48035430908203,0,0
dc:b4:d9:13:ed:8c,2026-05-25 16:02:19+00,on,31.72121810913086,72.4940872192383,0,0
dc:b4:d9:13:ed:8c,2026-05-25 16:02:24+00,on,31.734569549560547,72.5368118286133,0,0
dc:b4:d9:13:ed:8c,2026-05-25 16:02:29+00,on,31.734569549560547,72.4757766723633,0,0
dc:b4:d9:13:ed:8c,2026-05-25 16:02:34+00,on,31.747920989990234,72.48950958251953,0,0
dc:b4:d9:13:ed:8c,2026-05-25 16:02:39+00,on,31.747920989990234,72.5093460083008,0,0
dc:b4:d9:13:ed:8c,2026-05-25 16:02:44+00,on,31.747920989990234,72.48950958251953,0,0
dc:b4:d9:13:ed:8c,2026-05-25 16:02:50+00,on,31.747920989990234,72.48950958251953,0,0
dc:b4:d9:13:ed:8c,2026-05-25 16:02:55+00,on,31.76394271850586,72.5032424926758,0,0
dc:b4:d9:13:ed:8c,2026-05-25 16:03:00+00,on,31.747920989990234,72.48035430908203,0,0
dc:b4:d9:13:ed:8c,2026-05-25 16:03:05+00,on,31.707866668701172,72.47119903564453,0,0
dc:b4:d9:13:ed:8c,2026-05-25 16:03:10+00,on,31.747920989990234,72.5093460083008,0,0
dc:b4:d9:13:ed:8c,2026-05-25 16:03:15+00,on,31.734569549560547,72.5368118286133,0,0
dc:b4:d9:13:ed:8c,2026-05-25 16:03:20+00,on,31.734569549560547,72.5490188598633,0,0
dc:b4:d9:13:ed:8c,2026-05-25 16:03:25+00,on,31.76394271850586,72.52613067626953,0,0
dc:b4:d9:13:ed:8c,2026-05-25 16:03:30+00,on,31.777294158935547,72.5581741333008,0,0
dc:b4:d9:13:ed:8c,2026-05-25 16:03:35+00,on,31.76394271850586,72.52613067626953,0,0
dc:b4:d9:13:ed:8c,2026-05-25 16:03:40+00,on,31.777294158935547,72.50476837158203,0,0
dc:b4:d9:13:ed:8c,2026-05-25 16:03:45+00,on,31.76394271850586,72.5032424926758,0,0
dc:b4:d9:13:ed:8c,2026-05-25 16:03:50+00,on,31.76394271850586,72.5032424926758,0,0
dc:b4:d9:13:ed:8c,2026-05-25 16:03:55+00,on,31.76394271850586,72.4818801879883,0,0
dc:b4:d9:13:ed:8c,2026-05-25 16:04:00+00,on,31.747920989990234,72.49866485595703,0,0
dc:b4:d9:13:ed:8c,2026-05-25 16:04:05+00,on,31.747920989990234,72.5093460083008,0,0
dc:b4:d9:13:ed:8c,2026-05-25 16:04:10+00,on,31.76394271850586,72.5551223754883,0,0
dc:b4:d9:13:ed:8c,2026-05-25 16:04:16+00,on,31.777294158935547,72.56885528564453,0,0
dc:b4:d9:13:ed:8c,2026-05-25 16:04:21+00,on,31.777294158935547,72.51697540283203,0,0
dc:b4:d9:13:ed:8c,2026-05-25 16:04:26+00,on,31.777294158935547,72.49561309814453,0,0
dc:b4:d9:13:ed:8c,2026-05-25 16:04:31+00,on,31.734569549560547,72.4666213989258,0,0
dc:b4:d9:13:ed:8c,2026-05-25 16:04:36+00,on,31.76394271850586,72.5551223754883,0,0
dc:b4:d9:13:ed:8c,2026-05-25 16:04:41+00,on,31.790645599365234,72.54138946533203,0,0
dc:b4:d9:13:ed:8c,2026-05-25 16:04:46+00,on,31.803997039794922,72.53223419189453,0,0
dc:b4:d9:13:ed:8c,2026-05-25 16:04:51+00,on,31.790645599365234,72.56275177001953,0,0
dc:b4:d9:13:ed:8c,2026-05-25 16:04:56+00,on,31.803997039794922,72.54444122314453,0,0
dc:b4:d9:13:ed:8c,2026-05-25 16:05:01+00,on,31.803997039794922,72.5642776489258,0,0
dc:b4:d9:13:ed:8c,2026-05-25 16:05:06+00,on,31.790645599365234,72.5947952270508,0,0
dc:b4:d9:13:ed:8c,2026-05-25 16:05:11+00,on,31.777294158935547,72.51697540283203,0,0
dc:b4:d9:13:ed:8c,2026-05-25 16:05:16+00,on,31.747920989990234,72.56275177001953,0,0
dc:b4:d9:13:ed:8c,2026-05-25 16:05:21+00,on,31.747920989990234,72.54138946533203,0,0
dc:b4:d9:13:ed:8c,2026-05-25 16:05:26+00,on,31.777294158935547,72.6008987426758,0,0
dc:b4:d9:13:ed:8c,2026-05-25 16:05:31+00,on,31.747920989990234,72.55359649658203,0,0
dc:b4:d9:13:ed:8c,2026-05-25 16:05:36+00,on,31.747920989990234,72.5856399536133,0,0
dc:b4:d9:13:ed:8c,2026-05-25 16:05:42+00,on,31.747920989990234,72.61463165283203,0,0
dc:b4:d9:13:ed:8c,2026-05-25 16:05:47+00,on,31.734569549560547,72.6131057739258,0,0
dc:b4:d9:13:ed:8c,2026-05-25 16:05:52+00,on,31.76394271850586,72.6497268676758,0,0
dc:b4:d9:13:ed:8c,2026-05-25 16:05:57+00,on,31.747920989990234,72.61463165283203,0,0
dc:b4:d9:13:ed:8c,2026-05-25 16:06:02+00,on,31.734569549560547,72.63294219970703,0,0
dc:b4:d9:13:ed:8c,2026-05-25 16:06:07+00,on,31.734569549560547,72.6649856567383,0,0
dc:b4:d9:13:ed:8c,2026-05-25 16:06:12+00,on,31.747920989990234,72.68787384033203,0,0
dc:b4:d9:13:ed:8c,2026-05-25 16:06:17+00,on,31.747920989990234,72.67871856689453,0,0
dc:b4:d9:13:ed:8c,2026-05-25 16:06:22+00,on,31.747920989990234,72.6680374145508,0,0
dc:b4:d9:13:ed:8c,2026-05-25 16:06:27+00,on,31.734569549560547,72.65430450439453,0,0
dc:b4:d9:13:ed:8c,2026-05-25 16:06:32+00,on,31.747920989990234,72.68787384033203,0,0
dc:b4:d9:13:ed:8c,2026-05-25 16:06:37+00,on,31.734569549560547,72.7290725708008,0,0
dc:b4:d9:13:ed:8c,2026-05-25 16:06:42+00,on,31.72121810913086,72.71533966064453,0,0
dc:b4:d9:13:ed:8c,2026-05-25 16:06:47+00,on,31.734569549560547,72.76112365722656,0,0
dc:b4:d9:13:ed:8c,2026-05-25 16:06:52+00,on,31.734569549560547,72.76112365722656,0,0
dc:b4:d9:13:ed:8c,2026-05-25 16:06:57+00,on,31.747920989990234,72.75196838378906,0,0
dc:b4:d9:13:ed:8c,2026-05-25 16:07:03+00,on,31.76394271850586,72.73670196533203,0,0
dc:b4:d9:13:ed:8c,2026-05-25 16:07:08+00,on,31.734569549560547,72.7382278442383,0,0
dc:b4:d9:13:ed:8c,2026-05-25 16:07:13+00,on,31.72121810913086,72.74585723876953,0,0
dc:b4:d9:13:ed:8c,2026-05-25 16:07:18+00,on,31.734569549560547,72.69702911376953,0,0
dc:b4:d9:13:ed:8c,2026-05-25 16:07:23+00,on,31.747920989990234,72.7412796020508,0,0
dc:b4:d9:13:ed:8c,2026-05-25 16:07:28+00,on,31.76394271850586,72.7138137817383,0,0
dc:b4:d9:13:ed:8c,2026-05-25 16:07:33+00,on,31.790645599365234,72.69702911376953,0,0
dc:b4:d9:13:ed:8c,2026-05-25 16:07:38+00,on,31.777294158935547,72.65430450439453,0,0
dc:b4:d9:13:ed:8c,2026-05-25 16:07:43+00,on,31.803997039794922,72.7107620239258,0,0
dc:b4:d9:13:ed:8c,2026-05-25 16:07:48+00,on,31.76394271850586,72.66040802001953,0,0
dc:b4:d9:13:ed:8c,2026-05-25 16:07:53+00,on,31.777294158935547,72.6955032348633,0,0
dc:b4:d9:13:ed:8c,2026-05-25 16:07:58+00,on,31.76394271850586,72.6497268676758,0,0
dc:b4:d9:13:ed:8c,2026-05-25 16:08:03+00,on,31.777294158935547,72.6863479614258,0,0
dc:b4:d9:13:ed:8c,2026-05-25 16:08:08+00,on,31.76394271850586,72.74585723876953,0,0
dc:b4:d9:13:ed:8c,2026-05-25 16:08:13+00,on,31.734569549560547,72.7382278442383,0,0
dc:b4:d9:13:ed:8c,2026-05-25 16:08:18+00,on,31.707866668701172,72.7748565673828,0,0
dc:b4:d9:13:ed:8c,2026-05-25 16:08:23+00,on,31.734569549560547,72.8023223876953,0,0
dc:b4:d9:13:ed:8c,2026-05-25 16:08:29+00,on,31.72121810913086,72.80079650878906,0,0
dc:b4:d9:13:ed:8c,2026-05-25 16:08:34+00,on,31.707866668701172,72.7840118408203,0,0
dc:b4:d9:13:ed:8c,2026-05-25 16:08:39+00,on,31.747920989990234,72.7748565673828,0,0
dc:b4:d9:13:ed:8c,2026-05-25 16:08:44+00,on,31.747920989990234,72.84657287597656,0,0
dc:b4:d9:13:ed:8c,2026-05-25 16:08:49+00,on,31.747920989990234,72.8694610595703,0,0
dc:b4:d9:13:ed:8c,2026-05-25 16:08:54+00,on,31.747920989990234,72.89845275878906,0,0
dc:b4:d9:13:ed:8c,2026-05-25 16:08:59+00,on,31.76394271850586,72.8389434814453,0,0
dc:b4:d9:13:ed:8c,2026-05-25 16:09:04+00,on,31.747920989990234,72.81605529785156,0,0
dc:b4:d9:13:ed:8c,2026-05-25 16:09:09+00,on,31.747920989990234,72.7748565673828,0,0
dc:b4:d9:13:ed:8c,2026-05-25 16:09:14+00,on,31.777294158935547,72.7595977783203,0,0
dc:b4:d9:13:ed:8c,2026-05-25 16:09:19+00,on,31.76394271850586,72.7138137817383,0,0
dc:b4:d9:13:ed:8c,2026-05-25 16:09:24+00,on,31.76394271850586,72.72449493408203,0,0
dc:b4:d9:13:ed:8c,2026-05-25 16:09:29+00,on,31.777294158935547,72.72754669189453,0,0
dc:b4:d9:13:ed:8c,2026-05-25 16:09:34+00,on,31.790645599365234,72.7412796020508,0,0
dc:b4:d9:13:ed:8c,2026-05-25 16:09:39+00,on,31.777294158935547,72.6955032348633,0,0
dc:b4:d9:13:ed:8c,2026-05-25 16:09:44+00,on,31.790645599365234,72.70923614501953,0,0
dc:b4:d9:13:ed:8c,2026-05-25 16:09:49+00,on,31.747920989990234,72.7107620239258,0,0
dc:b4:d9:13:ed:8c,2026-05-25 16:09:55+00,on,31.777294158935547,72.7382278442383,0,0
dc:b4:d9:13:ed:8c,2026-05-25 16:10:00+00,on,31.790645599365234,72.76112365722656,0,0
dc:b4:d9:13:ed:8c,2026-05-25 16:10:05+00,on,31.777294158935547,72.7382278442383,0,0
dc:b4:d9:13:ed:8c,2026-05-25 16:10:10+00,on,31.747920989990234,72.7931671142578,0,0
dc:b4:d9:13:ed:8c,2026-05-25 16:10:15+00,on,31.803997039794922,72.7748565673828,0,0
dc:b4:d9:13:ed:8c,2026-05-25 16:10:20+00,on,31.790645599365234,72.7504425048828,0,0
dc:b4:d9:13:ed:8c,2026-05-25 16:10:25+00,on,31.790645599365234,72.7321243286133,0,0
dc:b4:d9:13:ed:8c,2026-05-25 16:10:30+00,on,31.82002067565918,72.64209747314453,0,0
dc:b4:d9:13:ed:8c,2026-05-25 16:10:35+00,on,31.82002067565918,72.65125274658203,0,0
dc:b4:d9:13:ed:8c,2026-05-25 16:10:40+00,on,31.833372116088867,72.6771926879883,0,0
dc:b4:d9:13:ed:8c,2026-05-25 16:10:45+00,on,31.82002067565918,72.66345977783203,0,0
dc:b4:d9:13:ed:8c,2026-05-25 16:10:50+00,on,31.82002067565918,72.65125274658203,0,0
dc:b4:d9:13:ed:8c,2026-05-25 16:10:55+00,on,31.82002067565918,72.6314163208008,0,0
dc:b4:d9:13:ed:8c,2026-05-25 16:11:00+00,on,31.82002067565918,72.6314163208008,0,0
dc:b4:d9:13:ed:8c,2026-05-25 16:11:05+00,on,31.833372116088867,72.6131057739258,0,0
dc:b4:d9:13:ed:8c,2026-05-25 16:11:10+00,on,31.803997039794922,72.68177032470703,0,0
dc:b4:d9:13:ed:8c,2026-05-25 16:11:16+00,on,31.790645599365234,72.7412796020508,0,0
dc:b4:d9:13:ed:8c,2026-05-25 16:11:21+00,on,31.790645599365234,72.7412796020508,0,0
dc:b4:d9:13:ed:8c,2026-05-25 16:11:26+00,on,31.790645599365234,72.7412796020508,0,0
dc:b4:d9:13:ed:8c,2026-05-25 16:11:31+00,on,31.777294158935547,72.7473831176758,0,0
dc:b4:d9:13:ed:8c,2026-05-25 16:11:36+00,on,31.76394271850586,72.7870635986328,0,0
dc:b4:d9:13:ed:8c,2026-05-25 16:11:41+00,on,31.747920989990234,72.8053741455078,0,0
dc:b4:d9:13:ed:8c,2026-05-25 16:11:46+00,on,31.790645599365234,72.84657287597656,0,0
dc:b4:d9:13:ed:8c,2026-05-25 16:11:51+00,on,31.72121810913086,72.8297882080078,0,0
dc:b4:d9:13:ed:8c,2026-05-25 16:11:56+00,on,31.76394271850586,72.8297882080078,0,0
dc:b4:d9:13:ed:8c,2026-05-25 16:12:01+00,on,31.747920989990234,72.81605529785156,0,0
dc:b4:d9:13:ed:8c,2026-05-25 16:12:06+00,on,31.76394271850586,72.79774475097656,0,0
dc:b4:d9:13:ed:8c,2026-05-25 16:12:11+00,on,31.76394271850586,72.80995178222656,0,0
dc:b4:d9:13:ed:8c,2026-05-25 16:12:16+00,on,31.734569549560547,72.79164123535156,0,0
dc:b4:d9:13:ed:8c,2026-05-25 16:12:21+00,on,31.747920989990234,72.7931671142578,0,0
dc:b4:d9:13:ed:8c,2026-05-25 16:12:26+00,on,31.777294158935547,72.78858947753906,0,0
dc:b4:d9:13:ed:8c,2026-05-25 16:12:31+00,on,31.76394271850586,72.80995178222656,0,0
dc:b4:d9:13:ed:8c,2026-05-25 16:12:36+00,on,31.803997039794922,72.76417541503906,0,0
dc:b4:d9:13:ed:8c,2026-05-25 16:12:42+00,on,31.777294158935547,72.7473831176758,0,0
dc:b4:d9:13:ed:8c,2026-05-25 16:12:47+00,on,31.790645599365234,72.7412796020508,0,0
dc:b4:d9:13:ed:8c,2026-05-25 16:12:52+00,on,31.790645599365234,72.7321243286133,0,0
dc:b4:d9:13:ed:8c,2026-05-25 16:12:57+00,on,31.790645599365234,72.70923614501953,0,0
dc:b4:d9:13:ed:8c,2026-05-25 16:13:02+00,on,31.790645599365234,72.69702911376953,0,0
dc:b4:d9:13:ed:8c,2026-05-25 16:13:07+00,on,31.82002067565918,72.6741409301758,0,0
dc:b4:d9:13:ed:8c,2026-05-25 16:13:12+00,on,31.82002067565918,72.6955032348633,0,0
dc:b4:d9:13:ed:8c,2026-05-25 16:13:17+00,on,31.803997039794922,72.6924514770508,0,0
dc:b4:d9:13:ed:8c,2026-05-25 16:13:22+00,on,31.82002067565918,72.6955032348633,0,0
dc:b4:d9:13:ed:8c,2026-05-25 16:13:27+00,on,31.790645599365234,72.64514923095703,0,0
dc:b4:d9:13:ed:8c,2026-05-25 16:13:32+00,on,31.846723556518555,72.6588821411133,0,0
dc:b4:d9:13:ed:8c,2026-05-25 16:13:37+00,on,31.846723556518555,72.61463165283203,0,0
dc:b4:d9:13:ed:8c,2026-05-25 16:13:42+00,on,31.876096725463867,72.56885528564453,0,0
dc:b4:d9:13:ed:8c,2026-05-25 16:13:47+00,on,31.860074996948242,72.5673294067383,0,0
dc:b4:d9:13:ed:8c,2026-05-25 16:13:52+00,on,31.860074996948242,72.5459671020508,0,0
dc:b4:d9:13:ed:8c,2026-05-25 16:13:57+00,on,31.876096725463867,72.5398635864258,0,0
dc:b4:d9:13:ed:8c,2026-05-25 16:14:02+00,on,31.876096725463867,72.5185012817383,0,0
dc:b4:d9:13:ed:8c,2026-05-25 16:14:08+00,on,31.860074996948242,72.4818801879883,0,0
dc:b4:d9:13:ed:8c,2026-05-25 16:14:13+00,on,31.876096725463867,72.49561309814453,0,0
dc:b4:d9:13:ed:8c,2026-05-25 16:14:18+00,on,31.860074996948242,72.47119903564453,0,0
dc:b4:d9:13:ed:8c,2026-05-25 16:14:23+00,on,31.889448165893555,72.47730255126953,0,0
dc:b4:d9:13:ed:8c,2026-05-25 16:14:28+00,on,31.860074996948242,72.5032424926758,0,0
dc:b4:d9:13:ed:8c,2026-05-25 16:14:33+00,on,31.860074996948242,72.4818801879883,0,0
dc:b4:d9:13:ed:8c,2026-05-25 16:14:38+00,on,31.876096725463867,72.5276565551758,0,0
dc:b4:d9:13:ed:8c,2026-05-25 16:14:43+00,on,31.860074996948242,72.5032424926758,0,0
dc:b4:d9:13:ed:8c,2026-05-25 16:14:48+00,on,31.846723556518555,72.5123977661133,0,0
dc:b4:d9:13:ed:8c,2026-05-25 16:14:53+00,on,31.889448165893555,72.5215530395508,0,0
dc:b4:d9:13:ed:8c,2026-05-25 16:14:58+00,on,31.889448165893555,72.5307083129883,0,0
dc:b4:d9:13:ed:8c,2026-05-25 16:15:03+00,on,31.902799606323242,72.52307891845703,0,0
dc:b4:d9:13:ed:8c,2026-05-25 16:15:08+00,on,31.91615104675293,72.6008987426758,0,0
dc:b4:d9:13:ed:8c,2026-05-25 16:15:13+00,on,31.945526123046875,72.55359649658203,0,0
dc:b4:d9:13:ed:8c,2026-05-25 16:15:18+00,on,31.932172775268555,72.55054473876953,0,0
dc:b4:d9:13:ed:8c,2026-05-25 16:15:23+00,on,31.958877563476562,72.58716583251953,0,0
dc:b4:d9:13:ed:8c,2026-05-25 16:15:28+00,on,31.945526123046875,72.5856399536133,0,0
dc:b4:d9:13:ed:8c,2026-05-25 16:15:34+00,on,31.932172775268555,72.6558303833008,0,0
dc:b4:d9:13:ed:8c,2026-05-25 16:15:39+00,on,31.91615104675293,72.59021759033203,0,0
dc:b4:d9:13:ed:8c,2026-05-25 16:15:44+00,on,31.945526123046875,72.59632110595703,0,0
dc:b4:d9:13:ed:8c,2026-05-25 16:15:49+00,on,31.945526123046875,72.5001907348633,0,0
dc:b4:d9:13:ed:8c,2026-05-25 16:15:54+00,on,31.945526123046875,72.48950958251953,0,0
dc:b4:d9:13:ed:8c,2026-05-25 16:15:59+00,on,31.958877563476562,72.46204376220703,0,0
dc:b4:d9:13:ed:8c,2026-05-25 16:16:04+00,on,31.97222900390625,72.4635696411133,0,0
dc:b4:d9:13:ed:8c,2026-05-25 16:16:09+00,on,31.958877563476562,72.44068145751953,0,0
dc:b4:d9:13:ed:8c,2026-05-25 16:16:14+00,on,32.00160217285156,72.45899200439453,0,0
dc:b4:d9:13:ed:8c,2026-05-25 16:16:19+00,on,31.97222900390625,72.4116897583008,0,0
dc:b4:d9:13:ed:8c,2026-05-25 16:16:24+00,on,32.00160217285156,72.4300003051758,0,0
dc:b4:d9:13:ed:8c,2026-05-25 16:16:29+00,on,31.97222900390625,72.4116897583008,0,0
dc:b4:d9:13:ed:8c,2026-05-25 16:16:34+00,on,32.01762390136719,72.4025344848633,0,0
dc:b4:d9:13:ed:8c,2026-05-25 16:16:39+00,on,32.00160217285156,72.3537063598633,0,0
dc:b4:d9:13:ed:8c,2026-05-25 16:16:44+00,on,32.00160217285156,72.40711212158203,0,0
dc:b4:d9:13:ed:8c,2026-05-25 16:16:49+00,on,32.0469970703125,72.40711212158203,0,0
dc:b4:d9:13:ed:8c,2026-05-25 16:16:55+00,on,32.030975341796875,72.3720169067383,0,0
dc:b4:d9:13:ed:8c,2026-05-25 16:17:00+00,on,32.0469970703125,72.4391555786133,0,0
dc:b4:d9:13:ed:8c,2026-05-25 16:17:05+00,on,32.0469970703125,72.47119903564453,0,0
dc:b4:d9:13:ed:8c,2026-05-25 16:17:10+00,on,32.0469970703125,72.47119903564453,0,0
dc:b4:d9:13:ed:8c,2026-05-25 16:17:15+00,on,32.030975341796875,72.48950958251953,0,0
dc:b4:d9:13:ed:8c,2026-05-25 16:17:20+00,on,32.073699951171875,72.55054473876953,0,0
dc:b4:d9:13:ed:8c,2026-05-25 16:17:25+00,on,32.10307312011719,72.58716583251953,0,0
dc:b4:d9:13:ed:8c,2026-05-25 16:17:30+00,on,32.073699951171875,72.5276565551758,0,0
dc:b4:d9:13:ed:8c,2026-05-25 16:17:35+00,on,32.08705139160156,72.54138946533203,0,0
dc:b4:d9:13:ed:8c,2026-05-25 16:17:40+00,on,32.073699951171875,72.6039505004883,0,0
dc:b4:d9:13:ed:8c,2026-05-25 16:17:45+00,on,32.073699951171875,72.6131057739258,0,0
dc:b4:d9:13:ed:8c,2026-05-25 16:17:50+00,on,32.08705139160156,72.61463165283203,0,0
dc:b4:d9:13:ed:8c,2026-05-25 16:17:55+00,on,32.10307312011719,72.5673294067383,0,0
dc:b4:d9:13:ed:8c,2026-05-25 16:18:00+00,on,32.08705139160156,72.5642776489258,0,0
dc:b4:d9:13:ed:8c,2026-05-25 16:18:05+00,on,32.10307312011719,72.6314163208008,0,0
dc:b4:d9:13:ed:8c,2026-05-25 16:18:10+00,on,32.10307312011719,72.7046585083008,0,0
dc:b4:d9:13:ed:8c,2026-05-25 16:18:15+00,on,32.116424560546875,72.70618438720703,0,0
dc:b4:d9:13:ed:8c,2026-05-25 16:18:21+00,on,32.12977981567383,72.7321243286133,0,0
dc:b4:d9:13:ed:8c,2026-05-25 16:18:26+00,on,32.143131256103516,72.7229690551758,0,0
dc:b4:d9:13:ed:8c,2026-05-25 16:18:31+00,on,32.116424560546875,72.69702911376953,0,0
dc:b4:d9:13:ed:8c,2026-05-25 16:18:36+00,on,32.12977981567383,72.6466751098633,0,0
dc:b4:d9:13:ed:8c,2026-05-25 16:18:41+00,on,32.12977981567383,72.6588821411133,0,0
dc:b4:d9:13:ed:8c,2026-05-25 16:18:46+00,on,32.12977981567383,72.6466751098633,0,0
dc:b4:d9:13:ed:8c,2026-05-25 16:18:51+00,on,32.143131256103516,72.7657012939453,0,0
dc:b4:d9:13:ed:8c,2026-05-25 16:18:56+00,on,32.116424560546875,72.8236846923828,0,0
dc:b4:d9:13:ed:8c,2026-05-25 16:19:01+00,on,32.143131256103516,72.87098693847656,0,0
dc:b4:d9:13:ed:8c,2026-05-25 16:19:06+00,on,32.12977981567383,72.8786163330078,0,0
dc:b4:d9:13:ed:8c,2026-05-25 16:19:11+00,on,32.15915298461914,72.87403869628906,0,0
dc:b4:d9:13:ed:8c,2026-05-25 16:19:16+00,on,32.143131256103516,72.81910705566406,0,0
dc:b4:d9:13:ed:8c,2026-05-25 16:19:21+00,on,32.12977981567383,72.7412796020508,0,0
dc:b4:d9:13:ed:8c,2026-05-25 16:19:26+00,on,32.143131256103516,72.7138137817383,0,0
dc:b4:d9:13:ed:8c,2026-05-25 16:19:31+00,on,32.143131256103516,72.7657012939453,0,0
dc:b4:d9:13:ed:8c,2026-05-25 16:19:36+00,on,32.15915298461914,72.71839141845703,0,0
dc:b4:d9:13:ed:8c,2026-05-25 16:19:41+00,on,32.143131256103516,72.7229690551758,0,0
dc:b4:d9:13:ed:8c,2026-05-25 16:19:47+00,on,32.15915298461914,72.66345977783203,0,0
dc:b4:d9:13:ed:8c,2026-05-25 16:19:52+00,on,32.15915298461914,72.6741409301758,0,0
dc:b4:d9:13:ed:8c,2026-05-25 16:19:57+00,on,32.15915298461914,72.65430450439453,0,0
dc:b4:d9:13:ed:8c,2026-05-25 16:20:02+00,on,32.143131256103516,72.60852813720703,0,0
dc:b4:d9:13:ed:8c,2026-05-25 16:20:07+00,on,32.143131256103516,72.6283645629883,0,0
dc:b4:d9:13:ed:8c,2026-05-25 16:20:12+00,on,32.17250442504883,72.63294219970703,0,0
dc:b4:d9:13:ed:8c,2026-05-25 16:20:17+00,on,32.17250442504883,72.68787384033203,0,0
dc:b4:d9:13:ed:8c,2026-05-25 16:20:22+00,on,32.185855865478516,72.7016067504883,0,0
dc:b4:d9:13:ed:8c,2026-05-25 16:20:27+00,on,32.185855865478516,72.7107620239258,0,0
dc:b4:d9:13:ed:8c,2026-05-25 16:20:32+00,on,32.1992073059082,72.72449493408203,0,0
dc:b4:d9:13:ed:8c,2026-05-25 16:20:37+00,on,32.185855865478516,72.7748565673828,0,0
dc:b4:d9:13:ed:8c,2026-05-25 16:20:42+00,on,32.15915298461914,72.6955032348633,0,0
dc:b4:d9:13:ed:8c,2026-05-25 16:20:47+00,on,32.143131256103516,72.74585723876953,0,0
dc:b4:d9:13:ed:8c,2026-05-25 16:20:52+00,on,32.17250442504883,72.7931671142578,0,0
dc:b4:d9:13:ed:8c,2026-05-25 16:20:57+00,on,32.185855865478516,72.81910705566406,0,0
dc:b4:d9:13:ed:8c,2026-05-25 16:21:02+00,on,32.17250442504883,72.78248596191406,0,0
dc:b4:d9:13:ed:8c,2026-05-25 16:21:08+00,on,32.185855865478516,72.82826232910156,0,0
dc:b4:d9:13:ed:8c,2026-05-25 16:21:13+00,on,32.17250442504883,72.78248596191406,0,0
dc:b4:d9:13:ed:8c,2026-05-25 16:21:18+00,on,32.1992073059082,72.78858947753906,0,0
dc:b4:d9:13:ed:8c,2026-05-25 16:21:23+00,on,32.185855865478516,72.80690002441406,0,0
dc:b4:d9:13:ed:8c,2026-05-25 16:21:28+00,on,32.17250442504883,72.82521057128906,0,0
dc:b4:d9:13:ed:8c,2026-05-25 16:21:33+00,on,32.185855865478516,72.82826232910156,0,0
dc:b4:d9:13:ed:8c,2026-05-25 16:21:38+00,on,32.185855865478516,72.83741760253906,0,0
dc:b4:d9:13:ed:8c,2026-05-25 16:21:43+00,on,32.1992073059082,72.79774475097656,0,0
dc:b4:d9:13:ed:8c,2026-05-25 16:21:48+00,on,32.21522903442383,72.83436584472656,0,0
dc:b4:d9:13:ed:8c,2026-05-25 16:21:53+00,on,32.228580474853516,72.8389434814453,0,0
dc:b4:d9:13:ed:8c,2026-05-25 16:21:58+00,on,32.228580474853516,72.8389434814453,0,0
dc:b4:d9:13:ed:8c,2026-05-25 16:22:03+00,on,32.21522903442383,72.85572814941406,0,0
dc:b4:d9:13:ed:8c,2026-05-25 16:22:08+00,on,32.2419319152832,72.81910705566406,0,0
dc:b4:d9:13:ed:8c,2026-05-25 16:22:13+00,on,32.228580474853516,72.8480987548828,0,0
dc:b4:d9:13:ed:8c,2026-05-25 16:22:18+00,on,32.21522903442383,72.83436584472656,0,0
dc:b4:d9:13:ed:8c,2026-05-25 16:22:23+00,on,32.271305084228516,72.82521057128906,0,0
dc:b4:d9:13:ed:8c,2026-05-25 16:22:28+00,on,32.271305084228516,72.8572540283203,0,0
dc:b4:d9:13:ed:8c,2026-05-25 16:22:34+00,on,32.2419319152832,72.9030303955078,0,0
dc:b4:d9:13:ed:8c,2026-05-25 16:22:39+00,on,32.271305084228516,73.0037384033203,0,0
dc:b4:d9:13:ed:8c,2026-05-25 16:22:44+00,on,32.2552833557129,73.07545471191406,0,0
dc:b4:d9:13:ed:8c,2026-05-25 16:22:49+00,on,32.2846565246582,73.0067901611328,0,0
dc:b4:d9:13:ed:8c,2026-05-25 16:22:54+00,on,32.271305084228516,72.96253967285156,0,0
dc:b4:d9:13:ed:8c,2026-05-25 16:22:59+00,on,32.2980079650879,72.9488067626953,0,0
dc:b4:d9:13:ed:8c,2026-05-25 16:23:04+00,on,32.2846565246582,72.94422912597656,0,0
dc:b4:d9:13:ed:8c,2026-05-25 16:23:09+00,on,32.271305084228516,72.99305725097656,0,0
dc:b4:d9:13:ed:8c,2026-05-25 16:23:14+00,on,32.2552833557129,73.01136779785156,0,0
dc:b4:d9:13:ed:8c,2026-05-25 16:23:19+00,on,32.271305084228516,73.0891876220703,0,0
dc:b4:d9:13:ed:8c,2026-05-25 16:23:24+00,on,32.2980079650879,73.1807403564453,0,0
dc:b4:d9:13:ed:8c,2026-05-25 16:23:29+00,on,32.2846565246582,73.16700744628906,0,0
dc:b4:d9:13:ed:8c,2026-05-25 16:23:34+00,on,32.2846565246582,73.0403594970703,0,0
dc:b4:d9:13:ed:8c,2026-05-25 16:23:39+00,on,32.2980079650879,73.01136779785156,0,0
dc:b4:d9:13:ed:8c,2026-05-25 16:23:44+00,on,32.2980079650879,72.99916076660156,0,0
dc:b4:d9:13:ed:8c,2026-05-25 16:23:49+00,on,32.31135940551758,73.00221252441406,0,0
dc:b4:d9:13:ed:8c,2026-05-25 16:23:54+00,on,32.2846565246582,73.10292053222656,0,0
dc:b4:d9:13:ed:8c,2026-05-25 16:24:00+00,on,32.2980079650879,73.0312042236328,0,0
dc:b4:d9:13:ed:8c,2026-05-25 16:24:05+00,on,32.2980079650879,72.99000549316406,0,0
dc:b4:d9:13:ed:8c,2026-05-25 16:24:10+00,on,32.2846565246582,72.9976348876953,0,0
dc:b4:d9:13:ed:8c,2026-05-25 16:24:15+00,on,32.31135940551758,73.05409240722656,0,0
dc:b4:d9:13:ed:8c,2026-05-25 16:24:20+00,on,32.31135940551758,73.11817932128906,0,0
dc:b4:d9:13:ed:8c,2026-05-25 16:24:25+00,on,32.31135940551758,73.0891876220703,0,0
dc:b4:d9:13:ed:8c,2026-05-25 16:24:30+00,on,32.2980079650879,73.0525665283203,0,0
dc:b4:d9:13:ed:8c,2026-05-25 16:24:35+00,on,32.2846565246582,73.10292053222656,0,0
dc:b4:d9:13:ed:8c,2026-05-25 16:24:40+00,on,32.2552833557129,73.0952911376953,0,0
dc:b4:d9:13:ed:8c,2026-05-25 16:24:45+00,on,32.271305084228516,73.1532745361328,0,0
dc:b4:d9:13:ed:8c,2026-05-25 16:24:50+00,on,32.2846565246582,73.1441192626953,0,0
dc:b4:d9:13:ed:8c,2026-05-25 16:24:55+00,on,32.2846565246582,73.1776885986328,0,0
dc:b4:d9:13:ed:8c,2026-05-25 16:25:00+00,on,32.2552833557129,73.06629943847656,0,0
dc:b4:d9:13:ed:8c,2026-05-25 16:25:05+00,on,32.271305084228516,73.0891876220703,0,0
dc:b4:d9:13:ed:8c,2026-05-25 16:25:10+00,on,32.2846565246582,73.08155822753906,0,0
dc:b4:d9:13:ed:8c,2026-05-25 16:25:15+00,on,32.2980079650879,73.14869689941406,0,0
dc:b4:d9:13:ed:8c,2026-05-25 16:25:21+00,on,32.2980079650879,73.13954162597656,0,0
dc:b4:d9:13:ed:8c,2026-05-25 16:25:26+00,on,32.2846565246582,73.1441192626953,0,0
dc:b4:d9:13:ed:8c,2026-05-25 16:25:31+00,on,32.2980079650879,73.12733459472656,0,0
dc:b4:d9:13:ed:8c,2026-05-25 16:25:36+00,on,32.31135940551758,73.10902404785156,0,0
dc:b4:d9:13:ed:8c,2026-05-25 16:25:41+00,on,32.31135940551758,73.1410675048828,0,0
dc:b4:d9:13:ed:8c,2026-05-25 16:25:46+00,on,32.31135940551758,73.13038635253906,0,0
dc:b4:d9:13:ed:8c,2026-05-25 16:25:51+00,on,32.324710845947266,73.09986877441406,0,0
dc:b4:d9:13:ed:8c,2026-05-25 16:25:56+00,on,32.35408401489258,73.1593780517578,0,0
dc:b4:d9:13:ed:8c,2026-05-25 16:26:01+00,on,32.3407325744629,73.1258087158203,0,0
dc:b4:d9:13:ed:8c,2026-05-25 16:26:06+00,on,32.35408401489258,73.0983428955078,0,0
dc:b4:d9:13:ed:8c,2026-05-25 16:26:11+00,on,32.367435455322266,73.09071350097656,0,0
dc:b4:d9:13:ed:8c,2026-05-25 16:26:16+00,on,32.396812438964844,73.1074981689453,0,0
dc:b4:d9:13:ed:8c,2026-05-25 16:26:21+00,on,32.35408401489258,73.0220489501953,0,0
dc:b4:d9:13:ed:8c,2026-05-25 16:26:26+00,on,32.367435455322266,73.04798889160156,0,0
dc:b4:d9:13:ed:8c,2026-05-25 16:26:31+00,on,32.35408401489258,73.05714416503906,0,0
dc:b4:d9:13:ed:8c,2026-05-25 16:26:36+00,on,32.35408401489258,73.0983428955078,0,0
dc:b4:d9:13:ed:8c,2026-05-25 16:26:41+00,on,32.367435455322266,73.0800323486328,0,0
dc:b4:d9:13:ed:8c,2026-05-25 16:26:47+00,on,32.3407325744629,73.1044464111328,0,0
dc:b4:d9:13:ed:8c,2026-05-25 16:26:52+00,on,32.35408401489258,73.11817932128906,0,0
dc:b4:d9:13:ed:8c,2026-05-25 16:26:57+00,on,32.367435455322266,73.1441192626953,0,0
dc:b4:d9:13:ed:8c,2026-05-25 16:27:02+00,on,32.3407325744629,73.1685333251953,0,0
dc:b4:d9:13:ed:8c,2026-05-25 16:27:07+00,on,32.38079071044922,73.15785217285156,0,0
dc:b4:d9:13:ed:8c,2026-05-25 16:27:12+00,on,32.367435455322266,73.09071350097656,0,0
dc:b4:d9:13:ed:8c,2026-05-25 16:27:17+00,on,32.367435455322266,73.0800323486328,0,0
dc:b4:d9:13:ed:8c,2026-05-25 16:27:22+00,on,32.367435455322266,73.0678253173828,0,0
dc:b4:d9:13:ed:8c,2026-05-25 16:27:27+00,on,32.38079071044922,73.0495147705078,0,0
dc:b4:d9:13:ed:8c,2026-05-25 16:27:32+00,on,32.38079071044922,73.0495147705078,0,0
dc:b4:d9:13:ed:8c,2026-05-25 16:27:37+00,on,32.396812438964844,73.0861358642578,0,0
dc:b4:d9:13:ed:8c,2026-05-25 16:27:42+00,on,32.38079071044922,73.02967834472656,0,0
dc:b4:d9:13:ed:8c,2026-05-25 16:27:47+00,on,32.38079071044922,73.01747131347656,0,0
dc:b4:d9:13:ed:8c,2026-05-25 16:27:52+00,on,32.396812438964844,73.0434112548828,0,0
dc:b4:d9:13:ed:8c,2026-05-25 16:27:57+00,on,32.35408401489258,73.06629943847656,0,0
dc:b4:d9:13:ed:8c,2026-05-25 16:28:02+00,on,32.35408401489258,73.1074981689453,0,0
dc:b4:d9:13:ed:8c,2026-05-25 16:28:07+00,on,32.367435455322266,73.09986877441406,0,0
dc:b4:d9:13:ed:8c,2026-05-25 16:28:13+00,on,32.367435455322266,73.12123107910156,0,0
dc:b4:d9:13:ed:8c,2026-05-25 16:28:18+00,on,32.396812438964844,73.06629943847656,0,0
dc:b4:d9:13:ed:8c,2026-05-25 16:28:23+00,on,32.38079071044922,73.0617218017578,0,0
dc:b4:d9:13:ed:8c,2026-05-25 16:28:28+00,on,32.41016387939453,73.0037384033203,0,0
dc:b4:d9:13:ed:8c,2026-05-25 16:28:33+00,on,32.38079071044922,72.94422912597656,0,0
dc:b4:d9:13:ed:8c,2026-05-25 16:28:38+00,on,32.4368667602539,72.9793243408203,0,0
dc:b4:d9:13:ed:8c,2026-05-25 16:28:43+00,on,32.396812438964844,72.9488067626953,0,0
dc:b4:d9:13:ed:8c,2026-05-25 16:28:48+00,on,32.41016387939453,72.9518585205078,0,0
dc:b4:d9:13:ed:8c,2026-05-25 16:28:53+00,on,32.42351531982422,73.02662658691406,0,0
dc:b4:d9:13:ed:8c,2026-05-25 16:28:58+00,on,32.4368667602539,73.1044464111328,0,0
dc:b4:d9:13:ed:8c,2026-05-25 16:29:03+00,on,32.41016387939453,73.18226623535156,0,0
dc:b4:d9:13:ed:8c,2026-05-25 16:29:08+00,on,32.4368667602539,73.1258087158203,0,0
dc:b4:d9:13:ed:8c,2026-05-25 16:29:13+00,on,32.45288848876953,73.0769805908203,0,0
dc:b4:d9:13:ed:8c,2026-05-25 16:29:18+00,on,32.45288848876953,72.98390197753906,0,0
dc:b4:d9:13:ed:8c,2026-05-25 16:29:23+00,on,32.42351531982422,72.90150451660156,0,0
dc:b4:d9:13:ed:8c,2026-05-25 16:29:28+00,on,32.42351531982422,72.87098693847656,0,0
dc:b4:d9:13:ed:8c,2026-05-25 16:29:34+00,on,32.4368667602539,72.9152374267578,0,0
dc:b4:d9:13:ed:8c,2026-05-25 16:29:39+00,on,32.4368667602539,72.8847198486328,0,0
dc:b4:d9:13:ed:8c,2026-05-25 16:29:44+00,on,32.4368667602539,72.93507385253906,0,0
dc:b4:d9:13:ed:8c,2026-05-25 16:29:49+00,on,32.4368667602539,72.94728088378906,0,0
dc:b4:d9:13:ed:8c,2026-05-25 16:29:54+00,on,32.46623992919922,73.04798889160156,0,0
dc:b4:d9:13:ed:8c,2026-05-25 16:29:59+00,on,32.45288848876953,73.06629943847656,0,0
dc:b4:d9:13:ed:8c,2026-05-25 16:30:04+00,on,32.4368667602539,73.07545471191406,0,0
dc:b4:d9:13:ed:8c,2026-05-25 16:30:09+00,on,32.41016387939453,73.05714416503906,0,0
dc:b4:d9:13:ed:8c,2026-05-25 16:30:14+00,on,32.45288848876953,73.04493713378906,0,0
dc:b4:d9:13:ed:8c,2026-05-25 16:30:19+00,on,32.45288848876953,72.99305725097656,0,0
dc:b4:d9:13:ed:8c,2026-05-25 16:30:24+00,on,32.42351531982422,72.9121856689453,0,0
dc:b4:d9:13:ed:8c,2026-05-25 16:30:29+00,on,32.46623992919922,72.97474670410156,0,0
dc:b4:d9:13:ed:8c,2026-05-25 16:30:34+00,on,32.45288848876953,72.9396514892578,0,0
dc:b4:d9:13:ed:8c,2026-05-25 16:30:39+00,on,32.45288848876953,72.9304962158203,0,0
dc:b4:d9:13:ed:8c,2026-05-25 16:30:44+00,on,32.4368667602539,72.9671173095703,0,0
dc:b4:d9:13:ed:8c,2026-05-25 16:30:49+00,on,32.4368667602539,72.93507385253906,0,0
dc:b4:d9:13:ed:8c,2026-05-25 16:30:54+00,on,32.4368667602539,72.9884796142578,0,0
dc:b4:d9:13:ed:8c,2026-05-25 16:31:00+00,on,32.45288848876953,73.0251007080078,0,0
dc:b4:d9:13:ed:8c,2026-05-25 16:31:05+00,on,32.46623992919922,73.0708770751953,0,0
dc:b4:d9:13:ed:8c,2026-05-25 16:31:10+00,on,32.46623992919922,73.01747131347656,0,0
dc:b4:d9:13:ed:8c,2026-05-25 16:31:15+00,on,32.4368667602539,73.0525665283203,0,0
dc:b4:d9:13:ed:8c,2026-05-25 16:31:20+00,on,32.4368667602539,73.09376525878906,0,0
dc:b4:d9:13:ed:8c,2026-05-25 16:31:25+00,on,32.45288848876953,73.0861358642578,0,0
dc:b4:d9:13:ed:8c,2026-05-25 16:31:30+00,on,32.45288848876953,73.04493713378906,0,0
dc:b4:d9:13:ed:8c,2026-05-25 16:31:35+00,on,32.482261657714844,73.0403594970703,0,0
dc:b4:d9:13:ed:8c,2026-05-25 16:31:40+00,on,32.4368667602539,73.0312042236328,0,0
dc:b4:d9:13:ed:8c,2026-05-25 16:31:45+00,on,32.482261657714844,73.0403594970703,0,0
dc:b4:d9:13:ed:8c,2026-05-25 16:31:50+00,on,32.482261657714844,73.0617218017578,0,0
dc:b4:d9:13:ed:8c,2026-05-25 16:31:55+00,on,32.46623992919922,73.0586700439453,0,0
dc:b4:d9:13:ed:8c,2026-05-25 16:32:00+00,on,32.45288848876953,73.06629943847656,0,0
dc:b4:d9:13:ed:8c,2026-05-25 16:32:05+00,on,32.46623992919922,73.11207580566406,0,0
dc:b4:d9:13:ed:8c,2026-05-25 16:32:10+00,on,32.49561309814453,73.1593780517578,0,0
dc:b4:d9:13:ed:8c,2026-05-25 16:32:15+00,on,32.482261657714844,73.1990509033203,0,0
dc:b4:d9:13:ed:8c,2026-05-25 16:32:20+00,on,32.482261657714844,73.2738265991211,0,0
dc:b4:d9:13:ed:8c,2026-05-25 16:32:26+00,on,32.49561309814453,73.29671478271484,0,0
dc:b4:d9:13:ed:8c,2026-05-25 16:32:31+00,on,32.49561309814453,73.21278381347656,0,0
dc:b4:d9:13:ed:8c,2026-05-25 16:32:36+00,on,32.49561309814453,73.2448272705078,0,0
dc:b4:d9:13:ed:8c,2026-05-25 16:32:41+00,on,32.49561309814453,73.2646713256836,0,0
dc:b4:d9:13:ed:8c,2026-05-25 16:32:46+00,on,32.482261657714844,73.2951889038086,0,0
dc:b4:d9:13:ed:8c,2026-05-25 16:32:51+00,on,32.46623992919922,73.29061126708984,0,0
dc:b4:d9:13:ed:8c,2026-05-25 16:32:56+00,on,32.482261657714844,73.3043441772461,0,0
dc:b4:d9:13:ed:8c,2026-05-25 16:33:01+00,on,32.46623992919922,73.26924896240234,0,0
dc:b4:d9:13:ed:8c,2026-05-25 16:33:06+00,on,32.46623992919922,73.22804260253906,0,0
dc:b4:d9:13:ed:8c,2026-05-25 16:33:11+00,on,32.482261657714844,73.25093841552734,0,0
dc:b4:d9:13:ed:8c,2026-05-25 16:33:16+00,on,32.46623992919922,73.24940490722656,0,0
dc:b4:d9:13:ed:8c,2026-05-25 16:33:21+00,on,32.49561309814453,73.1593780517578,0,0
dc:b4:d9:13:ed:8c,2026-05-25 16:33:26+00,on,32.511634826660156,73.1410675048828,0,0
dc:b4:d9:13:ed:8c,2026-05-25 16:33:31+00,on,32.49561309814453,73.13648986816406,0,0
dc:b4:d9:13:ed:8c,2026-05-25 16:33:36+00,on,32.482261657714844,73.07240295410156,0,0
dc:b4:d9:13:ed:8c,2026-05-25 16:33:41+00,on,32.46623992919922,73.0891876220703,0,0
dc:b4:d9:13:ed:8c,2026-05-25 16:33:47+00,on,32.49561309814453,73.0434112548828,0,0
dc:b4:d9:13:ed:8c,2026-05-25 16:33:52+00,on,32.482261657714844,72.9976348876953,0,0
dc:b4:d9:13:ed:8c,2026-05-25 16:33:57+00,on,32.511634826660156,73.03883361816406,0,0
dc:b4:d9:13:ed:8c,2026-05-25 16:34:02+00,on,32.482261657714844,73.0617218017578,0,0
dc:b4:d9:13:ed:8c,2026-05-25 16:34:07+00,on,32.482261657714844,73.15785217285156,0,0
dc:b4:d9:13:ed:8c,2026-05-25 16:34:12+00,on,32.511634826660156,73.1319122314453,0,0
dc:b4:d9:13:ed:8c,2026-05-25 16:34:17+00,on,32.45288848876953,73.0983428955078,0,0
dc:b4:d9:13:ed:8c,2026-05-25 16:34:22+00,on,32.45288848876953,73.0983428955078,0,0
dc:b4:d9:13:ed:8c,2026-05-25 16:34:27+00,on,32.46623992919922,73.03578186035156,0,0
dc:b4:d9:13:ed:8c,2026-05-25 16:34:32+00,on,32.482261657714844,72.9976348876953,0,0
dc:b4:d9:13:ed:8c,2026-05-25 16:34:37+00,on,32.45288848876953,73.0342559814453,0,0
dc:b4:d9:13:ed:8c,2026-05-25 16:34:42+00,on,32.42351531982422,73.03883361816406,0,0
dc:b4:d9:13:ed:8c,2026-05-25 16:34:47+00,on,32.45288848876953,73.04493713378906,0,0
dc:b4:d9:13:ed:8c,2026-05-25 16:34:52+00,on,32.4368667602539,73.0525665283203,0,0
dc:b4:d9:13:ed:8c,2026-05-25 16:34:57+00,on,32.4368667602539,73.06324768066406,0,0
dc:b4:d9:13:ed:8c,2026-05-25 16:35:02+00,on,32.4368667602539,73.01136779785156,0,0
dc:b4:d9:13:ed:8c,2026-05-25 16:35:07+00,on,32.4368667602539,72.99916076660156,0,0
dc:b4:d9:13:ed:8c,2026-05-25 16:35:13+00,on,32.45288848876953,73.05714416503906,0,0
dc:b4:d9:13:ed:8c,2026-05-25 16:35:18+00,on,32.45288848876953,73.1624298095703,0,0
dc:b4:d9:13:ed:8c,2026-05-25 16:35:23+00,on,32.4368667602539,73.21278381347656,0,0
dc:b4:d9:13:ed:8c,2026-05-25 16:35:28+00,on,32.46623992919922,73.2082061767578,0,0
dc:b4:d9:13:ed:8c,2026-05-25 16:35:33+00,on,32.4368667602539,73.2417755126953,0,0
dc:b4:d9:13:ed:8c,2026-05-25 16:35:38+00,on,32.46623992919922,73.17616271972656,0,0
dc:b4:d9:13:ed:8c,2026-05-25 16:35:43+00,on,32.46623992919922,73.22804260253906,0,0
dc:b4:d9:13:ed:8c,2026-05-25 16:35:48+00,on,32.45288848876953,73.19447326660156,0,0
dc:b4:d9:13:ed:8c,2026-05-25 16:35:53+00,on,32.4368667602539,73.23109436035156,0,0
dc:b4:d9:13:ed:8c,2026-05-25 16:35:58+00,on,32.4368667602539,73.22193908691406,0,0
dc:b4:d9:13:ed:8c,2026-05-25 16:36:03+00,on,32.45288848876953,73.2768783569336,0,0
dc:b4:d9:13:ed:8c,2026-05-25 16:36:08+00,on,32.4368667602539,73.2417755126953,0,0
dc:b4:d9:13:ed:8c,2026-05-25 16:36:13+00,on,32.46623992919922,73.29061126708984,0,0
dc:b4:d9:13:ed:8c,2026-05-25 16:36:18+00,on,32.46623992919922,73.3012924194336,0,0
dc:b4:d9:13:ed:8c,2026-05-25 16:36:23+00,on,32.4368667602539,73.15785217285156,0,0
dc:b4:d9:13:ed:8c,2026-05-25 16:36:28+00,on,32.45288848876953,73.0769805908203,0,0
dc:b4:d9:13:ed:8c,2026-05-25 16:36:33+00,on,32.45288848876953,73.0861358642578,0,0
dc:b4:d9:13:ed:8c,2026-05-25 16:36:39+00,on,32.42351531982422,73.16700744628906,0,0
dc:b4:d9:13:ed:8c,2026-05-25 16:36:44+00,on,32.41016387939453,73.2265167236328,0,0
dc:b4:d9:13:ed:8c,2026-05-25 16:36:49+00,on,32.42351531982422,73.2921371459961,0,0
dc:b4:d9:13:ed:8c,2026-05-25 16:36:54+00,on,32.396812438964844,73.3287582397461,0,0
dc:b4:d9:13:ed:8c,2026-05-25 16:36:59+00,on,32.4368667602539,73.2829818725586,0,0
dc:b4:d9:13:ed:8c,2026-05-25 16:37:04+00,on,32.42351531982422,73.3134994506836,0,0
dc:b4:d9:13:ed:8c,2026-05-25 16:37:09+00,on,32.45288848876953,73.4050521850586,0,0
dc:b4:d9:13:ed:8c,2026-05-25 16:37:14+00,on,32.42351531982422,73.40962982177734,0,0
dc:b4:d9:13:ed:8c,2026-05-25 16:37:19+00,on,32.4368667602539,73.4843978881836,0,0
dc:b4:d9:13:ed:8c,2026-05-25 16:37:24+00,on,32.42351531982422,73.47066497802734,0,0
dc:b4:d9:13:ed:8c,2026-05-25 16:37:29+00,on,32.46623992919922,73.39742279052734,0,0
dc:b4:d9:13:ed:8c,2026-05-25 16:37:34+00,on,32.45288848876953,73.3409652709961,0,0
dc:b4:d9:13:ed:8c,2026-05-25 16:37:39+00,on,32.482261657714844,73.3684310913086,0,0
dc:b4:d9:13:ed:8c,2026-05-25 16:37:44+00,on,32.482261657714844,73.3684310913086,0,0
dc:b4:d9:13:ed:8c,2026-05-25 16:37:49+00,on,32.46623992919922,73.3134994506836,0,0
dc:b4:d9:13:ed:8c,2026-05-25 16:37:54+00,on,32.46623992919922,73.24940490722656,0,0
dc:b4:d9:13:ed:8c,2026-05-25 16:37:59+00,on,32.42351531982422,73.25093841552734,0,0
dc:b4:d9:13:ed:8c,2026-05-25 16:38:05+00,on,32.42351531982422,73.3562240600586,0,0
dc:b4:d9:13:ed:8c,2026-05-25 16:38:10+00,on,32.45288848876953,73.43709564208984,0,0
dc:b4:d9:13:ed:8c,2026-05-25 16:38:15+00,on,32.4368667602539,73.4020004272461,0,0
dc:b4:d9:13:ed:8c,2026-05-25 16:38:20+00,on,32.41016387939453,73.27840423583984,0,0
dc:b4:d9:13:ed:8c,2026-05-25 16:38:25+00,on,32.41016387939453,73.2677230834961,0,0
dc:b4:d9:13:ed:8c,2026-05-25 16:38:30+00,on,32.396812438964844,73.20362854003906,0,0
dc:b4:d9:13:ed:8c,2026-05-25 16:38:35+00,on,32.396812438964844,73.19142150878906,0,0
dc:b4:d9:13:ed:8c,2026-05-25 16:38:40+00,on,32.396812438964844,73.3592758178711,0,0
dc:b4:d9:13:ed:8c,2026-05-25 16:38:45+00,on,32.41016387939453,73.50118255615234,0,0
dc:b4:d9:13:ed:8c,2026-05-25 16:38:50+00,on,32.38079071044922,73.40047454833984,0,0
dc:b4:d9:13:ed:8c,2026-05-25 16:38:55+00,on,32.38079071044922,73.3653793334961,0,0
dc:b4:d9:13:ed:8c,2026-05-25 16:39:00+00,on,32.396812438964844,73.30892181396484,0,0
dc:b4:d9:13:ed:8c,2026-05-25 16:39:05+00,on,32.396812438964844,73.2860336303711,0,0
dc:b4:d9:13:ed:8c,2026-05-25 16:39:10+00,on,32.38079071044922,73.25093841552734,0,0
dc:b4:d9:13:ed:8c,2026-05-25 16:39:15+00,on,32.38079071044922,73.26009368896484,0,0
dc:b4:d9:13:ed:8c,2026-05-25 16:39:20+00,on,32.367435455322266,73.2265167236328,0,0
dc:b4:d9:13:ed:8c,2026-05-25 16:39:26+00,on,32.367435455322266,73.1959991455078,0,0
dc:b4:d9:13:ed:8c,2026-05-25 16:39:31+00,on,32.396812438964844,73.1807403564453,0,0
dc:b4:d9:13:ed:8c,2026-05-25 16:39:36+00,on,32.396812438964844,73.12733459472656,0,0
dc:b4:d9:13:ed:8c,2026-05-25 16:39:41+00,on,32.396812438964844,73.06629943847656,0,0
dc:b4:d9:13:ed:8c,2026-05-25 16:39:46+00,on,32.41016387939453,73.0678253173828,0,0
dc:b4:d9:13:ed:8c,2026-05-25 16:39:51+00,on,32.396812438964844,73.0952911376953,0,0
dc:b4:d9:13:ed:8c,2026-05-25 16:39:56+00,on,32.35408401489258,73.18226623535156,0,0
dc:b4:d9:13:ed:8c,2026-05-25 16:40:01+00,on,32.38079071044922,73.24024963378906,0,0
dc:b4:d9:13:ed:8c,2026-05-25 16:40:06+00,on,32.367435455322266,73.18531799316406,0,0
dc:b4:d9:13:ed:8c,2026-05-25 16:40:11+00,on,32.38079071044922,73.17616271972656,0,0
dc:b4:d9:13:ed:8c,2026-05-25 16:40:16+00,on,32.35408401489258,73.19142150878906,0,0
dc:b4:d9:13:ed:8c,2026-05-25 16:40:21+00,on,32.3407325744629,73.13648986816406,0,0
dc:b4:d9:13:ed:8c,2026-05-25 16:40:26+00,on,32.367435455322266,73.17311096191406,0,0
dc:b4:d9:13:ed:8c,2026-05-25 16:40:31+00,on,32.35408401489258,73.21278381347656,0,0
dc:b4:d9:13:ed:8c,2026-05-25 16:40:36+00,on,32.35408401489258,73.2555160522461,0,0
dc:b4:d9:13:ed:8c,2026-05-25 16:40:41+00,on,32.35408401489258,73.3409652709961,0,0
dc:b4:d9:13:ed:8c,2026-05-25 16:40:46+00,on,32.3407325744629,73.3684310913086,0,0
dc:b4:d9:13:ed:8c,2026-05-25 16:40:52+00,on,32.3407325744629,73.3684310913086,0,0
dc:b4:d9:13:ed:8c,2026-05-25 16:40:57+00,on,32.324710845947266,73.3775863647461,0,0
dc:b4:d9:13:ed:8c,2026-05-25 16:41:02+00,on,32.31135940551758,73.5423812866211,0,0
dc:b4:d9:13:ed:8c,2026-05-25 16:41:07+00,on,32.3407325744629,73.6858139038086,0,0
dc:b4:d9:13:ed:8c,2026-05-25 16:41:12+00,on,32.35408401489258,73.70870208740234,0,0
dc:b4:d9:13:ed:8c,2026-05-25 16:41:17+00,on,32.3407325744629,73.6430892944336,0,0
dc:b4:d9:13:ed:8c,2026-05-25 16:41:22+00,on,32.3407325744629,73.71785736083984,0,0
dc:b4:d9:13:ed:8c,2026-05-25 16:41:27+00,on,32.35408401489258,73.6888656616211,0,0
dc:b4:d9:13:ed:8c,2026-05-25 16:41:32+00,on,32.35408401489258,73.6980209350586,0,0
dc:b4:d9:13:ed:8c,2026-05-25 16:41:37+00,on,32.35408401489258,73.6034164428711,0,0
dc:b4:d9:13:ed:8c,2026-05-25 16:41:42+00,on,32.3407325744629,73.4935531616211,0,0
dc:b4:d9:13:ed:8c,2026-05-25 16:41:47+00,on,32.3407325744629,73.46456146240234,0,0
dc:b4:d9:13:ed:8c,2026-05-25 16:41:52+00,on,32.35408401489258,73.38216400146484,0,0
dc:b4:d9:13:ed:8c,2026-05-25 16:41:57+00,on,32.38079071044922,73.2951889038086,0,0
dc:b4:d9:13:ed:8c,2026-05-25 16:42:02+00,on,32.38079071044922,73.2951889038086,0,0
dc:b4:d9:13:ed:8c,2026-05-25 16:42:07+00,on,32.38079071044922,73.33638763427734,0,0
dc:b4:d9:13:ed:8c,2026-05-25 16:42:12+00,on,32.38079071044922,73.40047454833984,0,0
dc:b4:d9:13:ed:8c,2026-05-25 16:42:18+00,on,32.41016387939453,73.40657806396484,0,0
dc:b4:d9:13:ed:8c,2026-05-25 16:42:23+00,on,32.38079071044922,73.48287200927734,0,0
dc:b4:d9:13:ed:8c,2026-05-25 16:42:28+00,on,32.396812438964844,73.43404388427734,0,0
dc:b4:d9:13:ed:8c,2026-05-25 16:42:33+00,on,32.396812438964844,73.50728607177734,0,0
dc:b4:d9:13:ed:8c,2026-05-25 16:42:38+00,on,32.38079071044922,73.3775863647461,0,0
dc:b4:d9:13:ed:8c,2026-05-25 16:42:43+00,on,32.38079071044922,73.33638763427734,0,0
dc:b4:d9:13:ed:8c,2026-05-25 16:42:48+00,on,32.38079071044922,73.2829818725586,0,0
dc:b4:d9:13:ed:8c,2026-05-25 16:42:53+00,on,32.396812438964844,73.2768783569336,0,0
dc:b4:d9:13:ed:8c,2026-05-25 16:42:58+00,on,32.41016387939453,73.35469818115234,0,0
dc:b4:d9:13:ed:8c,2026-05-25 16:43:03+00,on,32.367435455322266,73.42794036865234,0,0
dc:b4:d9:13:ed:8c,2026-05-25 16:43:08+00,on,32.396812438964844,73.46456146240234,0,0
dc:b4:d9:13:ed:8c,2026-05-25 16:43:13+00,on,32.42351531982422,73.46150970458984,0,0
dc:b4:d9:13:ed:8c,2026-05-25 16:43:18+00,on,32.42351531982422,73.3562240600586,0,0
dc:b4:d9:13:ed:8c,2026-05-25 16:43:23+00,on,32.396812438964844,73.22193908691406,0,0
dc:b4:d9:13:ed:8c,2026-05-25 16:43:28+00,on,32.41016387939453,73.16395568847656,0,0
dc:b4:d9:13:ed:8c,2026-05-25 16:43:33+00,on,32.42351531982422,73.16700744628906,0,0
dc:b4:d9:13:ed:8c,2026-05-25 16:43:39+00,on,32.41016387939453,73.17311096191406,0,0
dc:b4:d9:13:ed:8c,2026-05-25 16:43:44+00,on,32.396812438964844,73.1166534423828,0,0
dc:b4:d9:13:ed:8c,2026-05-25 16:43:49+00,on,32.396812438964844,73.1074981689453,0,0
dc:b4:d9:13:ed:8c,2026-05-25 16:43:54+00,on,32.41016387939453,73.09986877441406,0,0
dc:b4:d9:13:ed:8c,2026-05-25 16:43:59+00,on,32.38079071044922,73.1136016845703,0,0
dc:b4:d9:13:ed:8c,2026-05-25 16:44:04+00,on,32.38079071044922,73.14564514160156,0,0
dc:b4:d9:13:ed:8c,2026-05-25 16:44:09+00,on,32.396812438964844,73.2768783569336,0,0
dc:b4:d9:13:ed:8c,2026-05-25 16:44:14+00,on,32.396812438964844,73.31807708740234,0,0
dc:b4:d9:13:ed:8c,2026-05-25 16:44:19+00,on,32.396812438964844,73.3928451538086,0,0
dc:b4:d9:13:ed:8c,2026-05-25 16:44:24+00,on,32.396812438964844,73.4233627319336,0,0
dc:b4:d9:13:ed:8c,2026-05-25 16:44:29+00,on,32.41016387939453,73.4599838256836,0,0
dc:b4:d9:13:ed:8c,2026-05-25 16:44:34+00,on,32.42351531982422,73.4416732788086,0,0
dc:b4:d9:13:ed:8c,2026-05-25 16:44:39+00,on,32.396812438964844,73.38216400146484,0,0
dc:b4:d9:13:ed:8c,2026-05-25 16:44:44+00,on,32.41016387939453,73.3836898803711,0,0
dc:b4:d9:13:ed:8c,2026-05-25 16:44:49+00,on,32.42351531982422,73.34554290771484,0,0
dc:b4:d9:13:ed:8c,2026-05-25 16:44:54+00,on,32.41016387939453,73.29976654052734,0,0
dc:b4:d9:13:ed:8c,2026-05-25 16:44:59+00,on,32.396812438964844,73.3287582397461,0,0
dc:b4:d9:13:ed:8c,2026-05-25 16:45:05+00,on,32.41016387939453,73.29061126708984,0,0
dc:b4:d9:13:ed:8c,2026-05-25 16:45:10+00,on,32.42351531982422,73.22804260253906,0,0
dc:b4:d9:13:ed:8c,2026-05-25 16:45:15+00,on,32.396812438964844,73.22193908691406,0,0
dc:b4:d9:13:ed:8c,2026-05-25 16:45:20+00,on,32.42351531982422,73.28145599365234,0,0
dc:b4:d9:13:ed:8c,2026-05-25 16:45:25+00,on,32.41016387939453,73.3318099975586,0,0
dc:b4:d9:13:ed:8c,2026-05-25 16:45:30+00,on,32.41016387939453,73.37300872802734,0,0
dc:b4:d9:13:ed:8c,2026-05-25 16:45:35+00,on,32.4368667602539,73.4203109741211,0,0
dc:b4:d9:13:ed:8c,2026-05-25 16:45:40+00,on,32.4368667602539,73.39131927490234,0,0
dc:b4:d9:13:ed:8c,2026-05-25 16:45:45+00,on,32.42351531982422,73.3134994506836,0,0
dc:b4:d9:13:ed:8c,2026-05-25 16:45:50+00,on,32.4368667602539,73.20057678222656,0,0
dc:b4:d9:13:ed:8c,2026-05-25 16:45:55+00,on,32.4368667602539,73.1898956298828,0,0
dc:b4:d9:13:ed:8c,2026-05-25 16:46:00+00,on,32.42351531982422,73.21888732910156,0,0
dc:b4:d9:13:ed:8c,2026-05-25 16:46:05+00,on,32.4368667602539,73.2646713256836,0,0
dc:b4:d9:13:ed:8c,2026-05-25 16:46:10+00,on,32.42351531982422,73.26924896240234,0,0
dc:b4:d9:13:ed:8c,2026-05-25 16:46:15+00,on,32.4368667602539,73.2951889038086,0,0
dc:b4:d9:13:ed:8c,2026-05-25 16:46:20+00,on,32.41016387939453,73.2677230834961,0,0
dc:b4:d9:13:ed:8c,2026-05-25 16:46:25+00,on,32.42351531982422,73.21888732910156,0,0
dc:b4:d9:13:ed:8c,2026-05-25 16:46:31+00,on,32.4368667602539,73.1898956298828,0,0
dc:b4:d9:13:ed:8c,2026-05-25 16:46:36+00,on,32.396812438964844,73.1166534423828,0,0
dc:b4:d9:13:ed:8c,2026-05-25 16:46:41+00,on,32.41016387939453,73.11817932128906,0,0
dc:b4:d9:13:ed:8c,2026-05-25 16:46:46+00,on,32.396812438964844,73.12733459472656,0,0
dc:b4:d9:13:ed:8c,2026-05-25 16:46:51+00,on,32.38079071044922,73.1349639892578,0,0
dc:b4:d9:13:ed:8c,2026-05-25 16:46:56+00,on,32.396812438964844,73.13954162597656,0,0
dc:b4:d9:13:ed:8c,2026-05-25 16:47:01+00,on,32.42351531982422,73.1319122314453,0,0
dc:b4:d9:13:ed:8c,2026-05-25 16:47:06+00,on,32.42351531982422,73.09071350097656,0,0
dc:b4:d9:13:ed:8c,2026-05-25 16:47:11+00,on,32.41016387939453,73.04493713378906,0,0
dc:b4:d9:13:ed:8c,2026-05-25 16:47:16+00,on,32.42351531982422,73.0617218017578,0,0
dc:b4:d9:13:ed:8c,2026-05-25 16:47:21+00,on,32.41016387939453,73.0769805908203,0,0
dc:b4:d9:13:ed:8c,2026-05-25 16:47:26+00,on,32.41016387939453,73.05714416503906,0,0
dc:b4:d9:13:ed:8c,2026-05-25 16:47:31+00,on,32.396812438964844,73.0861358642578,0,0
dc:b4:d9:13:ed:8c,2026-05-25 16:47:36+00,on,32.38079071044922,73.0403594970703,0,0
dc:b4:d9:13:ed:8c,2026-05-25 16:47:41+00,on,32.396812438964844,73.06629943847656,0,0
dc:b4:d9:13:ed:8c,2026-05-25 16:47:46+00,on,32.396812438964844,73.06629943847656,0,0
dc:b4:d9:13:ed:8c,2026-05-25 16:47:52+00,on,32.41016387939453,73.04493713378906,0,0
dc:b4:d9:13:ed:8c,2026-05-25 16:47:57+00,on,32.396812438964844,72.9488067626953,0,0
dc:b4:d9:13:ed:8c,2026-05-25 16:48:02+00,on,32.41016387939453,72.92897033691406,0,0
dc:b4:d9:13:ed:8c,2026-05-25 16:48:07+00,on,32.41016387939453,72.89845275878906,0,0
dc:b4:d9:13:ed:8c,2026-05-25 16:48:12+00,on,32.35408401489258,72.8847198486328,0,0
dc:b4:d9:13:ed:8c,2026-05-25 16:48:17+00,on,32.38079071044922,72.9152374267578,0,0
dc:b4:d9:13:ed:8c,2026-05-25 16:48:22+00,on,32.38079071044922,72.94422912597656,0,0
dc:b4:d9:13:ed:8c,2026-05-25 16:48:27+00,on,32.367435455322266,72.91981506347656,0,0
dc:b4:d9:13:ed:8c,2026-05-25 16:48:32+00,on,32.35408401489258,72.9396514892578,0,0
dc:b4:d9:13:ed:8c,2026-05-25 16:48:37+00,on,32.35408401489258,72.99305725097656,0,0
dc:b4:d9:13:ed:8c,2026-05-25 16:48:42+00,on,32.35408401489258,72.98085021972656,0,0
dc:b4:d9:13:ed:8c,2026-05-25 16:48:47+00,on,32.396812438964844,72.9610137939453,0,0
dc:b4:d9:13:ed:8c,2026-05-25 16:48:52+00,on,32.367435455322266,72.97169494628906,0,0
dc:b4:d9:13:ed:8c,2026-05-25 16:48:57+00,on,32.35408401489258,72.99305725097656,0,0
dc:b4:d9:13:ed:8c,2026-05-25 16:49:02+00,on,32.38079071044922,72.95643615722656,0,0
dc:b4:d9:13:ed:8c,2026-05-25 16:49:07+00,on,32.35408401489258,72.92897033691406,0,0
dc:b4:d9:13:ed:8c,2026-05-25 16:49:12+00,on,32.38079071044922,72.9152374267578,0,0
dc:b4:d9:13:ed:8c,2026-05-25 16:49:18+00,on,32.367435455322266,72.91981506347656,0,0
dc:b4:d9:13:ed:8c,2026-05-25 16:49:23+00,on,32.38079071044922,72.9152374267578,0,0
dc:b4:d9:13:ed:8c,2026-05-25 16:49:28+00,on,32.38079071044922,72.89234924316406,0,0
dc:b4:d9:13:ed:8c,2026-05-25 16:49:33+00,on,32.41016387939453,72.91065979003906,0,0
dc:b4:d9:13:ed:8c,2026-05-25 16:49:38+00,on,32.41016387939453,72.9396514892578,0,0
dc:b4:d9:13:ed:8c,2026-05-25 16:49:43+00,on,32.396812438964844,72.9060821533203,0,0
dc:b4:d9:13:ed:8c,2026-05-25 16:49:48+00,on,32.38079071044922,72.8511505126953,0,0
dc:b4:d9:13:ed:8c,2026-05-25 16:49:53+00,on,32.41016387939453,72.92897033691406,0,0
dc:b4:d9:13:ed:8c,2026-05-25 16:49:58+00,on,32.38079071044922,72.9243927001953,0,0
dc:b4:d9:13:ed:8c,2026-05-25 16:50:03+00,on,32.396812438964844,72.8755645751953,0,0
dc:b4:d9:13:ed:8c,2026-05-25 16:50:08+00,on,32.367435455322266,72.91065979003906,0,0
dc:b4:d9:13:ed:8c,2026-05-25 16:50:13+00,on,32.38079071044922,72.8603057861328,0,0
dc:b4:d9:13:ed:8c,2026-05-25 16:50:18+00,on,32.38079071044922,72.9152374267578,0,0
dc:b4:d9:13:ed:8c,2026-05-25 16:50:23+00,on,32.41016387939453,72.92897033691406,0,0
dc:b4:d9:13:ed:8c,2026-05-25 16:50:28+00,on,32.41016387939453,72.9518585205078,0,0
dc:b4:d9:13:ed:8c,2026-05-25 16:50:33+00,on,32.38079071044922,72.9030303955078,6.411627769470215,0
dc:b4:d9:13:ed:8c,2026-05-25 16:50:38+00,on,32.38079071044922,72.9762725830078,0,0
dc:b4:d9:13:ed:8c,2026-05-25 16:50:44+00,on,32.4368667602539,72.9884796142578,0,0
dc:b4:d9:13:ed:8c,2026-05-25 16:50:49+00,on,32.41016387939453,73.0251007080078,0,0
dc:b4:d9:13:ed:8c,2026-05-25 16:50:54+00,on,32.396812438964844,73.0434112548828,0,0
dc:b4:d9:13:ed:8c,2026-05-25 16:50:59+00,on,32.38079071044922,73.0617218017578,0,0
dc:b4:d9:13:ed:8c,2026-05-25 16:51:04+00,on,32.396812438964844,73.0128936767578,0,0.0989999771118164
dc:b4:d9:13:ed:8c,2026-05-25 16:51:09+00,on,32.38079071044922,72.89234924316406,0,0
dc:b4:d9:13:ed:8c,2026-05-25 16:51:14+00,on,32.396812438964844,72.8969268798828,0,0
dc:b4:d9:13:ed:8c,2026-05-25 16:51:19+00,on,32.41016387939453,72.9518585205078,0,0
dc:b4:d9:13:ed:8c,2026-05-25 16:51:24+00,on,32.38079071044922,72.9335479736328,6.411627769470215,0.6281567811965942
dc:b4:d9:13:ed:8c,2026-05-25 16:51:29+00,on,32.396812438964844,72.9701690673828,0,0
dc:b4:d9:13:ed:8c,2026-05-25 16:51:34+00,on,32.35408401489258,72.9396514892578,0,0.0989999771118164
dc:b4:d9:13:ed:8c,2026-05-25 16:51:39+00,on,32.38079071044922,72.95643615722656,0,0
dc:b4:d9:13:ed:8c,2026-05-25 16:51:44+00,on,32.3407325744629,73.00831604003906,32.98877716064453,0
dc:b4:d9:13:ed:8c,2026-05-25 16:51:49+00,on,32.38079071044922,73.0495147705078,0,0
dc:b4:d9:13:ed:8c,2026-05-25 16:51:54+00,on,32.367435455322266,73.0067901611328,0,0
dc:b4:d9:13:ed:8c,2026-05-25 16:51:59+00,on,32.35408401489258,72.9488067626953,0,0
dc:b4:d9:13:ed:8c,2026-05-25 16:52:05+00,on,32.367435455322266,72.98390197753906,0,0
dc:b4:d9:13:ed:8c,2026-05-25 16:52:10+00,on,32.367435455322266,72.97169494628906,0,0
dc:b4:d9:13:ed:8c,2026-05-25 16:52:15+00,on,32.38079071044922,73.01747131347656,0,0
dc:b4:d9:13:ed:8c,2026-05-25 16:52:20+00,on,32.38079071044922,72.9762725830078,0,0
dc:b4:d9:13:ed:8c,2026-05-25 16:52:25+00,on,32.367435455322266,72.9945831298828,0,0
dc:b4:d9:13:ed:8c,2026-05-25 16:52:30+00,on,32.38079071044922,73.01747131347656,32.98877716064453,0
dc:b4:d9:13:ed:8c,2026-05-25 16:52:35+00,on,32.367435455322266,73.02662658691406,0,0
dc:b4:d9:13:ed:8c,2026-05-25 16:52:40+00,on,32.396812438964844,73.06629943847656,0,0
dc:b4:d9:13:ed:8c,2026-05-25 16:52:45+00,on,32.396812438964844,73.0434112548828,0,0
dc:b4:d9:13:ed:8c,2026-05-25 16:52:50+00,on,32.41016387939453,73.0769805908203,13.606450080871582,0
dc:b4:d9:13:ed:8c,2026-05-25 16:52:55+00,on,32.42351531982422,73.1136016845703,0,0
dc:b4:d9:13:ed:8c,2026-05-25 16:53:00+00,on,32.41016387939453,73.03578186035156,0,0
dc:b4:d9:13:ed:8c,2026-05-25 16:53:05+00,on,32.396812438964844,73.0220489501953,0,0
dc:b4:d9:13:ed:8c,2026-05-25 16:53:10+00,on,32.41016387939453,72.97474670410156,0,0
dc:b4:d9:13:ed:8c,2026-05-25 16:53:15+00,on,32.396812438964844,72.9793243408203,0,0
dc:b4:d9:13:ed:8c,2026-05-25 16:53:20+00,on,32.41016387939453,73.0251007080078,0,0
dc:b4:d9:13:ed:8c,2026-05-25 16:53:25+00,on,32.41016387939453,73.0159454345703,0,0
dc:b4:d9:13:ed:8c,2026-05-25 16:53:31+00,on,32.41016387939453,73.0891876220703,0,0
dc:b4:d9:13:ed:8c,2026-05-25 16:53:36+00,on,32.42351531982422,73.0708770751953,0,0
dc:b4:d9:13:ed:8c,2026-05-25 16:53:41+00,on,32.4368667602539,73.08460998535156,0,0
dc:b4:d9:13:ed:8c,2026-05-25 16:53:46+00,on,32.4368667602539,73.1258087158203,0,0
dc:b4:d9:13:ed:8c,2026-05-25 16:53:51+00,on,32.396812438964844,73.0861358642578,0,0
dc:b4:d9:13:ed:8c,2026-05-25 16:53:56+00,on,32.42351531982422,73.0800323486328,0,0
dc:b4:d9:13:ed:8c,2026-05-25 16:54:01+00,on,32.4368667602539,73.1166534423828,0,0
dc:b4:d9:13:ed:8c,2026-05-25 16:54:06+00,on,32.45288848876953,73.13954162597656,0,0
dc:b4:d9:13:ed:8c,2026-05-25 16:54:11+00,on,32.482261657714844,73.1868438720703,0,0
dc:b4:d9:13:ed:8c,2026-05-25 16:54:16+00,on,32.46623992919922,73.18531799316406,0,0
dc:b4:d9:13:ed:8c,2026-05-25 16:54:21+00,on,32.49561309814453,73.1593780517578,0,0
dc:b4:d9:13:ed:8c,2026-05-25 16:54:26+00,on,32.46623992919922,73.18531799316406,0,0
dc:b4:d9:13:ed:8c,2026-05-25 16:54:31+00,on,32.46623992919922,73.23719787597656,0,0
dc:b4:d9:13:ed:8c,2026-05-25 16:54:36+00,on,32.46623992919922,73.2173614501953,0,0
dc:b4:d9:13:ed:8c,2026-05-25 16:54:41+00,on,32.45288848876953,73.1624298095703,0,0
dc:b4:d9:13:ed:8c,2026-05-25 16:54:46+00,on,32.46623992919922,73.11207580566406,0,0
dc:b4:d9:13:ed:8c,2026-05-25 16:54:51+00,on,32.49561309814453,73.11817932128906,0,0
dc:b4:d9:13:ed:8c,2026-05-25 16:54:57+00,on,32.45288848876953,73.0769805908203,0,0
dc:b4:d9:13:ed:8c,2026-05-25 16:55:02+00,on,32.482261657714844,73.0617218017578,0,0
dc:b4:d9:13:ed:8c,2026-05-25 16:55:07+00,on,32.482261657714844,73.0495147705078,0,0
dc:b4:d9:13:ed:8c,2026-05-25 16:55:12+00,on,32.46623992919922,73.02662658691406,0,0
dc:b4:d9:13:ed:8c,2026-05-25 16:55:17+00,on,32.482261657714844,73.07240295410156,0,0
dc:b4:d9:13:ed:8c,2026-05-25 16:55:22+00,on,32.49561309814453,73.0952911376953,0,0
dc:b4:d9:13:ed:8c,2026-05-25 16:55:27+00,on,32.49561309814453,73.07545471191406,0,0
dc:b4:d9:13:ed:8c,2026-05-25 16:55:32+00,on,32.49561309814453,73.06629943847656,0,0
dc:b4:d9:13:ed:8c,2026-05-25 16:55:37+00,on,32.511634826660156,73.0800323486328,0,0
dc:b4:d9:13:ed:8c,2026-05-25 16:55:42+00,on,32.49561309814453,73.00221252441406,0,0
dc:b4:d9:13:ed:8c,2026-05-25 16:55:47+00,on,32.49561309814453,72.94728088378906,0,0
dc:b4:d9:13:ed:8c,2026-05-25 16:55:52+00,on,32.482261657714844,72.93507385253906,0,0
dc:b4:d9:13:ed:8c,2026-05-25 16:55:57+00,on,32.46623992919922,72.9335479736328,0,0
dc:b4:d9:13:ed:8c,2026-05-25 16:56:02+00,on,32.482261657714844,72.9671173095703,0,0
dc:b4:d9:13:ed:8c,2026-05-25 16:56:07+00,on,32.49561309814453,73.00221252441406,0,0
dc:b4:d9:13:ed:8c,2026-05-25 16:56:12+00,on,32.511634826660156,73.0678253173828,0,0
dc:b4:d9:13:ed:8c,2026-05-25 16:56:18+00,on,32.49561309814453,73.0952911376953,0,0
dc:b4:d9:13:ed:8c,2026-05-25 16:56:23+00,on,32.511634826660156,73.0678253173828,0,0
dc:b4:d9:13:ed:8c,2026-05-25 16:56:28+00,on,32.482261657714844,72.9884796142578,0,0
dc:b4:d9:13:ed:8c,2026-05-25 16:56:33+00,on,32.511634826660156,72.9518585205078,0,0
dc:b4:d9:13:ed:8c,2026-05-25 16:56:38+00,on,32.482261657714844,72.8938751220703,0,0
dc:b4:d9:13:ed:8c,2026-05-25 16:56:43+00,on,32.49561309814453,72.9060821533203,0,0
dc:b4:d9:13:ed:8c,2026-05-25 16:56:48+00,on,32.482261657714844,72.9793243408203,0,0
dc:b4:d9:13:ed:8c,2026-05-25 16:56:53+00,on,32.482261657714844,72.95643615722656,0,0
dc:b4:d9:13:ed:8c,2026-05-25 16:56:58+00,on,32.482261657714844,72.9152374267578,0,0
dc:b4:d9:13:ed:8c,2026-05-25 16:57:03+00,on,32.482261657714844,72.88319396972656,0,0
dc:b4:d9:13:ed:8c,2026-05-25 16:57:08+00,on,32.49561309814453,72.91676330566406,0,0
dc:b4:d9:13:ed:8c,2026-05-25 16:57:13+00,on,32.46623992919922,72.9427032470703,0,0
dc:b4:d9:13:ed:8c,2026-05-25 16:57:18+00,on,32.482261657714844,72.94422912597656,0,0
dc:b4:d9:13:ed:8c,2026-05-25 16:57:23+00,on,32.46623992919922,72.9427032470703,0,0
dc:b4:d9:13:ed:8c,2026-05-25 16:57:28+00,on,32.45288848876953,72.99305725097656,0,0
dc:b4:d9:13:ed:8c,2026-05-25 16:57:33+00,on,32.511634826660156,72.9427032470703,0,0
dc:b4:d9:13:ed:8c,2026-05-25 16:57:39+00,on,32.49561309814453,72.8755645751953,0,0
dc:b4:d9:13:ed:8c,2026-05-25 16:57:44+00,on,32.524986267089844,72.7748565673828,0,0
dc:b4:d9:13:ed:8c,2026-05-25 16:57:49+00,on,32.511634826660156,72.77333068847656,0,0
dc:b4:d9:13:ed:8c,2026-05-25 16:57:54+00,on,32.511634826660156,72.7931671142578,0,0
dc:b4:d9:13:ed:8c,2026-05-25 16:57:59+00,on,32.53833770751953,72.7779083251953,0,0
dc:b4:d9:13:ed:8c,2026-05-25 16:58:04+00,on,32.49561309814453,72.77943420410156,0,0
dc:b4:d9:13:ed:8c,2026-05-25 16:58:09+00,on,32.511634826660156,72.77333068847656,0,0
dc:b4:d9:13:ed:8c,2026-05-25 16:58:14+00,on,32.511634826660156,72.70923614501953,0,0
dc:b4:d9:13:ed:8c,2026-05-25 16:58:19+00,on,32.511634826660156,72.6680374145508,0,0
dc:b4:d9:13:ed:8c,2026-05-25 16:58:24+00,on,32.524986267089844,72.6497268676758,0,0
dc:b4:d9:13:ed:8c,2026-05-25 16:58:29+00,on,32.511634826660156,72.6680374145508,0,0
dc:b4:d9:13:ed:8c,2026-05-25 16:58:34+00,on,32.49561309814453,72.66345977783203,0,0
dc:b4:d9:13:ed:8c,2026-05-25 16:58:39+00,on,32.49561309814453,72.6955032348633,0,0
dc:b4:d9:13:ed:8c,2026-05-25 16:58:44+00,on,32.49561309814453,72.80079650878906,0,0
dc:b4:d9:13:ed:8c,2026-05-25 16:58:49+00,on,32.482261657714844,72.72449493408203,0,0
dc:b4:d9:13:ed:8c,2026-05-25 16:58:54+00,on,32.49561309814453,72.7687530517578,0,0
dc:b4:d9:13:ed:8c,2026-05-25 16:58:59+00,on,32.49561309814453,72.8114776611328,0,0
dc:b4:d9:13:ed:8c,2026-05-25 16:59:05+00,on,32.511634826660156,72.8145294189453,0,0
dc:b4:d9:13:ed:8c,2026-05-25 16:59:10+00,on,32.524986267089844,72.8603057861328,0,0
dc:b4:d9:13:ed:8c,2026-05-25 16:59:15+00,on,32.53833770751953,72.78858947753906,0,0
dc:b4:d9:13:ed:8c,2026-05-25 16:59:20+00,on,32.55168914794922,72.78248596191406,0,0
dc:b4:d9:13:ed:8c,2026-05-25 16:59:25+00,on,32.567710876464844,72.81605529785156,0,0
dc:b4:d9:13:ed:8c,2026-05-25 16:59:30+00,on,32.55168914794922,72.77027893066406,0,0
dc:b4:d9:13:ed:8c,2026-05-25 16:59:35+00,on,32.53833770751953,72.6832962036133,0,0
dc:b4:d9:13:ed:8c,2026-05-25 16:59:40+00,on,32.567710876464844,72.7962188720703,0,0
dc:b4:d9:13:ed:8c,2026-05-25 16:59:45+00,on,32.6077651977539,72.8053741455078,0,0
dc:b4:d9:13:ed:8c,2026-05-25 16:59:50+00,on,32.637142181396484,72.71533966064453,0,0
dc:b4:d9:13:ed:8c,2026-05-25 16:59:55+00,on,32.6077651977539,72.64514923095703,0,0
dc:b4:d9:13:ed:8c,2026-05-25 17:00:00+00,on,32.637142181396484,72.6222610473633,0,0
dc:b4:d9:13:ed:8c,2026-05-25 17:00:05+00,on,32.637142181396484,72.5581741333008,0,0
dc:b4:d9:13:ed:8c,2026-05-25 17:00:10+00,on,32.679866790771484,72.4940872192383,0,0
dc:b4:d9:13:ed:8c,2026-05-25 17:00:15+00,on,32.679866790771484,72.5032424926758,0,0
dc:b4:d9:13:ed:8c,2026-05-25 17:00:21+00,on,32.679866790771484,72.4300003051758,0,0
dc:b4:d9:13:ed:8c,2026-05-25 17:00:26+00,on,32.65049362182617,72.4116897583008,0,0
dc:b4:d9:13:ed:8c,2026-05-25 17:00:31+00,on,32.65049362182617,72.3811721801758,0,0
dc:b4:d9:13:ed:8c,2026-05-25 17:00:36+00,on,32.637142181396484,72.39795684814453,0,0
dc:b4:d9:13:ed:8c,2026-05-25 17:00:41+00,on,32.66384506225586,72.39490509033203,0,0
dc:b4:d9:13:ed:8c,2026-05-25 17:00:46+00,on,32.65049362182617,72.3476028442383,0,0
dc:b4:d9:13:ed:8c,2026-05-25 17:00:51+00,on,32.62378692626953,72.39490509033203,0,0
dc:b4:d9:13:ed:8c,2026-05-25 17:00:56+00,on,32.65049362182617,72.3476028442383,0,0
dc:b4:d9:13:ed:8c,2026-05-25 17:01:01+00,on,32.65049362182617,72.35828399658203,0,0
dc:b4:d9:13:ed:8c,2026-05-25 17:01:06+00,on,32.66384506225586,72.36133575439453,0,0
dc:b4:d9:13:ed:8c,2026-05-25 17:01:11+00,on,32.65049362182617,72.3384475708008,0,0
dc:b4:d9:13:ed:8c,2026-05-25 17:01:16+00,on,32.679866790771484,72.39795684814453,0,0
dc:b4:d9:13:ed:8c,2026-05-25 17:01:21+00,on,32.69321823120117,72.3903274536133,0,0
dc:b4:d9:13:ed:8c,2026-05-25 17:01:26+00,on,32.679866790771484,72.38880157470703,0,0
dc:b4:d9:13:ed:8c,2026-05-25 17:01:31+00,on,32.71992111206055,72.45899200439453,0,0
dc:b4:d9:13:ed:8c,2026-05-25 17:01:36+00,on,32.69321823120117,72.5490188598633,0,0
dc:b4:d9:13:ed:8c,2026-05-25 17:01:41+00,on,32.71992111206055,72.4910354614258,0,0
dc:b4:d9:13:ed:8c,2026-05-25 17:01:47+00,on,32.73594284057617,72.49561309814453,0,3.581988573074341
dc:b4:d9:13:ed:8c,2026-05-25 17:01:52+00,on,32.74929428100586,72.5276565551758,0,0
dc:b4:d9:13:ed:8c,2026-05-25 17:01:57+00,on,32.74929428100586,72.6039505004883,0,0
dc:b4:d9:13:ed:8c,2026-05-25 17:02:02+00,on,32.76264572143555,72.5001907348633,0,0
dc:b4:d9:13:ed:8c,2026-05-25 17:02:07+00,on,32.74929428100586,72.64514923095703,0,0
dc:b4:d9:13:ed:8c,2026-05-25 17:02:12+00,on,32.71992111206055,72.6405715942383,13.606450080871582,0
dc:b4:d9:13:ed:8c,2026-05-25 17:02:17+00,on,32.74929428100586,72.5185012817383,0,0
dc:b4:d9:13:ed:8c,2026-05-25 17:02:22+00,on,32.71992111206055,72.4910354614258,0,0
dc:b4:d9:13:ed:8c,2026-05-25 17:02:27+00,on,32.69321823120117,72.35828399658203,0,0
dc:b4:d9:13:ed:8c,2026-05-25 17:02:32+00,on,32.74929428100586,72.4452590942383,0,0
dc:b4:d9:13:ed:8c,2026-05-25 17:02:37+00,on,32.74929428100586,72.37049102783203,0,0
dc:b4:d9:13:ed:8c,2026-05-25 17:02:42+00,on,32.73594284057617,72.37659454345703,0,0
dc:b4:d9:13:ed:8c,2026-05-25 17:02:47+00,on,32.74929428100586,72.4757766723633,0,0
dc:b4:d9:13:ed:8c,2026-05-25 17:02:52+00,on,32.74929428100586,72.49866485595703,0,0.0989999771118164
dc:b4:d9:13:ed:8c,2026-05-25 17:02:57+00,on,32.76264572143555,72.6375198364258,0,0
dc:b4:d9:13:ed:8c,2026-05-25 17:03:02+00,on,32.73594284057617,72.71533966064453,0,0
dc:b4:d9:13:ed:8c,2026-05-25 17:03:07+00,on,32.70656967163086,72.5825881958008,0,0
dc:b4:d9:13:ed:8c,2026-05-25 17:03:13+00,on,32.73594284057617,72.4727249145508,0,0
dc:b4:d9:13:ed:8c,2026-05-25 17:03:18+00,on,32.74929428100586,72.4452590942383,0,0
dc:b4:d9:13:ed:8c,2026-05-25 17:03:23+00,on,32.73594284057617,72.4208450317383,0,0
dc:b4:d9:13:ed:8c,2026-05-25 17:03:28+00,on,32.76264572143555,72.47730255126953,0,0
dc:b4:d9:13:ed:8c,2026-05-25 17:03:33+00,on,32.76264572143555,72.48950958251953,0,0
dc:b4:d9:13:ed:8c,2026-05-25 17:03:38+00,on,32.76264572143555,72.5642776489258,0,0
dc:b4:d9:13:ed:8c,2026-05-25 17:03:43+00,on,32.76264572143555,72.6497268676758,0,0
dc:b4:d9:13:ed:8c,2026-05-25 17:03:48+00,on,32.76264572143555,72.67871856689453,13.606450080871582,0
dc:b4:d9:13:ed:8c,2026-05-25 17:03:53+00,on,32.775997161865234,72.7657012939453,0,0
dc:b4:d9:13:ed:8c,2026-05-25 17:03:58+00,on,32.76264572143555,72.81605529785156,0,0
dc:b4:d9:13:ed:8c,2026-05-25 17:04:03+00,on,32.74929428100586,72.82521057128906,0,0
dc:b4:d9:13:ed:8c,2026-05-25 17:04:08+00,on,32.73594284057617,72.8969268798828,0,0
dc:b4:d9:13:ed:8c,2026-05-25 17:04:13+00,on,32.76264572143555,72.94422912597656,0,0
dc:b4:d9:13:ed:8c,2026-05-25 17:04:18+00,on,32.73594284057617,73.04493713378906,0,0
dc:b4:d9:13:ed:8c,2026-05-25 17:04:23+00,on,32.679866790771484,72.92591857910156,0,0
dc:b4:d9:13:ed:8c,2026-05-25 17:04:28+00,on,32.69321823120117,72.8877716064453,0,0
dc:b4:d9:13:ed:8c,2026-05-25 17:04:34+00,on,32.69321823120117,72.8755645751953,0,0
dc:b4:d9:13:ed:8c,2026-05-25 17:04:39+00,on,32.69321823120117,72.8755645751953,0,0
dc:b4:d9:13:ed:8c,2026-05-25 17:04:44+00,on,32.65049362182617,72.84657287597656,0,0
dc:b4:d9:13:ed:8c,2026-05-25 17:04:49+00,on,32.679866790771484,72.80995178222656,0,0
dc:b4:d9:13:ed:8c,2026-05-25 17:04:54+00,on,32.637142181396484,72.78858947753906,0,0
dc:b4:d9:13:ed:8c,2026-05-25 17:04:59+00,on,32.62378692626953,72.7657012939453,0,0
dc:b4:d9:13:ed:8c,2026-05-25 17:05:04+00,on,32.65049362182617,72.77333068847656,0,0
dc:b4:d9:13:ed:8c,2026-05-25 17:05:09+00,on,32.62378692626953,72.74585723876953,0,0
dc:b4:d9:13:ed:8c,2026-05-25 17:05:14+00,on,32.62378692626953,72.73365020751953,0,0
dc:b4:d9:13:ed:8c,2026-05-25 17:05:19+00,on,32.62378692626953,72.73365020751953,32.98877716064453,0
dc:b4:d9:13:ed:8c,2026-05-25 17:05:24+00,on,32.62378692626953,72.7657012939453,0,0
dc:b4:d9:13:ed:8c,2026-05-25 17:05:29+00,on,32.62378692626953,72.7138137817383,0,0
dc:b4:d9:13:ed:8c,2026-05-25 17:05:34+00,on,32.59441375732422,72.71839141845703,0,0
dc:b4:d9:13:ed:8c,2026-05-25 17:05:39+00,on,32.6077651977539,72.7412796020508,0,0
dc:b4:d9:13:ed:8c,2026-05-25 17:05:44+00,on,32.62378692626953,72.7779083251953,0,0
dc:b4:d9:13:ed:8c,2026-05-25 17:05:49+00,on,32.65049362182617,72.7382278442383,0,0
dc:b4:d9:13:ed:8c,2026-05-25 17:05:54+00,on,32.66384506225586,72.7107620239258,0,0
dc:b4:d9:13:ed:8c,2026-05-25 17:06:00+00,on,32.637142181396484,72.6863479614258,0,0
dc:b4:d9:13:ed:8c,2026-05-25 17:06:05+00,on,32.65049362182617,72.70923614501953,0,0
dc:b4:d9:13:ed:8c,2026-05-25 17:06:10+00,on,32.62378692626953,72.72449493408203,0,0
dc:b4:d9:13:ed:8c,2026-05-25 17:06:15+00,on,32.62378692626953,72.7657012939453,0,0
dc:b4:d9:13:ed:8c,2026-05-25 17:06:20+00,on,32.62378692626953,72.7779083251953,0,0
dc:b4:d9:13:ed:8c,2026-05-25 17:06:25+00,on,32.65049362182617,72.79164123535156,0,0
dc:b4:d9:13:ed:8c,2026-05-25 17:06:30+00,on,32.637142181396484,72.7595977783203,0,0
dc:b4:d9:13:ed:8c,2026-05-25 17:06:35+00,on,32.679866790771484,72.64209747314453,0,0
dc:b4:d9:13:ed:8c,2026-05-25 17:06:40+00,on,32.679866790771484,72.6314163208008,0,0
dc:b4:d9:13:ed:8c,2026-05-25 17:06:45+00,on,32.65049362182617,72.6649856567383,0,0
dc:b4:d9:13:ed:8c,2026-05-25 17:06:50+00,on,32.66384506225586,72.67871856689453,32.98877716064453,0
dc:b4:d9:13:ed:8c,2026-05-25 17:06:55+00,on,32.679866790771484,72.6192092895508,0,0
dc:b4:d9:13:ed:8c,2026-05-25 17:07:00+00,on,32.679866790771484,72.64209747314453,0,0
dc:b4:d9:13:ed:8c,2026-05-25 17:07:05+00,on,32.679866790771484,72.59632110595703,0,0
dc:b4:d9:13:ed:8c,2026-05-25 17:07:10+00,on,32.65049362182617,72.6131057739258,0,0.0989999771118164
dc:b4:d9:13:ed:8c,2026-05-25 17:07:15+00,on,32.66384506225586,72.6466751098633,0,0
dc:b4:d9:13:ed:8c,2026-05-25 17:07:20+00,on,32.679866790771484,72.67261505126953,0,0
dc:b4:d9:13:ed:8c,2026-05-25 17:07:26+00,on,32.69321823120117,72.65430450439453,0,0
dc:b4:d9:13:ed:8c,2026-05-25 17:07:31+00,on,32.679866790771484,72.72449493408203,0,0
dc:b4:d9:13:ed:8c,2026-05-25 17:07:36+00,on,32.65049362182617,72.6771926879883,0,0
dc:b4:d9:13:ed:8c,2026-05-25 17:07:41+00,on,32.70656967163086,72.6680374145508,0,0
dc:b4:d9:13:ed:8c,2026-05-25 17:07:46+00,on,32.66384506225586,72.66956329345703,0,0
dc:b4:d9:13:ed:8c,2026-05-25 17:07:51+00,on,32.65049362182617,72.8145294189453,0,0
dc:b4:d9:13:ed:8c,2026-05-25 17:07:56+00,on,32.69321823120117,72.7931671142578,0,0
dc:b4:d9:13:ed:8c,2026-05-25 17:08:01+00,on,32.637142181396484,72.7046585083008,0,0
dc:b4:d9:13:ed:8c,2026-05-25 17:08:06+00,on,32.66384506225586,72.76417541503906,0,0
dc:b4:d9:13:ed:8c,2026-05-25 17:08:11+00,on,32.66384506225586,72.8480987548828,0,0
dc:b4:d9:13:ed:8c,2026-05-25 17:08:16+00,on,32.62378692626953,72.94422912597656,0,0
dc:b4:d9:13:ed:8c,2026-05-25 17:08:21+00,on,32.637142181396484,72.99000549316406,0,0
dc:b4:d9:13:ed:8c,2026-05-25 17:08:26+00,on,32.65049362182617,72.9518585205078,0,0
dc:b4:d9:13:ed:8c,2026-05-25 17:08:31+00,on,32.65049362182617,72.8664093017578,0,0
dc:b4:d9:13:ed:8c,2026-05-25 17:08:36+00,on,32.62378692626953,72.8511505126953,0,0
dc:b4:d9:13:ed:8c,2026-05-25 17:08:41+00,on,32.59441375732422,72.9488067626953,0,0
dc:b4:d9:13:ed:8c,2026-05-25 17:08:47+00,on,32.55168914794922,72.9518585205078,0,0.0989999771118164
dc:b4:d9:13:ed:8c,2026-05-25 17:08:52+00,on,32.58106231689453,72.9152374267578,0,0
dc:b4:d9:13:ed:8c,2026-05-25 17:08:57+00,on,32.567710876464844,72.9335479736328,0,0
dc:b4:d9:13:ed:8c,2026-05-25 17:09:02+00,on,32.55168914794922,72.99305725097656,0,0
dc:b4:d9:13:ed:8c,2026-05-25 17:09:07+00,on,32.58106231689453,72.9671173095703,0,0
dc:b4:d9:13:ed:8c,2026-05-25 17:09:12+00,on,32.58106231689453,72.9579620361328,0,0
dc:b4:d9:13:ed:8c,2026-05-25 17:09:17+00,on,32.59441375732422,73.0220489501953,0,0
dc:b4:d9:13:ed:8c,2026-05-25 17:09:22+00,on,32.58106231689453,73.0617218017578,0,0
dc:b4:d9:13:ed:8c,2026-05-25 17:09:27+00,on,32.58106231689453,73.0952911376953,0,0
dc:b4:d9:13:ed:8c,2026-05-25 17:09:32+00,on,32.62378692626953,73.21888732910156,0,0
dc:b4:d9:13:ed:8c,2026-05-25 17:09:37+00,on,32.6077651977539,73.3012924194336,0,0
dc:b4:d9:13:ed:8c,2026-05-25 17:09:42+00,on,32.62378692626953,73.32418060302734,0,0
dc:b4:d9:13:ed:8c,2026-05-25 17:09:47+00,on,32.58106231689453,73.32723236083984,0,0
dc:b4:d9:13:ed:8c,2026-05-25 17:09:52+00,on,32.6077651977539,73.3226547241211,0,0
dc:b4:d9:13:ed:8c,2026-05-25 17:09:57+00,on,32.6077651977539,73.36385345458984,0,0
dc:b4:d9:13:ed:8c,2026-05-25 17:10:02+00,on,32.637142181396484,73.4660873413086,0,0
dc:b4:d9:13:ed:8c,2026-05-25 17:10:07+00,on,32.6077651977539,73.5332260131836,0,0
dc:b4:d9:13:ed:8c,2026-05-25 17:10:13+00,on,32.59441375732422,73.44625091552734,0,0
dc:b4:d9:13:ed:8c,2026-05-25 17:10:18+00,on,32.58106231689453,73.3684310913086,0,0.6281567811965942
dc:b4:d9:13:ed:8c,2026-05-25 17:10:23+00,on,32.58106231689453,73.39131927490234,0,0
dc:b4:d9:13:ed:8c,2026-05-25 17:10:28+00,on,32.59441375732422,73.4020004272461,0,0
dc:b4:d9:13:ed:8c,2026-05-25 17:10:33+00,on,32.59441375732422,73.42488861083984,0,0
dc:b4:d9:13:ed:8c,2026-05-25 17:10:38+00,on,32.6077651977539,73.4691390991211,0,0
dc:b4:d9:13:ed:8c,2026-05-25 17:10:43+00,on,32.6077651977539,73.55306243896484,0,0
dc:b4:d9:13:ed:8c,2026-05-25 17:10:48+00,on,32.59441375732422,73.62630462646484,0,0
dc:b4:d9:13:ed:8c,2026-05-25 17:10:53+00,on,32.6077651977539,73.5881576538086,0,0
dc:b4:d9:13:ed:8c,2026-05-25 17:10:58+00,on,32.59441375732422,73.6034164428711,0,0
dc:b4:d9:13:ed:8c,2026-05-25 17:11:03+00,on,32.6077651977539,73.61714935302734,0,0.0989999771118164
dc:b4:d9:13:ed:8c,2026-05-25 17:11:08+00,on,32.6077651977539,73.6491928100586,0,0
dc:b4:d9:13:ed:8c,2026-05-25 17:11:13+00,on,32.6077651977539,73.62935638427734,0,0
dc:b4:d9:13:ed:8c,2026-05-25 17:11:18+00,on,32.59441375732422,73.5942611694336,0,0
dc:b4:d9:13:ed:8c,2026-05-25 17:11:23+00,on,32.58106231689453,73.5698471069336,0,0
dc:b4:d9:13:ed:8c,2026-05-25 17:11:28+00,on,32.59441375732422,73.48897552490234,0,0
dc:b4:d9:13:ed:8c,2026-05-25 17:11:34+00,on,32.567710876464844,73.48287200927734,0,0
dc:b4:d9:13:ed:8c,2026-05-25 17:11:39+00,on,32.59441375732422,73.4142074584961,0,3.581988573074341
dc:b4:d9:13:ed:8c,2026-05-25 17:11:44+00,on,32.59441375732422,73.42488861083984,6.411627769470215,0
dc:b4:d9:13:ed:8c,2026-05-25 17:11:49+00,on,32.58106231689453,73.40047454833984,0,0
dc:b4:d9:13:ed:8c,2026-05-25 17:11:54+00,on,32.58106231689453,73.3379135131836,0,0
dc:b4:d9:13:ed:8c,2026-05-25 17:11:59+00,on,32.6077651977539,73.3226547241211,0,0
dc:b4:d9:13:ed:8c,2026-05-25 17:12:04+00,on,32.58106231689453,73.2860336303711,0,0
dc:b4:d9:13:ed:8c,2026-05-25 17:12:09+00,on,32.59441375732422,73.28755950927734,0,0
dc:b4:d9:13:ed:8c,2026-05-25 17:12:14+00,on,32.59441375732422,73.2646713256836,0,0
dc:b4:d9:13:ed:8c,2026-05-25 17:12:19+00,on,32.62378692626953,73.26314544677734,0,0.6281567811965942
dc:b4:d9:13:ed:8c,2026-05-25 17:12:24+00,on,32.65049362182617,73.2585678100586,6.411627769470215,0
dc:b4:d9:13:ed:8c,2026-05-25 17:12:29+00,on,32.65049362182617,73.2173614501953,6.411627769470215,0
dc:b4:d9:13:ed:8c,2026-05-25 17:12:34+00,on,32.65049362182617,73.26924896240234,0,0
dc:b4:d9:13:ed:8c,2026-05-25 17:12:39+00,on,32.66384506225586,73.2921371459961,0,0
dc:b4:d9:13:ed:8c,2026-05-25 17:12:44+00,on,32.66384506225586,73.24024963378906,0,0
dc:b4:d9:13:ed:8c,2026-05-25 17:12:49+00,on,32.69321823120117,73.2555160522461,0,0
dc:b4:d9:13:ed:8c,2026-05-25 17:12:55+00,on,32.679866790771484,73.2646713256836,0,0.0989999771118164
dc:b4:d9:13:ed:8c,2026-05-25 17:13:00+00,on,32.66384506225586,73.3226547241211,0,0
dc:b4:d9:13:ed:8c,2026-05-25 17:13:05+00,on,32.69321823120117,73.4050521850586,0,0
dc:b4:d9:13:ed:8c,2026-05-25 17:13:10+00,on,32.66384506225586,73.46150970458984,0,0
dc:b4:d9:13:ed:8c,2026-05-25 17:13:15+00,on,32.70656967163086,73.5149154663086,6.411627769470215,0
dc:b4:d9:13:ed:8c,2026-05-25 17:13:20+00,on,32.70656967163086,73.5027084350586,13.606450080871582,0
dc:b4:d9:13:ed:8c,2026-05-25 17:13:25+00,on,32.69321823120117,73.4782943725586,0,3.581988573074341
dc:b4:d9:13:ed:8c,2026-05-25 17:13:30+00,on,32.71992111206055,73.46456146240234,0,0.6281567811965942
dc:b4:d9:13:ed:8c,2026-05-25 17:13:35+00,on,32.70656967163086,73.39742279052734,0,0
dc:b4:d9:13:ed:8c,2026-05-25 17:13:40+00,on,32.70656967163086,73.39742279052734,0,0
dc:b4:d9:13:ed:8c,2026-05-25 17:13:45+00,on,32.679866790771484,73.4325180053711,0,0
dc:b4:d9:13:ed:8c,2026-05-25 17:13:50+00,on,32.679866790771484,73.4233627319336,0,0
dc:b4:d9:13:ed:8c,2026-05-25 17:13:55+00,on,32.679866790771484,73.4325180053711,0,0
dc:b4:d9:13:ed:8c,2026-05-25 17:14:00+00,on,32.679866790771484,73.39131927490234,0,0
dc:b4:d9:13:ed:8c,2026-05-25 17:14:05+00,on,32.65049362182617,73.3836898803711,0,0
dc:b4:d9:13:ed:8c,2026-05-25 17:14:10+00,on,32.66384506225586,73.3775863647461,0,0
dc:b4:d9:13:ed:8c,2026-05-25 17:14:15+00,on,32.637142181396484,73.3928451538086,0,0
dc:b4:d9:13:ed:8c,2026-05-25 17:14:21+00,on,32.66384506225586,73.3562240600586,0,0
dc:b4:d9:13:ed:8c,2026-05-25 17:14:26+00,on,32.66384506225586,73.2921371459961,0,0
dc:b4:d9:13:ed:8c,2026-05-25 17:14:31+00,on,32.65049362182617,73.13038635253906,0,0
dc:b4:d9:13:ed:8c,2026-05-25 17:14:36+00,on,32.65049362182617,73.1410675048828,0,0
dc:b4:d9:13:ed:8c,2026-05-25 17:14:41+00,on,32.637142181396484,73.22193908691406,13.606450080871582,0
dc:b4:d9:13:ed:8c,2026-05-25 17:14:46+00,on,32.65049362182617,73.27840423583984,0,0
dc:b4:d9:13:ed:8c,2026-05-25 17:14:51+00,on,32.679866790771484,73.36995697021484,0,0
dc:b4:d9:13:ed:8c,2026-05-25 17:14:56+00,on,32.679866790771484,73.4233627319336,6.411627769470215,0
dc:b4:d9:13:ed:8c,2026-05-25 17:15:01+00,on,32.66384506225586,73.48287200927734,0,0
dc:b4:d9:13:ed:8c,2026-05-25 17:15:16+00,on,32.65049362182617,73.5973129272461,44.68018341064453,0
dc:b4:d9:13:ed:8c,2026-05-25 17:15:21+00,on,32.66384506225586,73.62020111083984,0,0
dc:b4:d9:13:ed:8c,2026-05-25 17:15:26+00,on,32.65049362182617,73.6491928100586,0,0
dc:b4:d9:13:ed:8c,2026-05-25 17:15:31+00,on,32.65049362182617,73.6797103881836,0,0
dc:b4:d9:13:ed:8c,2026-05-25 17:15:36+00,on,32.679866790771484,73.6339340209961,0,0
dc:b4:d9:13:ed:8c,2026-05-25 17:15:41+00,on,32.70656967163086,73.62935638427734,0,0
dc:b4:d9:13:ed:8c,2026-05-25 17:15:46+00,on,32.70656967163086,73.60799407958984,0,0
dc:b4:d9:13:ed:8c,2026-05-25 17:15:51+00,on,32.74929428100586,73.5851058959961,0,0
dc:b4:d9:13:ed:8c,2026-05-25 17:15:56+00,on,32.74929428100586,73.5851058959961,0,0
dc:b4:d9:13:ed:8c,2026-05-25 17:16:01+00,on,32.76264572143555,73.5698471069336,0,0
dc:b4:d9:13:ed:8c,2026-05-25 17:16:06+00,on,32.79201889038086,73.56526947021484,0,0
dc:b4:d9:13:ed:8c,2026-05-25 17:16:11+00,on,32.80537033081055,73.54695892333984,0,0
dc:b4:d9:13:ed:8c,2026-05-25 17:16:16+00,on,32.76264572143555,73.52559661865234,0,0
dc:b4:d9:13:ed:8c,2026-05-25 17:16:21+00,on,32.79201889038086,73.54390716552734,0,0
dc:b4:d9:13:ed:8c,2026-05-25 17:16:26+00,on,32.74929428100586,73.50118255615234,0,0
dc:b4:d9:13:ed:8c,2026-05-25 17:16:32+00,on,32.74929428100586,73.55306243896484,0,0
dc:b4:d9:13:ed:8c,2026-05-25 17:16:37+00,on,32.76264572143555,73.5576400756836,0,0
dc:b4:d9:13:ed:8c,2026-05-25 17:16:42+00,on,32.76264572143555,73.52559661865234,0,0
dc:b4:d9:13:ed:8c,2026-05-25 17:16:47+00,on,32.76264572143555,73.47371673583984,0,0
dc:b4:d9:13:ed:8c,2026-05-25 17:16:52+00,on,32.80537033081055,73.4508285522461,0,0
dc:b4:d9:13:ed:8c,2026-05-25 17:16:57+00,on,32.76264572143555,73.3562240600586,0,0
dc:b4:d9:13:ed:8c,2026-05-25 17:17:02+00,on,32.775997161865234,73.31807708740234,0,0
dc:b4:d9:13:ed:8c,2026-05-25 17:17:07+00,on,32.79201889038086,73.29061126708984,0,0
dc:b4:d9:13:ed:8c,2026-05-25 17:17:12+00,on,32.71992111206055,73.25093841552734,0,0
dc:b4:d9:13:ed:8c,2026-05-25 17:17:17+00,on,32.775997161865234,73.2860336303711,0,0
dc:b4:d9:13:ed:8c,2026-05-25 17:17:22+00,on,32.79201889038086,73.3104476928711,0,0
dc:b4:d9:13:ed:8c,2026-05-25 17:17:27+00,on,32.74929428100586,73.23719787597656,0,0
dc:b4:d9:13:ed:8c,2026-05-25 17:17:32+00,on,32.76264572143555,73.2417755126953,0,0
dc:b4:d9:13:ed:8c,2026-05-25 17:17:37+00,on,32.775997161865234,73.22193908691406,0,0
dc:b4:d9:13:ed:8c,2026-05-25 17:17:42+00,on,32.775997161865234,73.20973205566406,0,0
dc:b4:d9:13:ed:8c,2026-05-25 17:17:47+00,on,32.775997161865234,73.14869689941406,0,0
dc:b4:d9:13:ed:8c,2026-05-25 17:17:52+00,on,32.80537033081055,73.1349639892578,0,0
dc:b4:d9:13:ed:8c,2026-05-25 17:17:58+00,on,32.818721771240234,73.1044464111328,0,0
dc:b4:d9:13:ed:8c,2026-05-25 17:18:03+00,on,32.76264572143555,73.0617218017578,0,0
dc:b4:d9:13:ed:8c,2026-05-25 17:18:08+00,on,32.74929428100586,72.9945831298828,0,0
dc:b4:d9:13:ed:8c,2026-05-25 17:18:13+00,on,32.73594284057617,72.9701690673828,0,0
dc:b4:d9:13:ed:8c,2026-05-25 17:18:18+00,on,32.71992111206055,72.9976348876953,0,0
dc:b4:d9:13:ed:8c,2026-05-25 17:18:23+00,on,32.71992111206055,72.9884796142578,0,0
dc:b4:d9:13:ed:8c,2026-05-25 17:18:28+00,on,32.74929428100586,73.03578186035156,0,0
dc:b4:d9:13:ed:8c,2026-05-25 17:18:33+00,on,32.73594284057617,72.99305725097656,0,0
dc:b4:d9:13:ed:8c,2026-05-25 17:18:38+00,on,32.73594284057617,72.9488067626953,0,0
dc:b4:d9:13:ed:8c,2026-05-25 17:18:43+00,on,32.76264572143555,72.9121856689453,0,0
dc:b4:d9:13:ed:8c,2026-05-25 17:18:48+00,on,32.74929428100586,72.9304962158203,0,0
dc:b4:d9:13:ed:8c,2026-05-25 17:18:53+00,on,32.76264572143555,72.9884796142578,0,0
dc:b4:d9:13:ed:8c,2026-05-25 17:18:58+00,on,32.76264572143555,72.94422912597656,0,0
dc:b4:d9:13:ed:8c,2026-05-25 17:19:03+00,on,32.80537033081055,72.96559143066406,0,0
dc:b4:d9:13:ed:8c,2026-05-25 17:19:08+00,on,32.775997161865234,72.99000549316406,0,0
dc:b4:d9:13:ed:8c,2026-05-25 17:19:13+00,on,32.775997161865234,72.99000549316406,0,0
dc:b4:d9:13:ed:8c,2026-05-25 17:19:18+00,on,32.79201889038086,72.96253967285156,0,0
dc:b4:d9:13:ed:8c,2026-05-25 17:19:24+00,on,32.79201889038086,72.8877716064453,0,0
dc:b4:d9:13:ed:8c,2026-05-25 17:19:29+00,on,32.74929428100586,72.8786163330078,0,0
dc:b4:d9:13:ed:8c,2026-05-25 17:19:34+00,on,32.76264572143555,72.89234924316406,0,0
dc:b4:d9:13:ed:8c,2026-05-25 17:19:39+00,on,32.775997161865234,72.9152374267578,0,0
dc:b4:d9:13:ed:8c,2026-05-25 17:19:44+00,on,32.79201889038086,72.91981506347656,0,0
dc:b4:d9:13:ed:8c,2026-05-25 17:19:49+00,on,32.80537033081055,72.88014221191406,0,0
dc:b4:d9:13:ed:8c,2026-05-25 17:19:54+00,on,32.80537033081055,72.88014221191406,0,0
dc:b4:d9:13:ed:8c,2026-05-25 17:19:59+00,on,32.80537033081055,72.8603057861328,0,0
dc:b4:d9:13:ed:8c,2026-05-25 17:20:04+00,on,32.818721771240234,72.9030303955078,0,0
dc:b4:d9:13:ed:8c,2026-05-25 17:20:09+00,on,32.818721771240234,72.8938751220703,0,0
dc:b4:d9:13:ed:8c,2026-05-25 17:20:14+00,on,32.80537033081055,72.90150451660156,0,0
dc:b4:d9:13:ed:8c,2026-05-25 17:20:19+00,on,32.775997161865234,72.9579620361328,0,0
dc:b4:d9:13:ed:8c,2026-05-25 17:20:24+00,on,32.80537033081055,72.97474670410156,0,0
dc:b4:d9:13:ed:8c,2026-05-25 17:20:29+00,on,32.79201889038086,73.04798889160156,0,0
dc:b4:d9:13:ed:8c,2026-05-25 17:20:34+00,on,32.775997161865234,73.05409240722656,0,0
dc:b4:d9:13:ed:8c,2026-05-25 17:20:39+00,on,32.76264572143555,73.0525665283203,0,0
dc:b4:d9:13:ed:8c,2026-05-25 17:20:45+00,on,32.73594284057617,73.0769805908203,0,0
dc:b4:d9:13:ed:8c,2026-05-25 17:20:50+00,on,32.71992111206055,73.1258087158203,0,0
dc:b4:d9:13:ed:8c,2026-05-25 17:20:55+00,on,32.74929428100586,73.19447326660156,0,0
dc:b4:d9:13:ed:8c,2026-05-25 17:21:00+00,on,32.74929428100586,73.2051544189453,0,0
dc:b4:d9:13:ed:8c,2026-05-25 17:21:05+00,on,32.71992111206055,73.24024963378906,0,0
dc:b4:d9:13:ed:8c,2026-05-25 17:21:10+00,on,32.73594284057617,73.2234649658203,0,0
dc:b4:d9:13:ed:8c,2026-05-25 17:21:15+00,on,32.71992111206055,73.2951889038086,0,0
dc:b4:d9:13:ed:8c,2026-05-25 17:21:20+00,on,32.76264572143555,73.2951889038086,0,0
dc:b4:d9:13:ed:8c,2026-05-25 17:21:25+00,on,32.76264572143555,73.31502532958984,0,0
dc:b4:d9:13:ed:8c,2026-05-25 17:21:30+00,on,32.71992111206055,73.26314544677734,0,0
dc:b4:d9:13:ed:8c,2026-05-25 17:21:35+00,on,32.74929428100586,73.2173614501953,0,0
dc:b4:d9:13:ed:8c,2026-05-25 17:21:40+00,on,32.74929428100586,73.2173614501953,0,0
dc:b4:d9:13:ed:8c,2026-05-25 17:21:45+00,on,32.70656967163086,73.27230072021484,0,0
dc:b4:d9:13:ed:8c,2026-05-25 17:21:50+00,on,32.71992111206055,73.2860336303711,0,0
dc:b4:d9:13:ed:8c,2026-05-25 17:21:55+00,on,32.70656967163086,73.29061126708984,0,0
dc:b4:d9:13:ed:8c,2026-05-25 17:22:00+00,on,32.73594284057617,73.2356719970703,0,0
dc:b4:d9:13:ed:8c,2026-05-25 17:22:05+00,on,32.71992111206055,73.1868438720703,0,0
dc:b4:d9:13:ed:8c,2026-05-25 17:22:11+00,on,32.74929428100586,73.18531799316406,0,0
dc:b4:d9:13:ed:8c,2026-05-25 17:22:16+00,on,32.73594284057617,73.1715850830078,0,0
dc:b4:d9:13:ed:8c,2026-05-25 17:22:21+00,on,32.76264572143555,73.1776885986328,0,0
dc:b4:d9:13:ed:8c,2026-05-25 17:22:26+00,on,32.73594284057617,73.1593780517578,0,0
dc:b4:d9:13:ed:8c,2026-05-25 17:22:31+00,on,32.70656967163086,73.22804260253906,0,0
dc:b4:d9:13:ed:8c,2026-05-25 17:22:36+00,on,32.679866790771484,73.2646713256836,0,0
dc:b4:d9:13:ed:8c,2026-05-25 17:22:41+00,on,32.69321823120117,73.3409652709961,0,0
dc:b4:d9:13:ed:8c,2026-05-25 17:22:46+00,on,32.66384506225586,73.40962982177734,0,0
dc:b4:d9:13:ed:8c,2026-05-25 17:22:51+00,on,32.66384506225586,73.3867416381836,0,0
dc:b4:d9:13:ed:8c,2026-05-25 17:22:56+00,on,32.70656967163086,73.40657806396484,0,0
dc:b4:d9:13:ed:8c,2026-05-25 17:23:01+00,on,32.69321823120117,73.35164642333984,0,0
dc:b4:d9:13:ed:8c,2026-05-25 17:23:06+00,on,32.70656967163086,73.33333587646484,0,0
dc:b4:d9:13:ed:8c,2026-05-25 17:23:11+00,on,32.71992111206055,73.33638763427734,0,0
dc:b4:d9:13:ed:8c,2026-05-25 17:23:16+00,on,32.73594284057617,73.29671478271484,0,0
dc:b4:d9:13:ed:8c,2026-05-25 17:23:21+00,on,32.775997161865234,73.2738265991211,0,0
dc:b4:d9:13:ed:8c,2026-05-25 17:23:26+00,on,32.73594284057617,73.21278381347656,0,0
dc:b4:d9:13:ed:8c,2026-05-25 17:23:31+00,on,32.73594284057617,73.2234649658203,0,0
dc:b4:d9:13:ed:8c,2026-05-25 17:23:37+00,on,32.74929428100586,73.23719787597656,0,0
dc:b4:d9:13:ed:8c,2026-05-25 17:23:42+00,on,32.76264572143555,73.1959991455078,0,0
dc:b4:d9:13:ed:8c,2026-05-25 17:23:47+00,on,32.73594284057617,73.1074981689453,0,0
dc:b4:d9:13:ed:8c,2026-05-25 17:23:52+00,on,32.775997161865234,73.1166534423828,0,0
dc:b4:d9:13:ed:8c,2026-05-25 17:23:57+00,on,32.775997161865234,73.0952911376953,0,0
dc:b4:d9:13:ed:8c,2026-05-25 17:24:02+00,on,32.73594284057617,73.0220489501953,0,0
dc:b4:d9:13:ed:8c,2026-05-25 17:24:07+00,on,32.775997161865234,73.00221252441406,13.606450080871582,0
dc:b4:d9:13:ed:8c,2026-05-25 17:24:12+00,on,32.775997161865234,72.9671173095703,0,0
dc:b4:d9:13:ed:8c,2026-05-25 17:24:17+00,on,32.79201889038086,72.9518585205078,0,0
dc:b4:d9:13:ed:8c,2026-05-25 17:24:22+00,on,32.775997161865234,72.92591857910156,0,0
dc:b4:d9:13:ed:8c,2026-05-25 17:24:27+00,on,32.74929428100586,72.90760803222656,0,0
dc:b4:d9:13:ed:8c,2026-05-25 17:24:32+00,on,32.74929428100586,72.98390197753906,0,0
dc:b4:d9:13:ed:8c,2026-05-25 17:25:07+00,on,32.73594284057617,73.2677230834961,0,0
dc:b4:d9:13:ed:8c,2026-05-25 17:25:12+00,on,32.74929428100586,73.28145599365234,0,0
dc:b4:d9:13:ed:8c,2026-05-25 17:25:17+00,on,32.74929428100586,73.3226547241211,0,0
dc:b4:d9:13:ed:8c,2026-05-25 17:25:22+00,on,32.69321823120117,73.29976654052734,0,0
dc:b4:d9:13:ed:8c,2026-05-25 17:25:27+00,on,32.71992111206055,73.32723236083984,0,0
dc:b4:d9:13:ed:8c,2026-05-25 17:25:32+00,on,32.73594284057617,73.4660873413086,0,0
dc:b4:d9:13:ed:8c,2026-05-25 17:25:37+00,on,32.74929428100586,73.50118255615234,0,0
dc:b4:d9:13:ed:8c,2026-05-25 17:25:42+00,on,32.775997161865234,73.45540618896484,0,0
dc:b4:d9:13:ed:8c,2026-05-25 17:25:47+00,on,32.775997161865234,73.4233627319336,0,0
dc:b4:d9:13:ed:8c,2026-05-25 17:25:52+00,on,32.74929428100586,73.47066497802734,0,0
dc:b4:d9:13:ed:8c,2026-05-25 17:25:57+00,on,32.73594284057617,73.58358001708984,0,0
dc:b4:d9:13:ed:8c,2026-05-25 17:26:02+00,on,32.70656967163086,73.52559661865234,0,0.6281567811965942
dc:b4:d9:13:ed:8c,2026-05-25 17:26:07+00,on,32.71992111206055,73.4843978881836,0,0
dc:b4:d9:13:ed:8c,2026-05-25 17:26:40+00,on,32.65049362182617,73.6583480834961,0,0
dc:b4:d9:13:ed:8c,2026-05-25 17:26:45+00,on,32.70656967163086,73.7041244506836,0,0
dc:b4:d9:13:ed:8c,2026-05-25 17:26:50+00,on,32.65049362182617,73.7437973022461,0,0
dc:b4:d9:13:ed:8c,2026-05-25 17:26:55+00,on,32.65049362182617,73.7224349975586,0,0
dc:b4:d9:13:ed:8c,2026-05-25 17:27:00+00,on,32.65049362182617,73.7224349975586,0,0
dc:b4:d9:13:ed:8c,2026-05-25 17:27:05+00,on,32.69321823120117,73.71175384521484,0,0
dc:b4:d9:13:ed:8c,2026-05-25 17:27:10+00,on,32.679866790771484,73.6858139038086,0,0
dc:b4:d9:13:ed:8c,2026-05-25 17:27:15+00,on,32.679866790771484,73.7407455444336,0,0
dc:b4:d9:13:ed:8c,2026-05-25 17:27:20+00,on,32.679866790771484,73.7407455444336,0,0
dc:b4:d9:13:ed:8c,2026-05-25 17:27:25+00,on,32.679866790771484,73.78195190429688,0,0
dc:b4:d9:13:ed:8c,2026-05-25 17:27:30+00,on,32.69321823120117,73.78500366210938,0,0
dc:b4:d9:13:ed:8c,2026-05-25 17:27:35+00,on,32.69321823120117,73.77279663085938,0,0
dc:b4:d9:13:ed:8c,2026-05-25 17:27:40+00,on,32.65049362182617,73.76364135742188,0,0
dc:b4:d9:13:ed:8c,2026-05-25 17:27:45+00,on,32.70656967163086,73.81857299804688,0,0
dc:b4:d9:13:ed:8c,2026-05-25 17:27:50+00,on,32.70656967163086,73.85061645507812,0,0
dc:b4:d9:13:ed:8c,2026-05-25 17:27:56+00,on,32.70656967163086,73.80941772460938,0,0
dc:b4:d9:13:ed:8c,2026-05-25 17:28:01+00,on,32.71992111206055,73.84451293945312,0,0
dc:b4:d9:13:ed:8c,2026-05-25 17:28:06+00,on,32.71992111206055,73.82162475585938,0,0
dc:b4:d9:13:ed:8c,2026-05-25 17:28:11+00,on,32.74929428100586,73.83993530273438,0,0
dc:b4:d9:13:ed:8c,2026-05-25 17:28:23+00,on,32.73594284057617,73.84909057617188,0,0
dc:b4:d9:13:ed:8c,2026-05-25 17:28:28+00,on,32.71992111206055,73.86740112304688,0,0
dc:b4:d9:13:ed:8c,2026-05-25 17:28:33+00,on,32.73594284057617,73.89028930664062,0,0
dc:b4:d9:13:ed:8c,2026-05-25 17:28:38+00,on,32.76264572143555,73.83230590820312,13.606450080871582,0
dc:b4:d9:13:ed:8c,2026-05-25 17:28:43+00,on,32.76264572143555,73.85366821289062,0,3.581988573074341
dc:b4:d9:13:ed:8c,2026-05-25 17:28:48+00,on,32.73594284057617,73.90097045898438,0,0
dc:b4:d9:13:ed:8c,2026-05-25 17:28:53+00,on,32.74929428100586,73.96810913085938,0,0
dc:b4:d9:13:ed:8c,2026-05-25 17:28:58+00,on,32.74929428100586,73.96810913085938,0,0
dc:b4:d9:13:ed:8c,2026-05-25 17:29:03+00,on,32.71992111206055,73.99252319335938,0,0
dc:b4:d9:13:ed:8c,2026-05-25 17:29:08+00,on,32.73594284057617,73.95437622070312,0,0
dc:b4:d9:13:ed:8c,2026-05-25 17:29:13+00,on,32.76264572143555,73.96047973632812,0,0
dc:b4:d9:13:ed:8c,2026-05-25 17:29:18+00,on,32.73594284057617,73.93148803710938,0,0
dc:b4:d9:13:ed:8c,2026-05-25 17:29:23+00,on,32.76264572143555,73.94979858398438,0,0
dc:b4:d9:13:ed:8c,2026-05-25 17:29:28+00,on,32.71992111206055,73.94979858398438,0,0
